model,n,mse,rmse,mae,oos_r2,gain_vs_cvj_pct,gain_vs_tfidf_pct,gain_vs_mention_counts_pct
cvj,99,16.811187499199296,4.100144814418059,2.9070273825795794,0.32388599687458364,0.0,20.986752666408037,32.401208110100384
cvj_joint,99,16.59251550111014,4.073391154935914,2.8809495827220126,0.33268056894193676,1.3007528355719833,22.01451972157724,33.280501312420654
cvj_ols,99,16.89898786190139,4.110837854002684,2.9152911394753,0.3203548331953252,-0.5222734129059825,20.57408748291103,32.04815759261379
flash,99,12.675528820868672,3.5602708915009083,2.5689751241433,0.49021432702375756,24.60063382510963,40.424512316273194,49.0309393731325
flash_masked,99,13.187002253621639,3.631391228389147,2.644465216091189,0.4696438378701878,21.558175148247404,38.02056691690171,46.974274063824204
gemini,99,12.402822272135657,3.5217640852470025,2.5512198307683804,0.5011820659982458,26.222806849745783,41.70624390040777,50.127508740150375
gemini_masked,99,12.371444682994712,3.5173064528122526,2.5561802340014825,0.502444012984651,26.409453921182223,41.853719812602755,50.253679905539286
gemini_pca3,99,12.998144423288107,3.605293944089456,2.628111596905028,0.47723934078718677,22.681580799053012,38.90820620233231,47.73368271179167
gemini_refreshed,99,12.40282224848461,3.521764081889162,2.5512198271479756,0.5011820669494459,26.222806990432133,41.70624401156863,50.127508835252655
historical_mean,99,24.86442733250252,4.986424303296152,3.7756663979532967,0.0,-47.90405099988797,-16.86379363294348,0.01864836785473445
length_only,99,24.863754080359094,4.986356794329813,3.7754752874867714,2.707692135528461e-05,-47.90004621353094,-16.86062932119401,0.02135555504987341
mention_counts,99,24.8690650072271,4.9868893117079605,3.7764611570740763,-0.00018651846119621673,-47.93163783588514,-16.885590887901447,0.0
signed_counts,99,27.639482649796186,5.257326568684523,3.862046451629447,-0.11160744947727563,-64.41124489934238,-29.906663576554983,-11.140015283099647
tfidf,99,21.276416381449152,4.612636597592439,3.357059145558363,0.14430297963722483,-26.5610557401881,0.0,14.44625531653041
tfidf_masked,99,21.338471118371682,4.619358301579526,3.367080271436253,0.14180725608434763,-26.93018336383446,-0.2916597222483164,14.196729502413563
