meeting_date,source_path,sha256,total_phrase_hits_with_direction_or_ambiguous,classified_positive_negative,unclassified_or_ambiguous,section_assignment_method
2000-02-02,/mnt/data/FOMC_CVJ_Benchmark_Update_20260919/data/minutes/Minutes/2000/fomcminutes20000202.txt,07e29a123bbc22e51529fda15f28d62624e2913fe2b2d2bbd879533b6f650239,6,6,0,unavailable_original_manual_assignment
2000-03-21,/mnt/data/FOMC_CVJ_Benchmark_Update_20260919/data/minutes/Minutes/2000/fomcminutes20000321.txt,101277847bd12c07fec4322be2f08006ea6b8434227bca6927e8fcd39b0b197d,3,3,0,unavailable_original_manual_assignment
2000-05-16,/mnt/data/FOMC_CVJ_Benchmark_Update_20260919/data/minutes/Minutes/2000/fomcminutes20000516.txt,6091faf96add5230b37c7e64afbb2a6639eb5b2dccb2fe712734adf8c6eef0bd,8,8,0,unavailable_original_manual_assignment
2000-06-28,/mnt/data/FOMC_CVJ_Benchmark_Update_20260919/data/minutes/Minutes/2000/fomcminutes20000628.txt,800c8c9cb93bc681d995d51063485877205f951341afea48c8eb1acedb68d210,6,6,0,unavailable_original_manual_assignment
2000-08-22,/mnt/data/FOMC_CVJ_Benchmark_Update_20260919/data/minutes/Minutes/2000/fomcminutes20000822.txt,558cf2cc9374e8017d18ab08bd90b49f325e3030d7276bc693e69f99e9714c10,4,4,0,unavailable_original_manual_assignment
2000-10-03,/mnt/data/FOMC_CVJ_Benchmark_Update_20260919/data/minutes/Minutes/2000/fomcminutes20001003.txt,fb2b0c1d0da1901b8f986b4905d88d1cf994fb8ae2f0153b330b7be13edc03fd,4,4,0,unavailable_original_manual_assignment
2000-11-15,/mnt/data/FOMC_CVJ_Benchmark_Update_20260919/data/minutes/Minutes/2000/fomcminutes20001115.txt,dda1afa072dad9b714d55ad1a4f1e0390ded641d610274b1ab7856988228f92f,4,4,0,unavailable_original_manual_assignment
2000-12-19,/mnt/data/FOMC_CVJ_Benchmark_Update_20260919/data/minutes/Minutes/2000/fomcminutes20001219.txt,5b9c4304bf3096035ea33fe978c9cdda1a0767d76afd0e483c2fa28355a013d0,8,8,0,unavailable_original_manual_assignment
2001-01-31,/mnt/data/FOMC_CVJ_Benchmark_Update_20260919/data/minutes/Minutes/2001/fomcminutes20010131.txt,2f7f7f4bbb6cf828942d928eef8f6d4da5516d1eebd51b6f40387808b0d2f225,5,5,0,unavailable_original_manual_assignment
2001-03-20,/mnt/data/FOMC_CVJ_Benchmark_Update_20260919/data/minutes/Minutes/2001/fomcminutes20010320.txt,996e75e072c4de16c410866c42ac195115d4f48edf3cb0f9db7ebf074d59b964,7,7,0,unavailable_original_manual_assignment
2001-05-15,/mnt/data/FOMC_CVJ_Benchmark_Update_20260919/data/minutes/Minutes/2001/fomcminutes20010515.txt,00b18add92cb055ce1ee5a7dc719e131c5ac2a76265436a39700657ee8d478b0,9,9,0,unavailable_original_manual_assignment
2001-06-27,/mnt/data/FOMC_CVJ_Benchmark_Update_20260919/data/minutes/Minutes/2001/fomcminutes20010627.txt,2786ceb8d8a298c1e6b3acffd9f87d87efea8223cbef6c089f1ce14c66c07665,9,9,0,unavailable_original_manual_assignment
2001-08-21,/mnt/data/FOMC_CVJ_Benchmark_Update_20260919/data/minutes/Minutes/2001/fomcminutes20010821.txt,8d156e6da3ece10d9e8212eefb291b2a754b8bd25175eabea43b0d8b193a2fcd,7,7,0,unavailable_original_manual_assignment
2001-10-02,/mnt/data/FOMC_CVJ_Benchmark_Update_20260919/data/minutes/Minutes/2001/fomcminutes20011002.txt,25afa0fa7f6de54c92e3d22f2a73f700b061f053cce0db3dfc03f2a531484b62,6,6,0,unavailable_original_manual_assignment
2001-11-06,/mnt/data/FOMC_CVJ_Benchmark_Update_20260919/data/minutes/Minutes/2001/fomcminutes20011106.txt,7c87453a29db67f3720284425ea314b252db51bb06d1b4a1361f8cef4af844f5,3,3,0,unavailable_original_manual_assignment
2001-12-11,/mnt/data/FOMC_CVJ_Benchmark_Update_20260919/data/minutes/Minutes/2001/fomcminutes20011211.txt,561d1ba98473705e638ae2f7da787ae27ec40807a099c6c10781a92575e85baa,2,2,0,unavailable_original_manual_assignment
2002-01-30,/mnt/data/FOMC_CVJ_Benchmark_Update_20260919/data/minutes/Minutes/2002/fomcminutes20020130.txt,9083f67f00e3333ae8aa8eb88949f6fedb1f0e0cb00dbce1840df24bcbee30d6,5,5,0,unavailable_original_manual_assignment
2002-03-19,/mnt/data/FOMC_CVJ_Benchmark_Update_20260919/data/minutes/Minutes/2002/fomcminutes20020319.txt,6f38689fcc5e38654206fa7e062d368068b1d1aebb47ea24cbdceebbfeda6aed,2,2,0,unavailable_original_manual_assignment
2002-05-07,/mnt/data/FOMC_CVJ_Benchmark_Update_20260919/data/minutes/Minutes/2002/fomcminutes20020507.txt,90fd755dea09a948535793b14a4aa0bc241775aa1d61024d2dccc851b2a42617,1,1,0,unavailable_original_manual_assignment
2002-06-26,/mnt/data/FOMC_CVJ_Benchmark_Update_20260919/data/minutes/Minutes/2002/fomcminutes20020626.txt,4bb5683d6daea257e13e2a5e711ac60657f3a927f5512054a2b06a7699a095bb,4,4,0,unavailable_original_manual_assignment
2002-08-13,/mnt/data/FOMC_CVJ_Benchmark_Update_20260919/data/minutes/Minutes/2002/fomcminutes20020813.txt,04db9ab6db4f91317b339d7a0baa329dac8aeffce2699a3f0522e8aeae3a748a,5,5,0,unavailable_original_manual_assignment
2002-09-24,/mnt/data/FOMC_CVJ_Benchmark_Update_20260919/data/minutes/Minutes/2002/fomcminutes20020924.txt,3af088f2c14df5d46346344fe0a4d17d39e732bcf76e5fc11e24b0840f7a622a,4,4,0,unavailable_original_manual_assignment
2002-11-06,/mnt/data/FOMC_CVJ_Benchmark_Update_20260919/data/minutes/Minutes/2002/fomcminutes20021106.txt,3329c2e6bb4df1c262d2930bace3bcfceeacfa5fedc45f00fa72cb20da8ea08e,3,3,0,unavailable_original_manual_assignment
2002-12-10,/mnt/data/FOMC_CVJ_Benchmark_Update_20260919/data/minutes/Minutes/2002/fomcminutes20021210.txt,0ec0ddf529b23fc188f70391ee806a0942842338ce15ce914e324e4878de3d90,1,1,0,unavailable_original_manual_assignment
2003-01-29,/mnt/data/FOMC_CVJ_Benchmark_Update_20260919/data/minutes/Minutes/2003/fomcminutes20030129.txt,0aaa0ecd40818313c3ab524b6247d48ab47ec468fc9577f8bca69cab6b24dc70,2,2,0,unavailable_original_manual_assignment
2003-03-18,/mnt/data/FOMC_CVJ_Benchmark_Update_20260919/data/minutes/Minutes/2003/fomcminutes20030318.txt,a887983d651dfda73c7e18027b6ebeea67dcae38b0a220006c3723cdf923188a,2,2,0,unavailable_original_manual_assignment
2003-05-06,/mnt/data/FOMC_CVJ_Benchmark_Update_20260919/data/minutes/Minutes/2003/fomcminutes20030506.txt,947dd04b9d3129a862819b0cde43b1360f32f6661647f7b856cd6799ae4855c6,1,1,0,unavailable_original_manual_assignment
2003-06-25,/mnt/data/FOMC_CVJ_Benchmark_Update_20260919/data/minutes/Minutes/2003/fomcminutes20030625.txt,882375dafa49cbfd1a52f28790f25014339d0751ce9d61dbb3193dc41f10c2bd,3,3,0,unavailable_original_manual_assignment
2003-08-12,/mnt/data/FOMC_CVJ_Benchmark_Update_20260919/data/minutes/Minutes/2003/fomcminutes20030812.txt,62ac086fe473e9386e3017bdd0064eb13262eac932342920c649c1fbfc5b646c,1,1,0,unavailable_original_manual_assignment
2003-09-16,/mnt/data/FOMC_CVJ_Benchmark_Update_20260919/data/minutes/Minutes/2003/fomcminutes20030916.txt,32333b027ab48c1aaaf650e560219a9ab8ad0b1212d200600e451678730b5c0c,1,1,0,unavailable_original_manual_assignment
2003-10-28,/mnt/data/FOMC_CVJ_Benchmark_Update_20260919/data/minutes/Minutes/2003/fomcminutes20031028.txt,4eb4e796eb0f1634c7f9097091ddf08e9f4f223370661797611a6a02a0d7aa3a,1,1,0,unavailable_original_manual_assignment
2003-12-09,/mnt/data/FOMC_CVJ_Benchmark_Update_20260919/data/minutes/Minutes/2003/fomcminutes20031209.txt,89dedd0ace1b32d5b015929fc32a421a71c3bfcb0fcb1dc5b51b279d33f306ab,3,3,0,unavailable_original_manual_assignment
2004-01-28,/mnt/data/FOMC_CVJ_Benchmark_Update_20260919/data/minutes/Minutes/2004/fomcminutes20040128.txt,0b074e9fd15d7e0e6d27bdd1c486cb47aee8506506a98c2a6eb4fd866395900e,2,2,0,unavailable_original_manual_assignment
2004-03-16,/mnt/data/FOMC_CVJ_Benchmark_Update_20260919/data/minutes/Minutes/2004/fomcminutes20040316.txt,38e9315dd2274875d36730fead2baa7919b59e73d5b84dfc1b25c6694a73137a,6,6,0,unavailable_original_manual_assignment
2004-05-04,/mnt/data/FOMC_CVJ_Benchmark_Update_20260919/data/minutes/Minutes/2004/fomcminutes20040504.txt,2f05ac86317e34a87ee803cc2df8d5998187698c0f3596fdf2cce7eee0f39bd8,0,0,0,unavailable_original_manual_assignment
2004-06-30,/mnt/data/FOMC_CVJ_Benchmark_Update_20260919/data/minutes/Minutes/2004/fomcminutes20040630.txt,54bdf49f50830ab252661b1d3f8ad392f0bcdc977250bf9f0787cc25d59a4706,1,1,0,unavailable_original_manual_assignment
2004-08-10,/mnt/data/FOMC_CVJ_Benchmark_Update_20260919/data/minutes/Minutes/2004/fomcminutes20040810.txt,fac04d543df65a35a48d5c47e4e8aea935f802ae0b82d62a74282da39580f8fb,1,1,0,unavailable_original_manual_assignment
2004-09-21,/mnt/data/FOMC_CVJ_Benchmark_Update_20260919/data/minutes/Minutes/2004/fomcminutes20040921.txt,9b875a61602534ab508a47dfa45f45349db2fa6d4fe84fc00142b45978a96eb1,0,0,0,unavailable_original_manual_assignment
2004-11-10,/mnt/data/FOMC_CVJ_Benchmark_Update_20260919/data/minutes/Minutes/2004/fomcminutes20041110.txt,6c09e9c154e2a96b108d2ba3917cacb0d81e134376fa0f221486fad02b8c9e52,0,0,0,unavailable_original_manual_assignment
2004-12-14,/mnt/data/FOMC_CVJ_Benchmark_Update_20260919/data/minutes/Minutes/2004/fomcminutes20041214.txt,fd7f31fbd6d8080059421bc0ddf3bd2df1479f8514227d66a8ac5c9ba983ba0a,3,3,0,unavailable_original_manual_assignment
2005-02-02,/mnt/data/FOMC_CVJ_Benchmark_Update_20260919/data/minutes/Minutes/2005/fomcminutes20050202.txt,9a7e3235ec5fd578e5525a1538de24298387ceb0c1b1a18281509d563dd558f6,2,2,0,unavailable_original_manual_assignment
2005-03-22,/mnt/data/FOMC_CVJ_Benchmark_Update_20260919/data/minutes/Minutes/2005/fomcminutes20050322.txt,86107f997f0612ff9aab361b4898bcd2e0c03bc3a106978bd740d9e5501e3abb,3,3,0,unavailable_original_manual_assignment
2005-05-03,/mnt/data/FOMC_CVJ_Benchmark_Update_20260919/data/minutes/Minutes/2005/fomcminutes20050503.txt,5a39eacb64eddb99d0fd161ab83a6db448b0eff3a20c0a4de6ad0b3079e21d0d,2,2,0,unavailable_original_manual_assignment
2005-06-30,/mnt/data/FOMC_CVJ_Benchmark_Update_20260919/data/minutes/Minutes/2005/fomcminutes20050630.txt,04879b26ab53a38f608f7d05509f3d333fa7e491a4eb593c4688c7e3e9e6e26d,3,3,0,unavailable_original_manual_assignment
2005-08-09,/mnt/data/FOMC_CVJ_Benchmark_Update_20260919/data/minutes/Minutes/2005/fomcminutes20050809.txt,5883262a8d97b853253b0ae44acee2ecc09aa9ad0db41071c2bed8fa0a4572ba,1,1,0,unavailable_original_manual_assignment
2005-09-20,/mnt/data/FOMC_CVJ_Benchmark_Update_20260919/data/minutes/Minutes/2005/fomcminutes20050920.txt,936ae23c0558c3a58bb4564cba3f6fc53a4454afd1ef007e16f2fe030d1dd5b0,0,0,0,unavailable_original_manual_assignment
2005-11-01,/mnt/data/FOMC_CVJ_Benchmark_Update_20260919/data/minutes/Minutes/2005/fomcminutes20051101.txt,0ed872ba315dc77a47ee1aa9c06d01308c8a6ec20e87d33a9025a305a30ad675,0,0,0,unavailable_original_manual_assignment
2005-12-13,/mnt/data/FOMC_CVJ_Benchmark_Update_20260919/data/minutes/Minutes/2005/fomcminutes20051213.txt,e27c4a766c6a6ea9c10aacb2ed1e4efdee4ab842a65e4cf4e3e0a8e503a300c9,2,2,0,unavailable_original_manual_assignment
2006-01-31,/mnt/data/FOMC_CVJ_Benchmark_Update_20260919/data/minutes/Minutes/2006/fomcminutes20060131.txt,0ce31d3c16b922bbab1685f006b54c0cf126b4c9b61b5654f90079b6b0c360a6,2,2,0,unavailable_original_manual_assignment
2006-03-28,/mnt/data/FOMC_CVJ_Benchmark_Update_20260919/data/minutes/Minutes/2006/fomcminutes20060328.txt,7c676954c9f2ee3a6182d1bba937a3f9b81c95d6e5d6c86df7bce8182bcc18d0,1,1,0,unavailable_original_manual_assignment
2006-05-10,/mnt/data/FOMC_CVJ_Benchmark_Update_20260919/data/minutes/Minutes/2006/fomcminutes20060510.txt,33ab5d16fc9b3d05a6868ca3931fdc6d9401434bf1aeba836677583189635424,3,3,0,unavailable_original_manual_assignment
2006-06-29,/mnt/data/FOMC_CVJ_Benchmark_Update_20260919/data/minutes/Minutes/2006/fomcminutes20060629.txt,58914553e45be00339fec5de8543b0dd4913b545e46adc9e92cbbfdbe4339287,3,3,0,unavailable_original_manual_assignment
2006-08-08,/mnt/data/FOMC_CVJ_Benchmark_Update_20260919/data/minutes/Minutes/2006/fomcminutes20060808.txt,1fbc8613cfe2c43893ba57b6a9775195a3cfb4ac7042dc123c946964c0069008,1,1,0,unavailable_original_manual_assignment
2006-09-20,/mnt/data/FOMC_CVJ_Benchmark_Update_20260919/data/minutes/Minutes/2006/fomcminutes20060920.txt,79d62ed5a0a7653009c72333dc3e89cd562f602d71f12e78788fe5500d9055c1,1,1,0,unavailable_original_manual_assignment
2006-10-25,/mnt/data/FOMC_CVJ_Benchmark_Update_20260919/data/minutes/Minutes/2006/fomcminutes20061025.txt,a0e4e804e5db75dd387fc5e90a020ef7c42124d68b3e7f84c9f47474b4ccbd44,2,2,0,unavailable_original_manual_assignment
2006-12-12,/mnt/data/FOMC_CVJ_Benchmark_Update_20260919/data/minutes/Minutes/2006/fomcminutes20061212.txt,d5de4a57c11839d7648fdc61966e2f31e78bf7deec510ada600cf8eaa6702078,1,1,0,unavailable_original_manual_assignment
2007-01-31,/mnt/data/FOMC_CVJ_Benchmark_Update_20260919/data/minutes/Minutes/2007/fomcminutes20070131.txt,afb6e845e7f88ad5096bc17393a977bca582bb402801d521661159463e9c3b65,1,1,0,unavailable_original_manual_assignment
2007-03-21,/mnt/data/FOMC_CVJ_Benchmark_Update_20260919/data/minutes/Minutes/2007/fomcminutes20070321.txt,b1c57a6cfb7552e14d8f67f9912d78f10f39457a36d8ef81a872d0653e2796d1,4,4,0,unavailable_original_manual_assignment
2007-05-09,/mnt/data/FOMC_CVJ_Benchmark_Update_20260919/data/minutes/Minutes/2007/fomcminutes20070509.txt,3fea74c19939a58c897cf05098263001c78ad7a709a3f562920a9848ac4be9c2,2,2,0,unavailable_original_manual_assignment
2007-06-28,/mnt/data/FOMC_CVJ_Benchmark_Update_20260919/data/minutes/Minutes/2007/fomcminutes20070628.txt,4c9979829609dfeb0c8bc7ccff75e850a3feb1bebb6100ed4003b5215f2e90fa,3,3,0,unavailable_original_manual_assignment
2007-08-07,/mnt/data/FOMC_CVJ_Benchmark_Update_20260919/data/minutes/Minutes/2007/fomcminutes20070807.txt,56c9955b2101533952e6e8619448fe925e2693596b783c24be4d595f7429fda4,3,3,0,unavailable_original_manual_assignment
2007-09-18,/mnt/data/FOMC_CVJ_Benchmark_Update_20260919/data/minutes/Minutes/2007/fomcminutes20070918.txt,e55562e56e4a409653534a7df8abdd2115ec88d3a93898eb43df95d3c4020f33,1,1,0,unavailable_original_manual_assignment
2007-10-31,/mnt/data/FOMC_CVJ_Benchmark_Update_20260919/data/minutes/Minutes/2007/fomcminutes20071031.txt,8f1c254216ee9f94969076eaa3c95a69f28f734003345940d6dc1cf6b0c78a75,1,1,0,unavailable_original_manual_assignment
2007-12-11,/mnt/data/FOMC_CVJ_Benchmark_Update_20260919/data/minutes/Minutes/2007/fomcminutes20071211.txt,376a8b8df4f11b3b5f20fda89a674ef3e7ca042bfdec833fca7753e9f37e50cc,1,1,0,unavailable_original_manual_assignment
2008-01-30,/mnt/data/FOMC_CVJ_Benchmark_Update_20260919/data/minutes/Minutes/2008/fomcminutes20080130.txt,e02848d4a772ef00f76b1f703a38d9f3dd0b313aa975f4daa0c88e54958c84a7,7,7,0,unavailable_original_manual_assignment
2008-03-18,/mnt/data/FOMC_CVJ_Benchmark_Update_20260919/data/minutes/Minutes/2008/fomcminutes20080318.txt,6fca6a8683b56dd7d3ddb4a795c2d4b64a46bdd726b62fe7c52c5daf30b63a80,5,5,0,unavailable_original_manual_assignment
2008-04-30,/mnt/data/FOMC_CVJ_Benchmark_Update_20260919/data/minutes/Minutes/2008/fomcminutes20080430.txt,554ada0d3485b9d37fe2bed32be4a946179f8806f1006a4c45ee8ec0297321b4,0,0,0,unavailable_original_manual_assignment
2008-06-25,/mnt/data/FOMC_CVJ_Benchmark_Update_20260919/data/minutes/Minutes/2008/fomcminutes20080625.txt,7ad74dded99f4b76984cd469ca4ef19d9be43abdcfa42a0fd1bd362d6e5fb894,2,2,0,unavailable_original_manual_assignment
2008-08-05,/mnt/data/FOMC_CVJ_Benchmark_Update_20260919/data/minutes/Minutes/2008/fomcminutes20080805.txt,463d9c60c842ef494abf19b89d461ffa2a91b12094c4cd77e0067ed4f4f6c96e,5,5,0,unavailable_original_manual_assignment
2008-09-16,/mnt/data/FOMC_CVJ_Benchmark_Update_20260919/data/minutes/Minutes/2008/fomcminutes20080916.txt,cc39213bbb84d45bd7e1ecec732153186d2a33d36bb80feb95f06842253b1075,3,3,0,unavailable_original_manual_assignment
2008-10-29,/mnt/data/FOMC_CVJ_Benchmark_Update_20260919/data/minutes/Minutes/2008/fomcminutes20081029.txt,7f6020d60aed5e45a4d9e030e95efcbf5173f6597b104708c89753b19f7ac51d,6,5,1,unavailable_original_manual_assignment
2008-12-16,/mnt/data/FOMC_CVJ_Benchmark_Update_20260919/data/minutes/Minutes/2008/fomcminutes20081216.txt,0e7a7d01997dc0c3827980c0610098fc1de4379551d91c9b53d3870568e58d63,10,9,1,unavailable_original_manual_assignment
2009-01-28,/mnt/data/FOMC_CVJ_Benchmark_Update_20260919/data/minutes/Minutes/2009/fomcminutes20090128.txt,6f6ac06828aeaf69563e13e59f2ab2a0f14b8679c802431fbd4086b9c640d7ec,4,4,0,explicit_heading
2009-03-18,/mnt/data/FOMC_CVJ_Benchmark_Update_20260919/data/minutes/Minutes/2009/fomcminutes20090318.txt,1c1593870b3aee192c0073b93732e411fc362058a238149714973935ec0a8eae,5,5,0,explicit_heading
2009-04-29,/mnt/data/FOMC_CVJ_Benchmark_Update_20260919/data/minutes/Minutes/2009/fomcminutes20090429.txt,b7fab31f3859cd24b272f6ac647fe2e718c2603a60016528c26d3db8abc95675,7,5,2,explicit_heading
2009-06-24,/mnt/data/FOMC_CVJ_Benchmark_Update_20260919/data/minutes/Minutes/2009/fomcminutes20090624.txt,7254af65c9255154c3075fe5ac096f4aef8b93313edc5c76b6eddc58b5d33708,5,5,0,explicit_heading
2009-08-12,/mnt/data/FOMC_CVJ_Benchmark_Update_20260919/data/minutes/Minutes/2009/fomcminutes20090812.txt,5c2c89f49f0e9c17db1eeea0d7f1d82a4167bf96e8c5c96a6171f77a12d9a5cd,8,7,1,explicit_heading
2009-09-23,/mnt/data/FOMC_CVJ_Benchmark_Update_20260919/data/minutes/Minutes/2009/fomcminutes20090923.txt,830e168238df4b1c3aeffd243a0e8f5e4f2804240ba2b4e34297ef8801d8195e,10,10,0,explicit_heading
2009-11-04,/mnt/data/FOMC_CVJ_Benchmark_Update_20260919/data/minutes/Minutes/2009/fomcminutes20091104.txt,01fd33e77b61086519c346b335665b007a0e34d999e704d8f83e77dbc8578e38,4,4,0,explicit_heading
2009-12-16,/mnt/data/FOMC_CVJ_Benchmark_Update_20260919/data/minutes/Minutes/2009/fomcminutes20091216.txt,9a85f7e5d5e09953b1d56839e005d80d526eb1676cc4a7548c2a0d2cfaabfd1e,4,4,0,explicit_heading
2010-01-27,/mnt/data/FOMC_CVJ_Benchmark_Update_20260919/data/minutes/Minutes/2010/fomcminutes20100127.txt,321ff76ed10b202cab27ffaad0308a0e65a29b9a39c76924b13c1a6fb4e7b02a,1,1,0,explicit_heading
2010-03-16,/mnt/data/FOMC_CVJ_Benchmark_Update_20260919/data/minutes/Minutes/2010/fomcminutes20100316.txt,b47034f29a96e5641a0e1cdfd0ffe4380e0a9753dbcf7753e2932772d91e6fda,0,0,0,explicit_heading
2010-04-28,/mnt/data/FOMC_CVJ_Benchmark_Update_20260919/data/minutes/Minutes/2010/fomcminutes20100428.txt,c850fdaa8fa7ec947705dc944fb7bf989e9caf29b43b720d8bd58fd34c49f1c8,3,3,0,explicit_heading
2010-06-23,/mnt/data/FOMC_CVJ_Benchmark_Update_20260919/data/minutes/Minutes/2010/fomcminutes20100623.txt,f9834fd6aeec41a90696edc4e35e22f8c255a0753f74a293bb099492d36c5c17,7,7,0,explicit_heading
2010-08-10,/mnt/data/FOMC_CVJ_Benchmark_Update_20260919/data/minutes/Minutes/2010/fomcminutes20100810.txt,1270df739691642159d9ae5a13e11aac4584fbd9d854cf51b6f03bb65c60dc76,2,2,0,explicit_heading
2010-09-21,/mnt/data/FOMC_CVJ_Benchmark_Update_20260919/data/minutes/Minutes/2010/fomcminutes20100921.txt,468f953696b1657897748a136055b04de0c355adcf9eb9c9a395c40802186c78,2,2,0,explicit_heading
2010-11-03,/mnt/data/FOMC_CVJ_Benchmark_Update_20260919/data/minutes/Minutes/2010/fomcminutes20101103.txt,9d0f8ea18d13cb52011e460513b88e45fb7d26f9c16eadcc28523759dde257d0,4,4,0,explicit_heading
2010-12-14,/mnt/data/FOMC_CVJ_Benchmark_Update_20260919/data/minutes/Minutes/2010/fomcminutes20101214.txt,0f0aa5d9be5d999bab656298349f54f95fabce188d96b503c9917aa7b7fe8b0a,5,5,0,explicit_heading
2011-01-26,/mnt/data/FOMC_CVJ_Benchmark_Update_20260919/data/minutes/Minutes/2011/fomcminutes20110126.txt,99bfd28ed43ec4a4cbb2b9bf8b602231aa987ee1413924049b7fcdb7ba1b7344,5,5,0,explicit_heading
2011-03-15,/mnt/data/FOMC_CVJ_Benchmark_Update_20260919/data/minutes/Minutes/2011/fomcminutes20110315.txt,a56ec1cde4572ba2c9b97a2f9da8e73fedaf95844ca73737447bd625586a7765,5,5,0,explicit_heading
2011-04-27,/mnt/data/FOMC_CVJ_Benchmark_Update_20260919/data/minutes/Minutes/2011/fomcminutes20110427.txt,4024a8b1cd509da2b69801988b4267b17159ee5cbb42d8afdda44df3bc499717,2,2,0,explicit_heading
2011-06-22,/mnt/data/FOMC_CVJ_Benchmark_Update_20260919/data/minutes/Minutes/2011/fomcminutes20110622.txt,890d9f6b1af57bc44d1923fe21dab827ac816bb6683a2c15680c211cfddaf930,0,0,0,explicit_heading
2011-08-09,/mnt/data/FOMC_CVJ_Benchmark_Update_20260919/data/minutes/Minutes/2011/fomcminutes20110809.txt,a4198595073ef7f34ab7908c844c2477669de4929d56763ce523015f29426353,2,2,0,explicit_heading
2011-09-21,/mnt/data/FOMC_CVJ_Benchmark_Update_20260919/data/minutes/Minutes/2011/fomcminutes20110921.txt,1e64f66e18d691456022829ef5a2fe3c12a912ee10963d71cac57db6c985773d,1,1,0,explicit_heading
2011-11-02,/mnt/data/FOMC_CVJ_Benchmark_Update_20260919/data/minutes/Minutes/2011/fomcminutes20111102.txt,3fe9f35819e1c983d00f49686215cabe893286277644490393e4b0cc70324a18,2,2,0,explicit_heading
2011-12-13,/mnt/data/FOMC_CVJ_Benchmark_Update_20260919/data/minutes/Minutes/2011/fomcminutes20111213.txt,54f05c1cf8d32de19389914c26a4f0547417146e103bf0ba61a0e9273c753375,0,0,0,explicit_heading
2012-01-25,/mnt/data/FOMC_CVJ_Benchmark_Update_20260919/data/minutes/Minutes/2012/fomcminutes20120125.txt,0935caf66b09b0e7f47efa83bc9ad03b64e2f9b593357f450538f270e29096a7,2,2,0,explicit_heading
2012-03-13,/mnt/data/FOMC_CVJ_Benchmark_Update_20260919/data/minutes/Minutes/2012/fomcminutes20120313.txt,187474f1acba04ef172072bdb6898e7f0cce7ed651b17e2b4da0a6daa61b5050,4,4,0,explicit_heading
2012-04-25,/mnt/data/FOMC_CVJ_Benchmark_Update_20260919/data/minutes/Minutes/2012/fomcminutes20120425.txt,8b1a724a5a21658274519204f9ae1c4bf18ce311f956e66f5cba208fe534f085,6,6,0,explicit_heading
2012-06-20,/mnt/data/FOMC_CVJ_Benchmark_Update_20260919/data/minutes/Minutes/2012/fomcminutes20120620.txt,be9e86e92a0fae382e8cd53e7b309c1bfd77f904bebadeb6ee551d56bacf730b,4,4,0,explicit_heading
2012-08-01,/mnt/data/FOMC_CVJ_Benchmark_Update_20260919/data/minutes/Minutes/2012/fomcminutes20120801.txt,f458cb16ec087e84282dfbfae7c7e3c4d83ec81e40f45e03c1ff0c6ada39a345,1,1,0,explicit_heading
2012-09-13,/mnt/data/FOMC_CVJ_Benchmark_Update_20260919/data/minutes/Minutes/2012/fomcminutes20120913.txt,f6c52f384d870fc66c8ace597675a854425a872f1b1040107841344c1f5a89f0,5,5,0,explicit_heading
2012-10-24,/mnt/data/FOMC_CVJ_Benchmark_Update_20260919/data/minutes/Minutes/2012/fomcminutes20121024.txt,70864aad691182e5f3e8bf0c6d455674c1b28f8cbeda21d190e4797cdb8e3b0f,1,1,0,explicit_heading
2012-12-12,/mnt/data/FOMC_CVJ_Benchmark_Update_20260919/data/minutes/Minutes/2012/fomcminutes20121212.txt,1de557d093ce4bdf95a96eca9ab6c29b09ddbefc0ae7358a4eabcb293daa38ad,5,5,0,explicit_heading
2013-01-30,/mnt/data/FOMC_CVJ_Benchmark_Update_20260919/data/minutes/Minutes/2013/fomcminutes20130130.txt,84bcd775f7431ed62b0acfd7560d1c91083fc70d5ac9f7f99276ee30f637720e,3,3,0,explicit_heading
2013-03-20,/mnt/data/FOMC_CVJ_Benchmark_Update_20260919/data/minutes/Minutes/2013/fomcminutes20130320.txt,453740eb92820619cdd2e8f56b62f9b4d00dcb97140c3aad7853bbeae9c03433,4,4,0,explicit_heading
2013-05-01,/mnt/data/FOMC_CVJ_Benchmark_Update_20260919/data/minutes/Minutes/2013/fomcminutes20130501.txt,c3903a00d3b375f78696147925d258c6b47f44cba4972ecee2fb98eacf22a8e9,6,6,0,explicit_heading
2013-06-19,/mnt/data/FOMC_CVJ_Benchmark_Update_20260919/data/minutes/Minutes/2013/fomcminutes20130619.txt,9752cf71a2f31ec72712a3a5a6c2074330275fac73a4ab379e7de5214f1e9433,4,4,0,explicit_heading
2013-07-31,/mnt/data/FOMC_CVJ_Benchmark_Update_20260919/data/minutes/Minutes/2013/fomcminutes20130731.txt,720b7e253a1f1103270cda8c23acff29cedef1c92635872ef88ea1abbbb0e511,7,7,0,explicit_heading
2013-09-18,/mnt/data/FOMC_CVJ_Benchmark_Update_20260919/data/minutes/Minutes/2013/fomcminutes20130918.txt,acc2c826c7ea59f9459f3236e30e32a9a18787d453d574fbc8408b30ca127288,1,1,0,explicit_heading
2013-10-30,/mnt/data/FOMC_CVJ_Benchmark_Update_20260919/data/minutes/Minutes/2013/fomcminutes20131030.txt,8d3671a43765099559b77cd892b27e8919fa7faa3319d815f1ae47c32ee99d55,4,4,0,explicit_heading
2013-12-18,/mnt/data/FOMC_CVJ_Benchmark_Update_20260919/data/minutes/Minutes/2013/fomcminutes20131218.txt,6ece543b8a9d4369e926624c2bb52e0610fdd298f8dc685e52f94baec8d1c4a2,4,4,0,explicit_heading
2014-01-29,/mnt/data/FOMC_CVJ_Benchmark_Update_20260919/data/minutes/Minutes/2014/fomcminutes20140129.txt,56bd3ac66c0c51268b0960198d182a48489f7723f0e8885730074991e4706c82,3,3,0,explicit_heading
2014-03-19,/mnt/data/FOMC_CVJ_Benchmark_Update_20260919/data/minutes/Minutes/2014/fomcminutes20140319.txt,c8f6a1f34c3e9526f677e7d4eb55c4d5977ef65e6f958b234cda42037815423e,4,3,1,explicit_heading
2014-04-30,/mnt/data/FOMC_CVJ_Benchmark_Update_20260919/data/minutes/Minutes/2014/fomcminutes20140430.txt,efcc311acded7b412301acd19a310b5d25bc472a4abeb1877b58c8f1c28ce501,3,3,0,explicit_heading
2014-06-18,/mnt/data/FOMC_CVJ_Benchmark_Update_20260919/data/minutes/Minutes/2014/fomcminutes20140618.txt,4dfef87c1807c73f0a35c32a1a8fe64b58b00da7a1e6298f9c1b3aa2c4e90e7d,4,4,0,explicit_heading
2014-07-30,/mnt/data/FOMC_CVJ_Benchmark_Update_20260919/data/minutes/Minutes/2014/fomcminutes20140730.txt,87106367e192aea035eb3f29d85af05c95d9aac5c532d52833913f35a5e2a5f8,4,3,1,explicit_heading
2014-09-17,/mnt/data/FOMC_CVJ_Benchmark_Update_20260919/data/minutes/Minutes/2014/fomcminutes20140917.txt,b9df34bfad21937efe46068141968b9217ff74140cdb3ac9f2c9cfeabc346514,5,5,0,explicit_heading
2014-10-29,/mnt/data/FOMC_CVJ_Benchmark_Update_20260919/data/minutes/Minutes/2014/fomcminutes20141029.txt,2a69f35d927e24be02236fb745e79536f68f814c3e47738aca2fa57a1adb3d62,6,6,0,explicit_heading
2014-12-17,/mnt/data/FOMC_CVJ_Benchmark_Update_20260919/data/minutes/Minutes/2014/fomcminutes20141217.txt,090d2c4efd08754a895f651bcfd7384fa1755a7403c765f5a30f6d90d18301fc,1,1,0,explicit_heading
2015-01-28,/mnt/data/FOMC_CVJ_Benchmark_Update_20260919/data/minutes/Minutes/2015/fomcminutes20150128.txt,084624156b4f21d10e8401b28b718d0fe9eb2c5347512f0a1f6211ca5236c7fc,2,2,0,explicit_heading
2015-03-18,/mnt/data/FOMC_CVJ_Benchmark_Update_20260919/data/minutes/Minutes/2015/fomcminutes20150318.txt,3e8b38e6448aff6df92afca93dcc5d6b44293d798d5417682b16bf1505dcb4b3,4,4,0,explicit_heading
2015-04-29,/mnt/data/FOMC_CVJ_Benchmark_Update_20260919/data/minutes/Minutes/2015/fomcminutes20150429.txt,8839c9987196895015991d122041b6c95aca3724eadd969d6456214e86a07fae,5,5,0,explicit_heading
2015-06-17,/mnt/data/FOMC_CVJ_Benchmark_Update_20260919/data/minutes/Minutes/2015/fomcminutes20150617.txt,5f5955b9ba352c257ab86040cdeab0a573b4b5373f597e7d85b1a14af6012597,3,3,0,explicit_heading
2015-07-29,/mnt/data/FOMC_CVJ_Benchmark_Update_20260919/data/minutes/Minutes/2015/fomcminutes20150729.txt,1564b52b283c79a417e236ebb30b1fabd01a54c5c0b08b726c5f01e6c6b8bc3b,5,5,0,explicit_heading
2015-09-17,/mnt/data/FOMC_CVJ_Benchmark_Update_20260919/data/minutes/Minutes/2015/fomcminutes20150917.txt,2ce815e1bded45af0be380ea22bffbd1e083638989d88a335c58c431ae194e38,6,6,0,explicit_heading
2015-10-28,/mnt/data/FOMC_CVJ_Benchmark_Update_20260919/data/minutes/Minutes/2015/fomcminutes20151028.txt,4c3ba726cebf2a68571b175c14ce2ea49751c9177ed0a680f4643ef2f618dd68,2,2,0,explicit_heading
2015-12-16,/mnt/data/FOMC_CVJ_Benchmark_Update_20260919/data/minutes/Minutes/2015/fomcminutes20151216.txt,8bd165484bf05fc20f0d31649127e174b063237a8b48f6e35c3782c46d01c646,3,3,0,explicit_heading
2016-01-27,/mnt/data/FOMC_CVJ_Benchmark_Update_20260919/data/minutes/Minutes/2016/fomcminutes20160127.txt,17247f2394de4b212f57ef80826b154c727a6e180d1f8f3213231446a698359c,5,5,0,explicit_heading
2016-03-16,/mnt/data/FOMC_CVJ_Benchmark_Update_20260919/data/minutes/Minutes/2016/fomcminutes20160316.txt,481bc3977031be11119369e4940500316e468bc351fd2a51fb42475819082d61,5,5,0,explicit_heading
2016-04-27,/mnt/data/FOMC_CVJ_Benchmark_Update_20260919/data/minutes/Minutes/2016/fomcminutes20160427.txt,32688761be84b8a6332da7a421d76fc7de96f7f86a37370c55691dc8c65436cd,9,9,0,explicit_heading
2016-06-15,/mnt/data/FOMC_CVJ_Benchmark_Update_20260919/data/minutes/Minutes/2016/fomcminutes20160615.txt,59f6a4b479f291cf8b42705e759f516ed483b5afc5a91a192149435b8a105bfb,1,1,0,explicit_heading
2016-07-27,/mnt/data/FOMC_CVJ_Benchmark_Update_20260919/data/minutes/Minutes/2016/fomcminutes20160727.txt,3686d5c8a7043f34964206af90372d69af0d3090512f2d48c0d27b14a680e738,10,10,0,explicit_heading
2016-09-21,/mnt/data/FOMC_CVJ_Benchmark_Update_20260919/data/minutes/Minutes/2016/fomcminutes20160921.txt,34023389f9bb0b309e6ae979fe91cd5aaf3da338c5d3406563b9af8df44cd3c7,2,2,0,explicit_heading
2016-11-02,/mnt/data/FOMC_CVJ_Benchmark_Update_20260919/data/minutes/Minutes/2016/fomcminutes20161102.txt,12b81e4681b4c8c70d08c6e049bfad8193315ed15522bcbdd4dcb262dd62f511,1,1,0,explicit_heading
2016-12-14,/mnt/data/FOMC_CVJ_Benchmark_Update_20260919/data/minutes/Minutes/2016/fomcminutes20161214.txt,c16cc3ab4cdda111a8e1310f5c1570c2adb12564a44aac4b026425906a854d5f,7,7,0,explicit_heading
2017-02-01,/mnt/data/FOMC_CVJ_Benchmark_Update_20260919/data/minutes/Minutes/2017/fomcminutes20170201.txt,08ec36ff33cb64c70732ba76d181cb905da396ca944ebaba8388b16737797dc2,4,3,1,explicit_heading
2017-03-15,/mnt/data/FOMC_CVJ_Benchmark_Update_20260919/data/minutes/Minutes/2017/fomcminutes20170315.txt,5eba6247f35cefa33a810bf7437996f28ff65ffa55c698b4341371bf1f920e4f,5,5,0,explicit_heading
2017-05-03,/mnt/data/FOMC_CVJ_Benchmark_Update_20260919/data/minutes/Minutes/2017/fomcminutes20170503.txt,72b6e9fc6d2d860cfbec88ff24d48a30dfe14a7a273ea3f767aa9b3a5a468902,5,4,1,explicit_heading
2017-06-14,/mnt/data/FOMC_CVJ_Benchmark_Update_20260919/data/minutes/Minutes/2017/fomcminutes20170614.txt,98e7867388fc46478e0a0cc21f4ada9d464dd6cedbff5d0fe7570dbde8700cfd,5,5,0,explicit_heading
2017-07-26,/mnt/data/FOMC_CVJ_Benchmark_Update_20260919/data/minutes/Minutes/2017/fomcminutes20170726.txt,76ab4de89e8eb98a227dc5abeed64dd9c8902a3b6b515bac76aec947fc993cee,11,11,0,explicit_heading
2017-09-20,/mnt/data/FOMC_CVJ_Benchmark_Update_20260919/data/minutes/Minutes/2017/fomcminutes20170920.txt,31dc150452f33caf59438da3f36bf85d096ea565a5dd8bcea8e0dbd2db397bfd,4,4,0,explicit_heading
2017-11-01,/mnt/data/FOMC_CVJ_Benchmark_Update_20260919/data/minutes/Minutes/2017/fomcminutes20171101.txt,728aaf5bbfe8b8c1316969a33854cfe2de56249197b77ba86e5b184fc1cb153f,7,7,0,explicit_heading
2017-12-13,/mnt/data/FOMC_CVJ_Benchmark_Update_20260919/data/minutes/Minutes/2017/fomcminutes20171213.txt,9120d0ab2a00815ca82f69c9e5b2ef599278ec9e20589915398b7dadcf8aea47,8,7,1,explicit_heading
2018-01-31,/mnt/data/FOMC_CVJ_Benchmark_Update_20260919/data/minutes/Minutes/2018/fomcminutes20180131.txt,89d00545fded81dbc586050e0c44f4c81e7ca3826b26216b8c5d8f5567fe4a5c,9,8,1,explicit_heading
2018-03-21,/mnt/data/FOMC_CVJ_Benchmark_Update_20260919/data/minutes/Minutes/2018/fomcminutes20180321.txt,828ea6a8071d3cda5592aa25aaae832db65bf6e58fd5b675cb9da39c9cc2624c,4,4,0,explicit_heading
2018-05-02,/mnt/data/FOMC_CVJ_Benchmark_Update_20260919/data/minutes/Minutes/2018/fomcminutes20180502.txt,7140052478a3868a2965c1f6252c57513045350c99f6091b7c78cde2d7f79ef4,6,5,1,explicit_heading
2018-06-13,/mnt/data/FOMC_CVJ_Benchmark_Update_20260919/data/minutes/Minutes/2018/fomcminutes20180613.txt,838146f42338ff6b78b617e6c749d9f84659315dc86a6bfd8023e33ab46307b1,2,2,0,explicit_heading
2018-08-01,/mnt/data/FOMC_CVJ_Benchmark_Update_20260919/data/minutes/Minutes/2018/fomcminutes20180801.txt,20799bccd0d0b07d12d10ee5064922804e35f9626d57787d5a6cd7a4246d7458,2,2,0,explicit_heading
2018-09-26,/mnt/data/FOMC_CVJ_Benchmark_Update_20260919/data/minutes/Minutes/2018/fomcminutes20180926.txt,02abea1b3005626324742b61ae15f7af37eb802acec339a538c9563bfe021051,5,5,0,explicit_heading
2018-11-08,/mnt/data/FOMC_CVJ_Benchmark_Update_20260919/data/minutes/Minutes/2018/fomcminutes20181108.txt,99abfaac640d0faeb19c97e03766a418dc73df512797e05bd5ddf4cde577b171,7,7,0,explicit_heading
2018-12-19,/mnt/data/FOMC_CVJ_Benchmark_Update_20260919/data/minutes/Minutes/2018/fomcminutes20181219.txt,47ccc97e4b65b7a7e84d16fa2f56fd4736a670b8d6289700f654ea28df27222d,6,6,0,explicit_heading
2019-01-30,/mnt/data/FOMC_CVJ_Benchmark_Update_20260919/data/minutes/Minutes/2019/fomcminutes20190130.txt,5e57b7b9dfc2e7e33187a41a4ae2509841338d759f8901be0427bb84dc50c96d,6,6,0,explicit_heading
2019-03-20,/mnt/data/FOMC_CVJ_Benchmark_Update_20260919/data/minutes/Minutes/2019/fomcminutes20190320.txt,b546e4ebec7f251500f6a4b64ad247e1d4e5af9c075c8c5b46c945c0e1aecfea,4,4,0,explicit_heading
2019-05-01,/mnt/data/FOMC_CVJ_Benchmark_Update_20260919/data/minutes/Minutes/2019/fomcminutes20190501.txt,72d482804c6f3494fd39ad176e748467ba5a98d168df789f4b34d2ad8bd55249,5,5,0,explicit_heading
2019-06-19,/mnt/data/FOMC_CVJ_Benchmark_Update_20260919/data/minutes/Minutes/2019/fomcminutes20190619.txt,7ba06f4a7e4d8fc684f8b06b70cbf2eba0128dd9b39b025d0540afbd30bd71a7,5,5,0,explicit_heading
2019-07-31,/mnt/data/FOMC_CVJ_Benchmark_Update_20260919/data/minutes/Minutes/2019/fomcminutes20190731.txt,7859df3d052b6db2ace785592d31182b9571d403ecc7bf8ebd87ef2f24a6060a,5,5,0,explicit_heading
2019-09-18,/mnt/data/FOMC_CVJ_Benchmark_Update_20260919/data/minutes/Minutes/2019/fomcminutes20190918.txt,9e264678cfa8ae06f9b6750b8a6820ad2a13ee6a153346bdc4fa6fe6bef9ba18,5,4,1,explicit_heading
2019-10-30,/mnt/data/FOMC_CVJ_Benchmark_Update_20260919/data/minutes/Minutes/2019/fomcminutes20191030.txt,9ba5889fab691d21feab7fff2e40d5c9e84c66beebb4352d7870c92295c3ba0d,0,0,0,explicit_heading
2019-12-11,/mnt/data/FOMC_CVJ_Benchmark_Update_20260919/data/minutes/Minutes/2019/fomcminutes20191211.txt,ebb8c5ac8f014de45c9a82b987afeafe27c6e0aa6c0a01b79c7aa64ce8a5df92,1,1,0,explicit_heading
2020-01-29,/mnt/data/FOMC_CVJ_Benchmark_Update_20260919/data/minutes/Minutes/2020/fomcminutes20200129.txt,0bc25df308105d0a1bb6d23f8cdb53fe2b6ef518592b90cf844f6a83d0a1ef13,8,8,0,explicit_heading
2020-03-15,/mnt/data/FOMC_CVJ_Benchmark_Update_20260919/data/minutes/Minutes/2020/fomcminutes20200315.txt,4251ac289574be3837ceff87147d1b8ce2cb863b9e634e66dc65dec26d0f6dd5,3,3,0,explicit_heading
2020-04-29,/mnt/data/FOMC_CVJ_Benchmark_Update_20260919/data/minutes/Minutes/2020/fomcminutes20200429.txt,015a04d85fcdc04260bf39b7cdb1791ba2b45ca753451e877deb14d4ee28fd40,2,2,0,explicit_heading
2020-06-10,/mnt/data/FOMC_CVJ_Benchmark_Update_20260919/data/minutes/Minutes/2020/fomcminutes20200610.txt,910f23d9899783a6021ee983290ac5486700ffd62cb3145225f1d8b5e9e61a0a,2,2,0,explicit_heading
2020-07-29,/mnt/data/FOMC_CVJ_Benchmark_Update_20260919/data/minutes/Minutes/2020/fomcminutes20200729.txt,99d71a84642216c3c7b558e51574ff703bd736c1b0c54c38beaee3d7c89bbbc0,1,1,0,explicit_heading
2020-09-16,/mnt/data/FOMC_CVJ_Benchmark_Update_20260919/data/minutes/Minutes/2020/fomcminutes20200916.txt,19beaae4441dfad16b8b23342fcab0ea5fceee416faca5524908dbf648cc9afc,4,4,0,explicit_heading
2020-11-05,/mnt/data/FOMC_CVJ_Benchmark_Update_20260919/data/minutes/Minutes/2020/fomcminutes20201105.txt,374a007fb9d3291a44e17c1c0a0764f52b7a07db05588b3abf1292f595105f9a,5,5,0,explicit_heading
2020-12-16,/mnt/data/FOMC_CVJ_Benchmark_Update_20260919/data/minutes/Minutes/2020/fomcminutes20201216.txt,f8235e5352a744018d8255d5dd946421ac9f1e13b652c3be9ada458cc9a6c858,4,4,0,explicit_heading
2021-01-27,/mnt/data/FOMC_CVJ_Benchmark_Update_20260919/data/minutes/Minutes/2021/fomcminutes20210127.txt,fd3433201d24c4320b6e02e0f93c00a185e71b4b22ff6c00a7c539bbaa3046a0,6,6,0,explicit_heading
2021-03-17,/mnt/data/FOMC_CVJ_Benchmark_Update_20260919/data/minutes/Minutes/2021/fomcminutes20210317.txt,7310533cc13119d62eafcf893a67da56f2aaf28287771093d0575addb136909e,4,4,0,explicit_heading
2021-04-28,/mnt/data/FOMC_CVJ_Benchmark_Update_20260919/data/minutes/Minutes/2021/fomcminutes20210428.txt,2269255dba59223d4ad4e58eca5c570df82b718bf43fc47c3bb2370d95c374c0,6,6,0,explicit_heading
2021-06-16,/mnt/data/FOMC_CVJ_Benchmark_Update_20260919/data/minutes/Minutes/2021/fomcminutes20210616.txt,257fcc8030c2098540e5582f082d61d76c1548ac3b77cd1a9617e1408d950820,3,3,0,explicit_heading
2021-07-28,/mnt/data/FOMC_CVJ_Benchmark_Update_20260919/data/minutes/Minutes/2021/fomcminutes20210728.txt,2736b2ce228a14a5cd14c41c6c2dfbd49b7fcd8f697b08dcc5432d13f3c07330,5,5,0,explicit_heading
2021-09-22,/mnt/data/FOMC_CVJ_Benchmark_Update_20260919/data/minutes/Minutes/2021/fomcminutes20210922.txt,71e3447903218dde03384adfc809864d62ebd25c9d995fda2ff7b6cca95fd6fb,2,2,0,explicit_heading
2021-11-03,/mnt/data/FOMC_CVJ_Benchmark_Update_20260919/data/minutes/Minutes/2021/fomcminutes20211103.txt,e08c4ff4f77218203fc0676839b7ebb37059c6b0941d46340b7b014d4f9ff7f5,6,6,0,explicit_heading
2021-12-15,/mnt/data/FOMC_CVJ_Benchmark_Update_20260919/data/minutes/Minutes/2021/fomcminutes20211215.txt,771a71ec9db91088f30c2f623b5fd5acac95ac5fb7d2fb94c07c6ec2abe0f069,2,2,0,explicit_heading
2022-01-26,/mnt/data/FOMC_CVJ_Benchmark_Update_20260919/data/minutes/Minutes/2022/fomcminutes20220126.txt,1169072540b08d68918bc0f938260e65f0b3a2846c8c79d257ae95a437096537,7,7,0,explicit_heading
2022-03-16,/mnt/data/FOMC_CVJ_Benchmark_Update_20260919/data/minutes/Minutes/2022/fomcminutes20220316.txt,a0bef4aebfcad35f5a8e96dd510a199fa29284f8d0b1fb82b20d5b95b021ae8d,6,5,1,explicit_heading
2022-05-04,/mnt/data/FOMC_CVJ_Benchmark_Update_20260919/data/minutes/Minutes/2022/fomcminutes20220504.txt,b42484ace21ea3064054f098fcb13934910c27fa07fa6ceaec64ead117986287,6,6,0,explicit_heading
2022-06-15,/mnt/data/FOMC_CVJ_Benchmark_Update_20260919/data/minutes/Minutes/2022/fomcminutes20220615.txt,49dc5f5afad3f3fe3840436b39b5d0d170f594f6b904b2d96c233ad35ca2878d,5,5,0,explicit_heading
2022-07-27,/mnt/data/FOMC_CVJ_Benchmark_Update_20260919/data/minutes/Minutes/2022/fomcminutes20220727.txt,f0ccf2217582251f4156562b88152f18d742ed8781a8596280c5ec00e581fdb0,3,3,0,explicit_heading
2022-09-21,/mnt/data/FOMC_CVJ_Benchmark_Update_20260919/data/minutes/Minutes/2022/fomcminutes20220921.txt,a13fccc84d84894dd08d707734011749ae9a8ca55eff5b840440ad1051d2272e,3,3,0,explicit_heading
2022-11-02,/mnt/data/FOMC_CVJ_Benchmark_Update_20260919/data/minutes/Minutes/2022/fomcminutes20221102.txt,9796f242457e771d318dde194f7795a5934cd474d070eb71b64c4896bb21a485,1,1,0,explicit_heading
2022-12-14,/mnt/data/FOMC_CVJ_Benchmark_Update_20260919/data/minutes/Minutes/2022/fomcminutes20221214.txt,c89ccf38ed0a7ca6f2ef1f41734bc024b29d1962b1a95aece5c38dceb307bc38,2,2,0,explicit_heading
2023-02-01,/mnt/data/FOMC_CVJ_Benchmark_Update_20260919/data/minutes/Minutes/2023/fomcminutes20230201.txt,4df5bd23f48c87f8ef56c5c3b4f2760bd9417525d166cc8e476646f441c3be0b,4,4,0,explicit_heading
2023-03-22,/mnt/data/FOMC_CVJ_Benchmark_Update_20260919/data/minutes/Minutes/2023/fomcminutes20230322.txt,7fcb66aea7ecd34c0fecf16b6b9edcc5ff421957eccd9b37e425f8d1eb840852,5,5,0,explicit_heading
2023-05-03,/mnt/data/FOMC_CVJ_Benchmark_Update_20260919/data/minutes/Minutes/2023/fomcminutes20230503.txt,a57c429f884be7de0faf4ba64f1d68c9a0244fc9f070b3848c0bc4625ef866dc,3,3,0,explicit_heading
2023-06-14,/mnt/data/FOMC_CVJ_Benchmark_Update_20260919/data/minutes/Minutes/2023/fomcminutes20230614.txt,c8d73a911fa95674b83b269d820fcd40035c80472f79596c5e91fe45b2eafcd2,4,4,0,explicit_heading
2023-07-26,/mnt/data/FOMC_CVJ_Benchmark_Update_20260919/data/minutes/Minutes/2023/fomcminutes20230726.txt,0c39228e7aeb4ef901950e18cd8c94757e4fba18a486e3358c3e05c863b6a90c,5,5,0,explicit_heading
2023-09-20,/mnt/data/FOMC_CVJ_Benchmark_Update_20260919/data/minutes/Minutes/2023/fomcminutes20230920.txt,6ea1769ca3d345fb104bb56d90d94f4ac45448e16f12d290ec6323d3bff5c21c,5,5,0,explicit_heading
2023-11-01,/mnt/data/FOMC_CVJ_Benchmark_Update_20260919/data/minutes/Minutes/2023/fomcminutes20231101.txt,b73818254edf1265466b6a341c5932671af015e52f75d15f5dac1caf58c9cc87,4,4,0,explicit_heading
2023-12-13,/mnt/data/FOMC_CVJ_Benchmark_Update_20260919/data/minutes/Minutes/2023/fomcminutes20231213.txt,d412f7360d3578736d276e0c975f7c34ae939a493cc189b54aa0c6ed95a3f560,3,3,0,explicit_heading
2024-01-31,/mnt/data/FOMC_CVJ_Benchmark_Update_20260919/data/minutes/Minutes/2024/fomcminutes20240131.txt,1bb554cd0b9b2fa6c104d4c4b86d11b101c6cc7117a18a1172e8688d4e1b6e5a,2,2,0,explicit_heading
2024-03-20,/mnt/data/FOMC_CVJ_Benchmark_Update_20260919/data/minutes/Minutes/2024/fomcminutes20240320.txt,16ca226bf5ac5e78abbb06ff0885a196028d93b643bcfb3fe67cdde13590d658,2,2,0,explicit_heading
2024-05-01,/mnt/data/FOMC_CVJ_Benchmark_Update_20260919/data/minutes/Minutes/2024/fomcminutes20240501.txt,924385791c1bae93ba83aca056807656aef740f01327e893f4685231e142e5dd,3,3,0,explicit_heading
2024-06-12,/mnt/data/FOMC_CVJ_Benchmark_Update_20260919/data/minutes/Minutes/2024/fomcminutes20240612.txt,8b8ecd9485c96af3f757b0093bbfe10c5a32a4559cca2b917803ece44c78fc23,3,3,0,explicit_heading
2024-07-31,/mnt/data/FOMC_CVJ_Benchmark_Update_20260919/data/minutes/Minutes/2024/fomcminutes20240731.txt,da7b6bd6dc90edb6de579c23d2c383719901c5c340d9451163af38893901120d,5,5,0,explicit_heading
2024-09-18,/mnt/data/FOMC_CVJ_Benchmark_Update_20260919/data/minutes/Minutes/2024/fomcminutes20240918.txt,1c44504b49b229c9353b51514156f29f12fc28b7b355b845649e32eceac5db54,1,1,0,explicit_heading
2024-11-07,/mnt/data/FOMC_CVJ_Benchmark_Update_20260919/data/minutes/Minutes/2024/fomcminutes20241107.txt,82f6690ec538a39c122a2a18728f999daf359884f20062ea231d54d1df57ac2b,8,8,0,explicit_heading
2024-12-18,/mnt/data/FOMC_CVJ_Benchmark_Update_20260919/data/minutes/Minutes/2024/fomcminutes20241218.txt,6202b994cc93f7d05874cc17bd5eddd3933b78c2faf3cc10023921b7e8a19ea8,3,3,0,explicit_heading
