model,comparator,n,gain_pct,ci_low,ci_high,p_two_sided,spec,holm_p
embedding,controls_only,98,-13.974421959958839,-27.477936700502624,11.613308936554294,0.26552655265526554,primary,1.0
flash,controls_only,98,-1.5391730543903304,-10.535790014584672,17.71302436300471,0.8028802880288028,primary,1.0
rules,controls_only,98,-9.13348119699049,-22.73737932164029,5.652384220490786,0.35103510351035105,primary,1.0
embedding,rules,98,-4.435797987814816,-13.559825983526473,13.162226713264785,0.47094709470947094,primary,1.0
flash,rules,98,6.9587335245836375,-9.133273725203862,25.917639222232353,0.44684468446844683,primary,1.0
embedding,controls_only,98,-12.750344173933081,-25.772605893247583,0.5364876004079617,0.09380938093809381,S1_forecast,
flash,controls_only,98,-4.98346720885916,-21.668700398936966,4.453252193944258,0.343034303430343,S1_forecast,
rules,controls_only,98,-3.436069603566483,-26.235180689676945,9.827049971998196,0.6851685168516851,S1_forecast,
embedding,rules,98,-9.004861269443886,-29.26374150928168,13.569603899303793,0.5659565956595659,S1_forecast,
flash,rules,98,-1.4959942032052087,-8.170278765329176,8.998072522061507,0.7505750575057506,S1_forecast,
embedding,controls_only,98,-1.5142339813366545,-10.6016685664223,12.263353879278414,0.7796779677967797,S2_decision_day,
flash,controls_only,98,7.036078519247912,-1.1040814855573573,13.816678105964266,0.07630763076307631,S2_decision_day,
rules,controls_only,98,8.785152445050159,0.10518073811533882,16.076091101689695,0.07690769076907691,S2_decision_day,
embedding,rules,98,-11.291348615347108,-19.824134753776253,5.36268221875816,0.1542154215421542,S2_decision_day,
flash,rules,98,-1.9175320385736105,-9.525252403783533,5.627694392739163,0.5986598659865987,S2_decision_day,
human,controls_only,75,0.4475474104305044,-5.651629776553386,16.998065607894375,0.912991299129913,S3_human_overlap,
embedding,controls_only,75,9.763857852505819,-4.394952887188279,18.31806819416089,0.09340934093409341,S3_human_overlap,
flash,controls_only,75,-2.0558108196577107,-18.21743881310206,34.94152546246111,0.8359835983598359,S3_human_overlap,
rules,controls_only,75,-9.3853623495203,-18.443209888104423,20.334412935660872,0.3047304730473047,S3_human_overlap,
embedding,human,75,9.358192791577103,-15.518375618604018,15.728278931861164,0.22752275227522753,S3_human_overlap,
flash,human,75,-2.51461231237462,-21.100429011091798,29.41954910927987,0.7886788678867886,S3_human_overlap,
