date,L,dL_m,y_cycle,y_decision,r_neg,r_pos,rnext_neg,rnext_pos,document_sentence_count
2000-03-21,600.0,25.0,50.0,50.0,0.0,2.074427722981986,-6.254951176887555,0.0,256
2000-05-16,650.0,50.0,0.0,0.0,-6.254951176887555,0.0,-0.1064859575942203,0.0,251
2000-06-28,650.0,0.0,0.0,0.0,-0.1064859575942203,0.0,0.0,2.543395436619984,277
2000-08-22,650.0,0.0,0.0,0.0,0.0,2.543395436619984,-5.333648288792752,0.0,250
2000-10-03,650.0,0.0,0.0,0.0,-5.333648288792752,0.0,-6.638210125536241,0.0,232
2000-11-15,650.0,0.0,0.0,0.0,-6.638210125536241,0.0,-4.962951532967773,0.0,270
2000-12-19,650.0,0.0,-100.0,-50.0,-4.962951532967773,0.0,0.0,6.989675723328113,278
2001-01-31,550.0,-100.0,-50.0,-50.0,0.0,6.989675723328113,-18.27334022861541,0.0,541
2001-03-20,500.0,-50.0,-100.0,-50.0,-18.27334022861541,0.0,0.0,9.898299143006724,284
2001-05-15,400.0,-100.0,-25.0,-25.0,0.0,9.898299143006724,-5.690280091884218,0.0,285
2001-06-27,375.0,-25.0,-25.0,-25.0,-5.690280091884218,0.0,-5.856207935460794,0.0,304
2001-08-21,350.0,-25.0,-100.0,-50.0,-5.856207935460794,0.0,-11.579993127381837,0.0,332
2001-10-02,250.0,-100.0,-50.0,-50.0,-11.579993127381837,0.0,0.0,1.206510262721597,273
2001-11-06,200.0,-50.0,-25.0,-25.0,0.0,1.206510262721597,0.0,3.589166740097113,266
2001-12-11,175.0,-25.0,0.0,0.0,0.0,3.589166740097113,-0.5671791205736922,0.0,287
2002-01-30,175.0,0.0,0.0,0.0,-0.5671791205736922,0.0,0.0,2.926785141146924,524
2002-03-19,175.0,0.0,0.0,0.0,0.0,2.926785141146924,-7.259927770569547,0.0,266
2002-05-07,175.0,0.0,0.0,0.0,-7.259927770569547,0.0,-9.46374639136539,0.0,252
2002-06-26,175.0,0.0,0.0,0.0,-9.46374639136539,0.0,-8.836372829260071,0.0,260
2002-08-13,175.0,0.0,0.0,0.0,-8.836372829260071,0.0,-8.58169602377183,0.0,244
2002-09-24,175.0,0.0,-50.0,-50.0,-8.58169602377183,0.0,0.0,7.691217605153048,538
2002-11-06,125.0,-50.0,0.0,0.0,0.0,7.691217605153048,0.0,0.9601629889518006,281
2002-12-10,125.0,0.0,0.0,0.0,0.0,0.9601629889518006,-6.713959451182242,0.0,235
2003-01-29,125.0,0.0,0.0,0.0,-6.713959451182242,0.0,-1.4872753093143178,0.0,495
2003-03-18,125.0,0.0,0.0,0.0,-1.4872753093143178,0.0,0.0,6.080040065299864,249
2003-05-06,125.0,0.0,-25.0,-25.0,0.0,6.080040065299864,0.0,5.315957590122908,261
2003-06-25,100.0,-25.0,0.0,0.0,0.0,5.315957590122908,-0.944772651253548,0.0,294
2003-08-12,100.0,0.0,0.0,0.0,-0.944772651253548,0.0,0.0,3.3774490783638127,246
2003-09-16,100.0,0.0,0.0,0.0,0.0,3.3774490783638127,0.0,0.1928579914555515,256
2003-10-28,100.0,0.0,0.0,0.0,0.0,0.1928579914555515,0.0,1.1751372153167403,249
2003-12-09,100.0,0.0,0.0,0.0,0.0,1.1751372153167403,0.0,8.59113708512642,590
2004-01-28,100.0,0.0,0.0,0.0,0.0,8.59113708512642,-1.310600124988556,0.0,1194
2004-03-16,100.0,0.0,0.0,0.0,-1.310600124988556,0.0,-1.5877601889314354,0.0,257
2004-05-04,100.0,0.0,25.0,25.0,-1.5877601889314354,0.0,0.0,0.878640015938353,294
2004-06-30,125.0,25.0,25.0,25.0,0.0,0.878640015938353,-6.060634920414259,0.0,308
2004-08-10,150.0,25.0,25.0,25.0,-6.060634920414259,0.0,0.0,4.630712156890523,247
2004-09-21,175.0,25.0,25.0,25.0,0.0,4.630712156890523,0.0,4.277209798143083,285
2004-11-10,200.0,25.0,25.0,25.0,0.0,4.277209798143083,0.0,1.059076985900974,269
2004-12-14,225.0,25.0,25.0,25.0,0.0,1.059076985900974,-2.341428556667537,0.0,258
2005-02-02,250.0,25.0,25.0,25.0,-2.341428556667537,0.0,-0.3289023093316593,0.0,869
2005-03-22,275.0,25.0,25.0,25.0,-0.3289023093316593,0.0,-1.627969333419136,0.0,289
2005-05-03,300.0,25.0,25.0,25.0,-1.627969333419136,0.0,0.0,1.7433399844816218,597
2005-06-30,325.0,25.0,25.0,25.0,0.0,1.7433399844816218,0.0,2.330775942229528,615
2005-08-09,350.0,25.0,25.0,25.0,0.0,2.330775942229528,0.0,0.3641995118060551,239
2005-09-20,375.0,25.0,25.0,25.0,0.0,0.3641995118060551,-1.3450064258029577,0.0,246
2005-11-01,400.0,25.0,25.0,25.0,-1.3450064258029577,0.0,0.0,3.212394212897209,252
2005-12-13,425.0,25.0,25.0,25.0,0.0,3.212394212897209,0.0,0.3668762496898906,517
2006-01-31,450.0,25.0,25.0,25.0,0.0,0.3668762496898906,0.0,0.9604687787703786,472
2006-03-28,475.0,25.0,25.0,25.0,0.0,0.9604687787703786,0.0,1.1514751664407423,292
2006-05-10,500.0,25.0,25.0,25.0,0.0,1.1514751664407423,-5.855827452473371,0.0,294
2006-06-29,525.0,25.0,0.0,0.0,-5.855827452473371,0.0,0.0,0.2440511389204836,269
2006-08-08,525.0,0.0,0.0,0.0,0.0,0.2440511389204836,0.0,3.73285075797891,262
2006-09-20,525.0,0.0,0.0,0.0,0.0,3.73285075797891,0.0,3.9529958832096064,267
2006-10-25,525.0,0.0,0.0,0.0,0.0,3.9529958832096064,0.0,0.9024786701656232,301
2006-12-12,525.0,0.0,0.0,0.0,0.0,0.9024786701656232,-0.1107907199128084,0.0,286
2007-01-31,525.0,0.0,0.0,0.0,-0.1107907199128084,0.0,-3.711565963782148,0.0,536
2007-03-21,525.0,0.0,0.0,0.0,-3.711565963782148,0.0,0.0,4.479066203314007,310
2007-05-09,525.0,0.0,0.0,0.0,0.0,4.479066203314007,-0.5048133144935549,0.0,287
2007-06-28,525.0,0.0,0.0,0.0,-0.5048133144935549,0.0,-5.249251663511329,0.0,297
2007-08-07,525.0,0.0,-50.0,-50.0,-5.249251663511329,0.0,-1.297828717597052,0.0,292
2007-09-18,475.0,-50.0,-25.0,-25.0,-1.297828717597052,0.0,0.0,0.3568465582405148,358
2007-10-31,450.0,-25.0,-25.0,-25.0,0.0,0.3568465582405148,-0.5676837479609462,0.0,341
2007-12-11,425.0,-25.0,-125.0,-50.0,-0.5676837479609462,0.0,-9.723324658604156,0.0,355
2008-01-30,300.0,-125.0,-75.0,-75.0,-9.723324658604156,0.0,-7.007423012393304,0.0,636
2008-03-18,225.0,-75.0,-25.0,-25.0,-7.007423012393304,0.0,0.0,7.139878364396583,379
2008-04-30,200.0,-25.0,0.0,0.0,0.0,7.139878364396583,-6.962051223458363,0.0,410
2008-06-25,200.0,0.0,0.0,0.0,-6.962051223458363,0.0,-1.958289077205328,0.0,1615
2008-08-05,200.0,0.0,0.0,0.0,-1.958289077205328,0.0,-3.1228613460654087,0.0,316
2008-09-16,200.0,0.0,-100.0,-50.0,-3.1228613460654087,0.0,-30.985565268469973,0.0,308
2008-10-29,100.0,-100.0,-87.5,-87.5,-30.985565268469973,0.0,-8.132340859388137,0.0,462
2008-12-16,12.5,-87.5,0.0,0.0,-8.132340859388137,0.0,-7.807583363484524,0.0,432
2009-01-28,12.5,0.0,0.0,0.0,-7.807583363484524,0.0,-11.459686101313434,0.0,683
2009-03-18,12.5,0.0,0.0,0.0,-11.459686101313434,0.0,0.0,8.938890727207495,404
2009-04-29,12.5,0.0,0.0,0.0,0.0,8.938890727207495,0.0,2.266202431628072,380
2009-06-24,12.5,0.0,0.0,0.0,0.0,2.266202431628072,0.0,8.994248685840617,449
2009-08-12,12.5,0.0,0.0,0.0,0.0,8.994248685840617,0.0,4.98498197376516,404
2009-09-23,12.5,0.0,0.0,0.0,0.0,4.98498197376516,-0.7633276328603504,0.0,405
2009-11-04,12.5,0.0,0.0,0.0,-0.7633276328603504,0.0,0.0,4.349981838641521,403
2009-12-16,12.5,0.0,0.0,0.0,0.0,4.349981838641521,0.0,0.0572866468981563,455
2010-01-27,12.5,0.0,0.0,0.0,0.0,0.0572866468981563,0.0,5.846623234938662,652
2010-03-16,12.5,0.0,0.0,0.0,0.0,5.846623234938662,0.0,3.838134286172397,353
2010-04-28,12.5,0.0,0.0,0.0,0.0,3.838134286172397,-8.092293539021016,0.0,396
2010-06-23,12.5,0.0,0.0,0.0,-8.092293539021016,0.0,0.0,4.3505842162620425,444
2010-08-10,12.5,0.0,0.0,0.0,0.0,4.3505842162620425,0.0,3.2463582866427245,396
2010-09-21,12.5,0.0,0.0,0.0,0.0,3.2463582866427245,0.0,4.306827403773668,345
2010-11-03,12.5,0.0,0.0,0.0,0.0,4.306827403773668,0.0,1.5570984326386956,389
2010-12-14,12.5,0.0,0.0,0.0,0.0,1.5570984326386956,0.0,4.387763375504524,377
2011-01-26,12.5,0.0,0.0,0.0,0.0,4.387763375504524,0.0,0.3491331910946621,653
2011-03-15,12.5,0.0,0.0,0.0,0.0,0.3491331910946621,0.0,6.040520754120623,369
2011-04-27,12.5,0.0,0.0,0.0,0.0,6.040520754120623,-6.232185483729405,0.0,402
2011-06-22,12.5,0.0,0.0,0.0,-6.232185483729405,0.0,-6.782682537489745,0.0,408
2011-08-09,12.5,0.0,0.0,0.0,-6.782682537489745,0.0,0.0,7.169964812441285,386
2011-09-21,12.5,0.0,0.0,0.0,0.0,7.169964812441285,0.0,10.393318472678304,437
2011-11-02,12.5,0.0,0.0,0.0,0.0,10.393318472678304,-0.4750994891358934,0.0,424
2011-12-13,12.5,0.0,0.0,0.0,-0.4750994891358934,0.0,0.0,8.245159765122983,424
2012-01-25,12.5,0.0,0.0,0.0,0.0,8.245159765122983,0.0,3.890412688147135,660
2012-03-13,12.5,0.0,0.0,0.0,0.0,3.890412688147135,-1.989500199823573,0.0,344
2012-04-25,12.5,0.0,0.0,0.0,-1.989500199823573,0.0,-4.035855121761888,0.0,373
2012-06-20,12.5,0.0,0.0,0.0,-4.035855121761888,0.0,0.0,4.401757106618393,438
2012-08-01,12.5,0.0,0.0,0.0,0.0,4.401757106618393,0.0,4.889386111246848,376
2012-09-13,12.5,0.0,0.0,0.0,0.0,4.889386111246848,-2.214573547712846,0.0,415
2012-10-24,12.5,0.0,0.0,0.0,-2.214573547712846,0.0,0.0,0.3816906455956319,379
2012-12-12,12.5,0.0,0.0,0.0,0.0,0.3816906455956319,0.0,5.52312983048044,403
2013-01-30,12.5,0.0,0.0,0.0,0.0,5.52312983048044,0.0,3.5282324697286342,677
2013-03-20,12.5,0.0,0.0,0.0,0.0,3.5282324697286342,0.0,3.03919592179801,388
2013-05-01,12.5,0.0,0.0,0.0,0.0,3.03919592179801,0.0,2.555798472708714,353
2013-06-19,12.5,0.0,0.0,0.0,0.0,2.555798472708714,0.0,5.932327679094761,413
2013-07-31,12.5,0.0,0.0,0.0,0.0,5.932327679094761,-0.5490488995725852,0.0,366
2013-09-18,12.5,0.0,0.0,0.0,-0.5490488995725852,0.0,0.0,2.278539508167516,369
2013-10-30,12.5,0.0,0.0,0.0,0.0,2.278539508167516,0.0,1.6851950420826414,373
2013-12-18,12.5,0.0,0.0,0.0,0.0,1.6851950420826414,-1.5674398932992968,0.0,400
2014-01-29,12.5,0.0,0.0,0.0,-1.5674398932992968,0.0,0.0,3.533096814907931,712
2014-03-19,12.5,0.0,0.0,0.0,0.0,3.533096814907931,-0.141881172800043,0.0,397
2014-04-30,12.5,0.0,0.0,0.0,-0.141881172800043,0.0,0.0,2.8271363650504746,372
2014-06-18,12.5,0.0,0.0,0.0,0.0,2.8271363650504746,0.0,0.9838844644308352,417
2014-07-30,12.5,0.0,0.0,0.0,0.0,0.9838844644308352,0.0,2.727560945652685,406
2014-09-17,12.5,0.0,0.0,0.0,0.0,2.727560945652685,-2.505251234306585,0.0,428
2014-10-29,12.5,0.0,0.0,0.0,-2.505251234306585,0.0,-0.2548556929012915,0.0,440
2014-12-17,12.5,0.0,0.0,0.0,-0.2548556929012915,0.0,-0.2041768626186403,0.0,391
2015-01-28,12.5,0.0,0.0,0.0,-0.2041768626186403,0.0,0.0,2.9198479959632526,857
2015-03-18,12.5,0.0,0.0,0.0,0.0,2.9198479959632526,0.0,0.9332960299921064,422
2015-04-29,12.5,0.0,0.0,0.0,0.0,0.9332960299921064,-0.0539798922692998,0.0,414
2015-06-17,12.5,0.0,0.0,0.0,-0.0539798922692998,0.0,-2.5614380312419707,0.0,433
2015-07-29,12.5,0.0,0.0,0.0,-2.5614380312419707,0.0,-6.398507299645421,0.0,442
2015-09-17,12.5,0.0,0.0,0.0,-6.398507299645421,0.0,0.0,5.617495236249391,423
2015-10-28,12.5,0.0,25.0,25.0,0.0,5.617495236249391,-3.302400414906358,0.0,450
2015-12-16,37.5,25.0,0.0,0.0,-3.302400414906358,0.0,-8.439700515612575,0.0,422
2016-01-27,37.5,0.0,0.0,0.0,-8.439700515612575,0.0,0.0,6.417252408444,801
2016-03-16,37.5,0.0,0.0,0.0,0.0,6.417252408444,0.0,2.260498155543345,422
2016-04-27,37.5,0.0,0.0,0.0,0.0,2.260498155543345,0.0,0.1222627909513048,465
2016-06-15,37.5,0.0,0.0,0.0,0.0,0.1222627909513048,0.0,4.23185664561935,445
2016-07-27,37.5,0.0,0.0,0.0,0.0,4.23185664561935,-1.4803900600906414,0.0,538
2016-09-21,37.5,0.0,0.0,0.0,-1.4803900600906414,0.0,-2.404315230048286,0.0,566
2016-11-02,37.5,0.0,25.0,25.0,-2.404315230048286,0.0,0.0,7.699389600131472,480
2016-12-14,62.5,25.0,0.0,0.0,0.0,7.699389600131472,0.0,0.766619382732642,478
2017-02-01,62.5,0.0,25.0,25.0,0.0,0.766619382732642,0.0,3.918162323003221,767
2017-03-15,87.5,25.0,0.0,0.0,0.0,3.918162323003221,0.0,0.1927092668246962,479
2017-05-03,87.5,0.0,25.0,25.0,0.0,0.1927092668246962,0.0,1.5564240385273835,457
2017-06-14,112.5,25.0,0.0,0.0,0.0,1.5564240385273835,0.0,1.417996232649504,480
2017-07-26,112.5,0.0,0.0,0.0,0.0,1.417996232649504,0.0,0.9944146118107968,411
2017-09-20,112.5,0.0,0.0,0.0,0.0,0.9944146118107968,0.0,2.7340856247888965,449
2017-11-01,112.5,0.0,25.0,25.0,0.0,2.7340856247888965,0.0,2.9260790182207024,422
2017-12-13,137.5,25.0,0.0,0.0,0.0,2.9260790182207024,0.0,7.148911655702096,405
2018-01-31,137.5,0.0,25.0,25.0,0.0,7.148911655702096,-4.1445720726304085,0.0,756
2018-03-21,162.5,25.0,0.0,0.0,-4.1445720726304085,0.0,-0.0218536416260347,0.0,401
2018-05-02,162.5,0.0,25.0,25.0,-0.0218536416260347,0.0,0.0,5.428358892467418,446
2018-06-13,187.5,25.0,0.0,0.0,0.0,5.428358892467418,0.0,0.4763710453831742,393
2018-08-01,187.5,0.0,25.0,25.0,0.0,0.4763710453831742,0.0,2.9069004200691184,469
2018-09-26,212.5,25.0,0.0,0.0,0.0,2.9069004200691184,-5.840717554989847,0.0,421
2018-11-08,212.5,0.0,25.0,25.0,-5.840717554989847,0.0,-9.076083946390025,0.0,460
2018-12-19,237.5,25.0,0.0,0.0,-9.076083946390025,0.0,0.0,6.65247519930154,473
2019-01-30,237.5,0.0,0.0,0.0,0.0,6.65247519930154,0.0,4.353035321394501,850
2019-03-20,237.5,0.0,0.0,0.0,0.0,4.353035321394501,0.0,2.786040220264391,481
2019-05-01,237.5,0.0,0.0,0.0,0.0,2.786040220264391,-1.250213439072959,0.0,503
2019-06-19,237.5,0.0,-25.0,-25.0,-1.250213439072959,0.0,0.0,2.011188830104515,451
2019-07-31,212.5,-25.0,-25.0,-25.0,0.0,2.011188830104515,0.0,1.2473197240470009,531
2019-09-18,187.5,-25.0,-25.0,-25.0,0.0,1.2473197240470009,0.0,0.8963428400446505,538
2019-10-30,162.5,-25.0,0.0,0.0,0.0,0.8963428400446505,0.0,3.023718257214977,603
2019-12-11,162.5,0.0,0.0,0.0,0.0,3.023718257214977,0.0,2.1485559840748008,484
2020-01-29,162.5,0.0,-150.0,-100.0,0.0,2.1485559840748008,-19.30679872098346,0.0,807
2020-03-15,12.5,-150.0,0.0,0.0,-19.30679872098346,0.0,0.0,18.74563559498336,558
2020-04-29,12.5,0.0,0.0,0.0,0.0,18.74563559498336,0.0,10.409357713788122,517
2020-06-10,12.5,0.0,0.0,0.0,0.0,10.409357713788122,0.0,7.589732604042245,525
2020-07-29,12.5,0.0,0.0,0.0,0.0,7.589732604042245,0.0,4.129646562312915,513
2020-09-16,12.5,0.0,0.0,0.0,0.0,4.129646562312915,0.0,0.3483962171310573,542
2020-11-05,12.5,0.0,0.0,0.0,0.0,0.3483962171310573,0.0,3.849102256140097,509
2020-12-16,12.5,0.0,0.0,0.0,0.0,3.849102256140097,0.0,3.4979670186014724,482
2021-01-27,12.5,0.0,0.0,0.0,0.0,3.4979670186014724,0.0,4.676882796618454,807
2021-03-17,12.5,0.0,0.0,0.0,0.0,4.676882796618454,0.0,6.717611257885417,489
2021-04-28,12.5,0.0,0.0,0.0,0.0,6.717611257885417,0.0,1.0294124912812683,501
2021-06-16,12.5,0.0,0.0,0.0,0.0,1.0294124912812683,0.0,4.633031545878721,535
2021-07-28,12.5,0.0,0.0,0.0,0.0,4.633031545878721,-1.4071350286967688,0.0,538
2021-09-22,12.5,0.0,0.0,0.0,-1.4071350286967688,0.0,0.0,3.629686853369575,481
2021-11-03,12.5,0.0,0.0,0.0,0.0,3.629686853369575,-0.2430410169318006,0.0,460
2021-12-15,12.5,0.0,0.0,0.0,-0.2430410169318006,0.0,-5.707921584406794,0.0,515
2022-01-26,12.5,0.0,25.0,25.0,-5.707921584406794,0.0,-3.651437450153861,0.0,829
2022-03-16,37.5,25.0,50.0,50.0,-3.651437450153861,0.0,-6.071100198893482,0.0,477
2022-05-04,87.5,50.0,75.0,75.0,-6.071100198893482,0.0,-10.185909178114285,0.0,467
2022-06-15,162.5,75.0,75.0,75.0,-10.185909178114285,0.0,0.0,7.656593909553768,452
2022-07-27,237.5,75.0,75.0,75.0,0.0,7.656593909553768,-4.728850791825261,0.0,488
2022-09-21,312.5,75.0,75.0,75.0,-4.728850791825261,0.0,0.0,2.605464816532983,473
2022-11-02,387.5,75.0,50.0,50.0,0.0,2.605464816532983,0.0,6.577045295685347,497
2022-12-14,437.5,50.0,25.0,25.0,0.0,6.577045295685347,0.0,2.5257798164174163,482
2023-02-01,462.5,25.0,25.0,25.0,0.0,2.5257798164174163,-6.204536146166191,0.0,1180
2023-03-22,487.5,25.0,25.0,25.0,-6.204536146166191,0.0,0.0,4.881469132982449,483
2023-05-03,512.5,25.0,0.0,0.0,0.0,4.881469132982449,0.0,6.063975282786163,512
2023-06-14,512.5,0.0,25.0,25.0,0.0,6.063975282786163,0.0,2.3126105893465296,455
2023-07-26,537.5,25.0,0.0,0.0,0.0,2.3126105893465296,-2.635491551002436,0.0,448
2023-09-20,537.5,0.0,0.0,0.0,-2.635491551002436,0.0,-4.411522180090532,0.0,445
2023-11-01,537.5,0.0,0.0,0.0,-4.411522180090532,0.0,0.0,6.255803319654673,454
2023-12-13,537.5,0.0,0.0,0.0,0.0,6.255803319654673,0.0,3.6615937297733945,428
2024-01-31,537.5,0.0,0.0,0.0,0.0,3.6615937297733945,0.0,4.178257495449124,308
2024-03-20,537.5,0.0,0.0,0.0,0.0,4.178257495449124,-2.980468016904972,0.0,479
2024-05-01,537.5,0.0,0.0,0.0,-2.980468016904972,0.0,0.0,5.130250058983746,458
2024-06-12,537.5,0.0,0.0,0.0,0.0,5.130250058983746,-0.1107106366835336,0.0,440
2024-07-31,537.5,0.0,-50.0,-50.0,-0.1107106366835336,0.0,0.0,2.7356950767003108,457
2024-09-18,487.5,-50.0,-25.0,-25.0,0.0,2.7356950767003108,0.0,0.6219968059305512,426
2024-11-07,462.5,-25.0,-25.0,-25.0,0.0,0.6219968059305512,0.0,0.8467408795732383,471
