arm,variant,mode,n,mse,rmse,mae,oos_r2
audited_counts,original,joint,99,16.59251550111014,4.073391154935914,2.8809495827220126,0.33268056894193676
audited_counts,original,ols,99,16.89898786190139,4.110837854002684,2.9152911394753,0.3203548331953252
audited_counts,original,split,99,16.811187499199296,4.100144814418059,2.90702738257958,0.32388599687458364
flash,numbers_masked,full,99,13.187002253621639,3.631391228389147,2.644465216091189,0.4696438378701878
flash,original,full,99,12.675528820868672,3.5602708915009083,2.5689751241433,0.49021432702375756
gemini001_refresh,numbers_masked,full,99,12.371444682994712,3.5173064528122526,2.5561802340014825,0.502444012984651
gemini001_refresh,original,full,99,12.40282224848461,3.521764081889162,2.5512198271479756,0.5011820669494459
gemini2,numbers_masked,full,99,12.999948946063773,3.6055441955499274,2.5781253288983033,0.47716676631155
gemini2,original,full,99,13.151278422611757,3.6264691398951343,2.583495095144672,0.4710805824423495
gemini2,original,pca3_correct_nested,99,13.460298562484345,3.668827954876645,2.6378172676336624,0.4586523798644184
initial_signed,original,full,99,27.639482649796186,5.257326568684523,3.862046451629447,-0.11160744947727563
legacy_e5,original,full,99,15.517193476961099,3.939186905563266,2.8469085472998445,0.37592797656444776
legacy_gemini,original,full,99,12.402822272135657,3.5217640852470025,2.5512198307683804,0.5011820659982458
legacy_gemini,original,pca3_correct_nested,99,12.998144423288107,3.605293944089456,2.628111596905028,0.47723934078718677
length_only,original,full,99,24.863754080359094,4.986356794329813,3.7754752874867714,2.707692135528461e-05
tfidf,numbers_masked,full,99,21.338471118371682,4.619358301579526,3.367080271436253,0.14180725608434763
tfidf,original,full,99,21.276416381449152,4.612636597592439,3.3570591455583627,0.14430297963722483
voyage_context,numbers_masked,full,99,16.890680332828765,4.109827287469483,3.001975883610316,0.32068894622200106
voyage_context,original,full,99,17.34223123040103,4.164400464700895,3.0466706997904183,0.30252842752057085
voyage_context,original,pca3_correct_nested,99,24.65553088703539,4.9654336051381645,3.744756334077073,0.0084014179242351
voyage_isolated,numbers_masked,full,99,13.955264549077137,3.7356745775130276,2.727873600513882,0.43874578881473125
voyage_isolated,original,full,99,13.91669966729941,3.730509304009227,2.7053805125732917,0.44029679504793395
voyage_isolated,original,pca3_correct_nested,99,13.686931638707057,3.69958533334576,2.670236056496125,0.44953762836855515
