arm_id,variant,readout,n,max_abs_diff
audited_reconstruction_joint,original,full_count_length_joint,99,4.440892098500626e-16
audited_reconstruction_ols,original,full_count_length_ols,99,8.881784197001252e-16
audited_reconstruction_split,original,full_count_length,99,1.746396138813111e-09
flash,numbers_masked,five_class_counts_length,99,4.39870362356487e-13
flash,original,five_class_counts_length,99,1.5487611193520934e-13
gemini001_refresh,numbers_masked,full_vector_length,99,1.3675727217332678e-12
gemini001_refresh,original,full_vector_length,99,1.6799894808627869e-12
gemini2,numbers_masked,full_vector_length,99,1.3660184094987926e-12
gemini2,original,full_vector_length,99,1.2747580768746047e-12
gemini2,original,three_pc_length,99,2.3855404318595674e-09
historical_mean,original,historical_mean,99,0.0
legacy_gemini,original,full_vector_length,99,1.6797674362578618e-12
legacy_gemini,original,three_pc_length,99,1.1330281157739819e-09
tfidf_bigram_only,numbers_masked,tfidf_bigram_length,99,1.5853984791647235e-13
tfidf_bigram_only,original,tfidf_bigram_length,99,3.12194714524594e-13
voyage_context,numbers_masked,full_vector_length,99,4.072298054325074e-13
voyage_context,original,full_vector_length,99,4.929390229335695e-13
voyage_context,original,three_pc_length,99,8.43769498715119e-15
voyage_isolated,numbers_masked,full_vector_length,99,4.4497738826976274e-13
voyage_isolated,original,full_vector_length,99,5.764277943853813e-13
voyage_isolated,original,three_pc_length,99,2.5933388769772137e-10
