date,document_sentence_count,positive,negative,neutral,hypothetical,unclear,valid_passages,expected_passages,failed_passages
2000-02-02,510,4,1,0,1,0,6,6,0
2000-03-21,256,6,0,0,0,3,9,9,0
2000-05-16,251,4,3,0,0,2,9,9,0
2000-06-28,277,2,1,2,0,4,9,9,0
2000-08-22,250,3,0,4,0,2,9,9,0
2000-10-03,232,1,3,3,0,0,7,7,0
2000-11-15,270,2,3,0,0,1,6,6,0
2000-12-19,278,1,8,0,0,0,9,9,0
2001-01-31,541,1,2,0,1,1,5,5,0
2001-03-20,284,0,10,0,0,1,11,11,0
2001-05-15,285,3,4,0,0,1,8,8,0
2001-06-27,304,0,4,0,2,2,8,8,0
2001-08-21,332,0,6,0,0,0,6,6,0
2001-10-02,273,0,7,0,1,1,9,9,0
2001-11-06,266,1,2,0,0,1,4,4,0
2001-12-11,287,2,0,0,1,2,5,5,0
2002-01-30,524,0,4,0,2,2,8,8,0
2002-03-19,266,1,1,0,0,1,3,3,0
2002-05-07,252,0,1,0,0,0,1,1,0
2002-06-26,260,0,4,0,1,0,5,5,0
2002-08-13,244,0,7,0,0,2,9,9,0
2002-09-24,538,1,4,0,0,2,7,7,0
2002-11-06,281,3,2,0,0,1,6,6,0
2002-12-10,235,0,0,0,0,2,2,2,0
2003-01-29,495,0,1,0,1,0,2,2,0
2003-03-18,249,0,3,0,2,1,6,6,0
2003-05-06,261,3,0,0,0,1,4,4,0
2003-06-25,294,6,0,0,0,0,6,6,0
2003-08-12,246,3,0,1,0,0,4,4,0
2003-09-16,256,2,0,0,0,0,2,2,0
2003-10-28,249,1,0,0,0,0,1,1,0
2003-12-09,590,3,0,0,0,0,3,3,0
2004-01-28,1194,3,0,0,0,1,4,4,0
2004-03-16,257,2,2,0,0,0,4,4,0
2004-05-04,294,0,0,1,0,0,1,1,0
2004-06-30,308,1,0,0,0,1,2,2,0
2004-08-10,247,0,2,0,0,0,2,2,0
2004-09-21,285,1,0,0,0,0,1,1,0
2004-11-10,269,1,0,0,0,0,1,1,0
2004-12-14,258,2,0,0,0,0,2,2,0
2005-02-02,869,1,2,0,0,0,3,3,0
2005-03-22,289,2,0,0,0,0,2,2,0
2005-05-03,597,0,3,0,0,0,3,3,0
2005-06-30,615,3,0,0,0,1,4,4,0
2005-08-09,239,1,0,0,0,0,1,1,0
2005-09-20,246,1,0,0,0,0,1,1,0
2005-11-01,252,0,1,0,0,0,1,1,0
2005-12-13,517,3,0,0,0,0,3,3,0
2006-01-31,472,4,0,0,0,0,4,4,0
2006-03-28,292,2,0,0,0,0,2,2,0
2006-05-10,294,2,0,0,0,0,2,2,0
2006-06-29,269,0,3,0,0,0,3,3,0
2006-08-08,262,1,0,0,0,0,1,1,0
2006-09-20,267,1,0,0,0,0,1,1,0
2006-10-25,301,1,0,0,0,0,1,1,0
2006-12-12,286,2,0,0,0,0,2,2,0
2007-01-31,536,2,0,0,0,0,2,2,0
2007-03-21,310,0,5,0,0,0,5,5,0
2007-05-09,287,4,0,0,0,0,4,4,0
2007-06-28,297,2,0,0,2,0,4,4,0
2007-08-07,292,1,3,0,0,0,4,4,0
2007-09-18,358,0,1,1,0,0,2,2,0
2007-10-31,341,2,0,0,0,0,2,2,0
2007-12-11,355,0,1,0,0,0,1,1,0
2008-01-30,636,0,7,0,0,0,7,7,0
2008-03-18,379,0,3,0,0,0,3,3,0
2008-04-30,410,2,1,0,0,0,3,3,0
2008-06-25,1615,0,4,0,0,1,5,5,0
2008-08-05,316,0,5,0,0,0,5,5,0
2008-09-16,308,0,3,0,0,0,3,3,0
2008-10-29,462,0,5,0,0,0,5,5,0
2008-12-16,432,0,7,0,0,1,8,8,0
2009-01-28,683,0,6,0,0,0,6,6,0
2009-03-18,404,0,9,0,0,1,10,10,0
2009-04-29,380,5,0,0,0,3,8,8,0
2009-06-24,449,7,0,0,0,2,9,9,0
2009-08-12,404,9,0,0,0,1,10,10,0
2009-09-23,405,6,0,0,0,4,10,10,0
2009-11-04,403,2,1,2,0,4,9,9,0
2009-12-16,455,6,0,0,0,1,7,7,0
2010-01-27,652,0,1,3,0,0,4,4,0
2010-03-16,353,3,0,0,0,3,6,6,0
2010-04-28,396,4,0,0,0,3,7,7,0
2010-06-23,444,0,10,0,0,1,11,11,0
2010-08-10,396,4,0,1,0,4,9,9,0
2010-09-21,345,3,1,0,0,3,7,7,0
2010-11-03,389,4,0,0,1,1,6,6,0
2010-12-14,377,4,0,0,0,3,7,7,0
2011-01-26,653,6,0,0,1,1,8,8,0
2011-03-15,369,1,4,2,0,1,8,8,0
2011-04-27,402,4,0,0,0,0,4,4,0
2011-06-22,408,0,4,0,0,2,6,6,0
2011-08-09,386,0,6,0,0,0,6,6,0
2011-09-21,437,1,4,0,0,1,6,6,0
2011-11-02,424,0,0,1,0,7,8,8,0
2011-12-13,424,1,0,0,0,2,3,3,0
2012-01-25,660,3,0,0,0,1,4,4,0
2012-03-13,344,5,0,0,1,0,6,6,0
2012-04-25,373,1,2,3,0,0,6,6,0
2012-06-20,438,0,6,0,0,0,6,6,0
2012-08-01,376,3,0,0,0,3,6,6,0
2012-09-13,415,6,0,0,1,0,7,7,0
2012-10-24,379,1,3,0,0,2,6,6,0
2012-12-12,403,1,0,0,0,4,5,5,0
2013-01-30,677,3,0,0,0,1,4,4,0
2013-03-20,388,5,1,0,1,1,8,8,0
2013-05-01,353,7,0,1,0,1,9,9,0
2013-06-19,413,3,2,0,1,4,10,10,0
2013-07-31,366,6,0,0,0,1,7,7,0
2013-09-18,369,3,0,0,1,1,5,5,0
2013-10-30,373,5,0,0,1,0,6,6,0
2013-12-18,400,2,1,1,1,3,8,8,0
2014-01-29,712,5,1,0,0,0,6,6,0
2014-03-19,397,4,0,0,0,3,7,7,0
2014-04-30,372,3,1,0,0,2,6,6,0
2014-06-18,417,5,0,0,0,1,6,6,0
2014-07-30,406,4,2,0,0,1,7,7,0
2014-09-17,428,4,0,0,0,1,5,5,0
2014-10-29,440,0,6,0,0,1,7,7,0
2014-12-17,391,0,0,3,1,1,5,5,0
2015-01-28,857,2,0,0,0,3,5,5,0
2015-03-18,422,3,0,0,0,2,5,5,0
2015-04-29,414,7,0,0,0,1,8,8,0
2015-06-17,433,0,2,0,0,2,4,4,0
2015-07-29,442,0,2,3,0,3,8,8,0
2015-09-17,423,0,10,0,0,0,10,10,0
2015-10-28,450,5,0,0,0,0,5,5,0
2015-12-16,422,0,2,0,0,0,2,2,0
2016-01-27,801,0,8,0,1,0,9,9,0
2016-03-16,422,3,2,0,1,1,7,7,0
2016-04-27,465,7,0,0,1,1,9,9,0
2016-06-15,445,0,4,1,0,0,5,5,0
2016-07-27,538,8,2,0,0,4,14,14,0
2016-09-21,566,1,1,0,0,0,2,2,0
2016-11-02,480,1,0,2,0,0,3,3,0
2016-12-14,478,6,0,0,0,3,9,9,0
2017-02-01,767,5,0,3,0,0,8,8,0
2017-03-15,479,8,0,0,1,0,9,9,0
2017-05-03,457,3,0,0,0,2,5,5,0
2017-06-14,480,6,0,0,0,1,7,7,0
2017-07-26,411,7,0,0,0,1,8,8,0
2017-09-20,449,5,0,0,0,1,6,6,0
2017-11-01,422,6,0,0,0,0,6,6,0
2017-12-13,405,4,1,0,0,1,6,6,0
2018-01-31,756,6,0,0,1,0,7,7,0
2018-03-21,401,0,9,0,0,3,12,12,0
2018-05-02,446,0,5,0,0,5,10,10,0
2018-06-13,393,3,2,0,0,2,7,7,0
2018-08-01,469,0,1,0,0,6,7,7,0
2018-09-26,421,4,2,0,0,2,8,8,0
2018-11-08,460,1,13,0,1,3,18,18,0
2018-12-19,473,1,9,0,0,0,10,10,0
2019-01-30,850,4,3,0,1,0,8,8,0
2019-03-20,481,7,1,0,1,1,10,10,0
2019-05-01,503,5,0,0,1,1,7,7,0
2019-06-19,451,0,5,0,0,2,7,7,0
2019-07-31,531,5,0,0,1,2,8,8,0
2019-09-18,538,3,3,2,0,3,11,11,0
2019-10-30,603,0,0,3,0,0,3,3,0
2019-12-11,484,3,0,0,1,1,5,5,0
2020-01-29,807,6,0,0,0,3,9,9,0
2020-03-15,558,0,6,0,0,0,6,6,0
2020-04-29,517,6,1,0,0,2,9,9,0
2020-06-10,525,4,0,0,0,1,5,5,0
2020-07-29,513,0,2,5,0,3,10,10,0
2020-09-16,542,7,0,0,0,0,7,7,0
2020-11-05,509,4,1,0,0,2,7,7,0
2020-12-16,482,6,0,0,0,1,7,7,0
2021-01-27,807,4,0,0,0,3,7,7,0
2021-03-17,489,4,0,0,0,1,5,5,0
2021-04-28,501,5,0,1,0,4,10,10,0
2021-06-16,535,6,0,0,0,0,6,6,0
2021-07-28,538,3,4,0,0,1,8,8,0
2021-09-22,481,0,0,3,0,2,5,5,0
2021-11-03,460,6,0,0,0,0,6,6,0
2021-12-15,515,0,1,2,0,3,6,6,0
2022-01-26,829,0,5,0,0,1,6,6,0
2022-03-16,477,0,7,0,0,2,9,9,0
2022-05-04,467,0,5,0,0,1,6,6,0
2022-06-15,452,0,8,1,0,0,9,9,0
2022-07-27,488,5,0,0,0,2,7,7,0
2022-09-21,473,0,4,0,0,1,5,5,0
2022-11-02,497,0,0,4,0,1,5,5,0
2022-12-14,482,5,0,0,1,0,6,6,0
2023-02-01,1180,1,1,0,0,2,4,4,0
2023-03-22,483,2,4,0,0,5,11,11,0
2023-05-03,512,3,1,0,0,3,7,7,0
2023-06-14,455,8,1,1,0,0,10,10,0
2023-07-26,448,7,0,0,0,0,7,7,0
2023-09-20,445,0,6,0,0,0,6,6,0
2023-11-01,454,0,8,0,0,2,10,10,0
2023-12-13,428,7,0,0,0,0,7,7,0
2024-01-31,308,5,0,0,0,0,5,5,0
2024-03-20,479,6,0,0,0,1,7,7,0
2024-05-01,458,1,3,0,0,1,5,5,0
2024-06-12,440,3,0,0,0,1,4,4,0
2024-07-31,457,4,0,0,0,1,5,5,0
2024-09-18,426,2,0,0,0,3,5,5,0
2024-11-07,471,3,0,0,0,1,4,4,0
2024-12-18,460,3,0,0,0,3,6,6,0
