model,fold,date,y,prediction,alpha,edf
gemini_vector,0,2012-09-13,4.889386111246848,3.2481276855985985,1.0,24.164287003139357
gemini_vector,0,2012-10-24,-2.214573547712846,0.5043085392698246,1.0,24.164287003139357
gemini_vector,0,2012-12-12,0.3816906455956319,0.3853230228638935,1.0,24.164287003139357
gemini_vector,0,2013-01-30,5.52312983048044,5.461528139827592,1.0,24.164287003139357
gemini_vector,0,2013-03-20,3.5282324697286342,2.509556797336111,1.0,24.164287003139357
gemini_vector,0,2013-05-01,3.03919592179801,1.5020600980124164,1.0,24.164287003139357
gemini_vector,0,2013-06-19,2.555798472708714,1.2841938482075357,1.0,24.164287003139357
gemini_vector,0,2013-07-31,5.932327679094761,1.6142850306959937,1.0,24.164287003139357
gemini_vector,0,2013-09-18,-0.5490488995725852,0.7733414109278232,1.0,24.164287003139357
gemini_vector,0,2013-10-30,2.278539508167516,1.0685735970677246,1.0,24.164287003139357
gemini_vector,0,2013-12-18,1.6851950420826414,1.8896417606885352,1.0,24.164287003139357
gemini_vector,0,2014-01-29,-1.5674398932992968,3.1682912974906854,1.0,24.164287003139357
gemini_vector,0,2014-03-19,3.533096814907931,2.2708009219822953,1.0,24.164287003139357
gemini_vector,0,2014-04-30,-0.141881172800043,1.5322408004919958,1.0,24.164287003139357
gemini_vector,0,2014-06-18,2.8271363650504746,3.988441770525527,1.0,24.164287003139357
gemini_vector,0,2014-07-30,0.9838844644308352,1.6591970056260774,1.0,24.164287003139357
gemini_vector,0,2014-09-17,2.727560945652685,2.288879761348202,1.0,24.164287003139357
gemini_vector,0,2014-10-29,-2.505251234306585,-0.3325682692904993,1.0,24.164287003139357
gemini_vector,0,2014-12-17,-0.2548556929012915,-1.2047177935798226,1.0,24.164287003139357
gemini_vector,0,2015-01-28,-0.2041768626186403,2.2834951250520925,1.0,24.164287003139357
length_only,0,2012-09-13,4.889386111246848,-0.5397759036903782,10000.0,1.00990099009901
length_only,0,2012-10-24,-2.214573547712846,-0.539680178183189,10000.0,1.00990099009901
length_only,0,2012-12-12,0.3816906455956319,-0.5397439951879818,10000.0,1.00990099009901
length_only,0,2013-01-30,5.52312983048044,-0.5404725726593664,10000.0,1.00990099009901
length_only,0,2013-03-20,3.5282324697286342,-0.5397041095599864,10000.0,1.00990099009901
length_only,0,2013-05-01,3.03919592179801,-0.5396110430946635,10000.0,1.00990099009901
length_only,0,2013-06-19,2.555798472708714,-0.5397705856066455,10000.0,1.00990099009901
length_only,0,2013-07-31,5.932327679094761,-0.5396456106389262,10000.0,1.00990099009901
length_only,0,2013-09-18,-0.5490488995725852,-0.5396535877645253,10000.0,1.00990099009901
length_only,0,2013-10-30,2.278539508167516,-0.5396642239319909,10000.0,1.00990099009901
length_only,0,2013-12-18,1.6851950420826414,-0.5397360180623827,10000.0,1.00990099009901
length_only,0,2014-01-29,-1.5674398932992968,-0.5405656391246892,10000.0,1.00990099009901
length_only,0,2014-03-19,3.533096814907931,-0.5397280409367836,10000.0,1.00990099009901
length_only,0,2014-04-30,-0.141881172800043,-0.5396615648901244,10000.0,1.00990099009901
length_only,0,2014-06-18,2.8271363650504746,-0.5397812217741109,10000.0,1.00990099009901
length_only,0,2014-07-30,0.9838844644308352,-0.539751972313581,10000.0,1.00990099009901
length_only,0,2014-09-17,2.727560945652685,-0.539810471234641,10000.0,1.00990099009901
length_only,0,2014-10-29,-2.505251234306585,-0.5398423797370374,10000.0,1.00990099009901
length_only,0,2014-12-17,-0.2548556929012915,-0.5397120866855855,10000.0,1.00990099009901
length_only,0,2015-01-28,-0.2041768626186403,-0.5409512001953124,10000.0,1.00990099009901
gemini_only,0,2012-09-13,4.889386111246848,4.231866056048125,1.0,34.44306984136963
gemini_only,0,2012-10-24,-2.214573547712846,0.717001279170894,1.0,34.44306984136963
gemini_only,0,2012-12-12,0.3816906455956319,0.5084604320873678,1.0,34.44306984136963
gemini_only,0,2013-01-30,5.52312983048044,6.194961751785854,1.0,34.44306984136963
gemini_only,0,2013-03-20,3.5282324697286342,2.675533009866082,1.0,34.44306984136963
gemini_only,0,2013-05-01,3.03919592179801,1.7208530452203192,1.0,34.44306984136963
gemini_only,0,2013-06-19,2.555798472708714,1.3927139189465885,1.0,34.44306984136963
gemini_only,0,2013-07-31,5.932327679094761,1.8909810651587982,1.0,34.44306984136963
gemini_only,0,2013-09-18,-0.5490488995725852,0.8858555434787618,1.0,34.44306984136963
gemini_only,0,2013-10-30,2.278539508167516,1.76584655516383,1.0,34.44306984136963
gemini_only,0,2013-12-18,1.6851950420826414,2.2438141276374806,1.0,34.44306984136963
gemini_only,0,2014-01-29,-1.5674398932992968,4.018675966306657,1.0,34.44306984136963
gemini_only,0,2014-03-19,3.533096814907931,2.669475852546391,1.0,34.44306984136963
gemini_only,0,2014-04-30,-0.141881172800043,1.4891409475600683,1.0,34.44306984136963
gemini_only,0,2014-06-18,2.8271363650504746,4.798370472703069,1.0,34.44306984136963
gemini_only,0,2014-07-30,0.9838844644308352,1.962378423007585,1.0,34.44306984136963
gemini_only,0,2014-09-17,2.727560945652685,2.7143265977254467,1.0,34.44306984136963
gemini_only,0,2014-10-29,-2.505251234306585,-0.37889766943563297,1.0,34.44306984136963
gemini_only,0,2014-12-17,-0.2548556929012915,-1.8276530907967248,1.0,34.44306984136963
gemini_only,0,2015-01-28,-0.2041768626186403,3.3848437448394817,1.0,34.44306984136963
wordlength_gemini,0,2012-09-13,4.889386111246848,3.3095742496383282,1.0,24.115478458895787
wordlength_gemini,0,2012-10-24,-2.214573547712846,0.4873426223149906,1.0,24.115478458895787
wordlength_gemini,0,2012-12-12,0.3816906455956319,0.449102692496424,1.0,24.115478458895787
wordlength_gemini,0,2013-01-30,5.52312983048044,5.992098115235564,1.0,24.115478458895787
wordlength_gemini,0,2013-03-20,3.5282324697286342,2.585968889062399,1.0,24.115478458895787
wordlength_gemini,0,2013-05-01,3.03919592179801,1.5324291110570158,1.0,24.115478458895787
wordlength_gemini,0,2013-06-19,2.555798472708714,1.4035318403415835,1.0,24.115478458895787
wordlength_gemini,0,2013-07-31,5.932327679094761,1.7207820593149974,1.0,24.115478458895787
wordlength_gemini,0,2013-09-18,-0.5490488995725852,0.9636841972546648,1.0,24.115478458895787
wordlength_gemini,0,2013-10-30,2.278539508167516,1.251856235200408,1.0,24.115478458895787
wordlength_gemini,0,2013-12-18,1.6851950420826414,2.130555663315463,1.0,24.115478458895787
wordlength_gemini,0,2014-01-29,-1.5674398932992968,3.9470519253727954,1.0,24.115478458895787
wordlength_gemini,0,2014-03-19,3.533096814907931,2.4528239889864025,1.0,24.115478458895787
wordlength_gemini,0,2014-04-30,-0.141881172800043,1.5701702814686256,1.0,24.115478458895787
wordlength_gemini,0,2014-06-18,2.8271363650504746,4.306776650797261,1.0,24.115478458895787
wordlength_gemini,0,2014-07-30,0.9838844644308352,1.8868024899410043,1.0,24.115478458895787
wordlength_gemini,0,2014-09-17,2.727560945652685,2.6240805738042825,1.0,24.115478458895787
wordlength_gemini,0,2014-10-29,-2.505251234306585,-0.06209287550988474,1.0,24.115478458895787
wordlength_gemini,0,2014-12-17,-0.2548556929012915,-1.1040852417969604,1.0,24.115478458895787
wordlength_gemini,0,2015-01-28,-0.2041768626186403,3.4142886103435046,1.0,24.115478458895787
balanced_signed_counts,0,2012-09-13,4.889386111246848,1.522147238820805,0.0001,4.999891150344899
balanced_signed_counts,0,2012-10-24,-2.214573547712846,0.040710780324140106,0.0001,4.999891150344899
balanced_signed_counts,0,2012-12-12,0.3816906455956319,-4.124013110466714,0.0001,4.999891150344899
balanced_signed_counts,0,2013-01-30,5.52312983048044,1.4044261331612486,0.0001,4.999891150344899
balanced_signed_counts,0,2013-03-20,3.5282324697286342,4.673302119964463,0.0001,4.999891150344899
balanced_signed_counts,0,2013-05-01,3.03919592179801,-0.16665069156398626,0.0001,4.999891150344899
balanced_signed_counts,0,2013-06-19,2.555798472708714,4.601157034567697,0.0001,4.999891150344899
balanced_signed_counts,0,2013-07-31,5.932327679094761,3.7319344080209005,0.0001,4.999891150344899
balanced_signed_counts,0,2013-09-18,-0.5490488995725852,1.1110291682547189,0.0001,4.999891150344899
balanced_signed_counts,0,2013-10-30,2.278539508167516,4.729441317570059,0.0001,4.999891150344899
balanced_signed_counts,0,2013-12-18,1.6851950420826414,0.7216287274595377,0.0001,4.999891150344899
balanced_signed_counts,0,2014-01-29,-1.5674398932992968,5.706807134021991,0.0001,4.999891150344899
balanced_signed_counts,0,2014-03-19,3.533096814907931,4.259907229136812,0.0001,4.999891150344899
balanced_signed_counts,0,2014-04-30,-0.141881172800043,6.477016567693624,0.0001,4.999891150344899
balanced_signed_counts,0,2014-06-18,2.8271363650504746,2.7955558331254977,0.0001,4.999891150344899
balanced_signed_counts,0,2014-07-30,0.9838844644308352,1.8575441149984677,0.0001,4.999891150344899
balanced_signed_counts,0,2014-09-17,2.727560945652685,2.0636852252920486,0.0001,4.999891150344899
balanced_signed_counts,0,2014-10-29,-2.505251234306585,-0.2181058416212872,0.0001,4.999891150344899
balanced_signed_counts,0,2014-12-17,-0.2548556929012915,1.7749697441529857,0.0001,4.999891150344899
balanced_signed_counts,0,2015-01-28,-0.2041768626186403,-2.634705639375718,0.0001,4.999891150344899
signed_counts_ols,0,2012-09-13,4.889386111246848,1.5222312951751098,0.0,5.0
signed_counts_ols,0,2012-10-24,-2.214573547712846,0.04061727317490696,0.0,5.0
signed_counts_ols,0,2012-12-12,0.3816906455956319,-4.123924824231316,0.0,5.0
signed_counts_ols,0,2013-01-30,5.52312983048044,1.4043342122888705,0.0,5.0
signed_counts_ols,0,2013-03-20,3.5282324697286342,4.673304356176982,0.0,5.0
signed_counts_ols,0,2013-05-01,3.03919592179801,-0.1667554992274221,0.0,5.0
signed_counts_ols,0,2013-06-19,2.555798472708714,4.601506194147828,0.0,5.0
signed_counts_ols,0,2013-07-31,5.932327679094761,3.7318351211964442,0.0,5.0
signed_counts_ols,0,2013-09-18,-0.5490488995725852,1.1109444101150068,0.0,5.0
signed_counts_ols,0,2013-10-30,2.278539508167516,4.729552406856194,0.0,5.0
signed_counts_ols,0,2013-12-18,1.6851950420826414,0.7215159343565816,0.0,5.0
signed_counts_ols,0,2014-01-29,-1.5674398932992968,5.706891119494411,0.0,5.0
signed_counts_ols,0,2014-03-19,3.533096814907931,4.260193481538992,0.0,5.0
signed_counts_ols,0,2014-04-30,-0.141881172800043,6.477117905838754,0.0,5.0
signed_counts_ols,0,2014-06-18,2.8271363650504746,2.7956608555217883,0.0,5.0
signed_counts_ols,0,2014-07-30,0.9838844644308352,1.8575468947521974,0.0,5.0
signed_counts_ols,0,2014-09-17,2.727560945652685,2.063699567441455,0.0,5.0
signed_counts_ols,0,2014-10-29,-2.505251234306585,-0.2180136055290212,0.0,5.0
signed_counts_ols,0,2014-12-17,-0.2548556929012915,1.7751762457672768,0.0,5.0
signed_counts_ols,0,2015-01-28,-0.2041768626186403,-2.634828721246664,0.0,5.0
gemini_vector,1,2015-03-18,2.9198479959632526,3.923360746109145,1.0,28.23227570591252
gemini_vector,1,2015-04-29,0.9332960299921064,3.455862752559693,1.0,28.23227570591252
gemini_vector,1,2015-06-17,-0.0539798922692998,-1.2025321790203924,1.0,28.23227570591252
gemini_vector,1,2015-07-29,-2.5614380312419707,0.4558300331918371,1.0,28.23227570591252
gemini_vector,1,2015-09-17,-6.398507299645421,-2.285261745938167,1.0,28.23227570591252
gemini_vector,1,2015-10-28,5.617495236249391,1.9169709090500575,1.0,28.23227570591252
gemini_vector,1,2015-12-16,-3.302400414906358,-7.830834685134818,1.0,28.23227570591252
gemini_vector,1,2016-01-27,-8.439700515612575,-4.989319002578841,1.0,28.23227570591252
gemini_vector,1,2016-03-16,6.417252408444,1.8958672900211742,1.0,28.23227570591252
gemini_vector,1,2016-04-27,2.260498155543345,4.2947663454478135,1.0,28.23227570591252
gemini_vector,1,2016-06-15,0.1222627909513048,-1.360920179480439,1.0,28.23227570591252
gemini_vector,1,2016-07-27,4.23185664561935,1.0629927703802258,1.0,28.23227570591252
gemini_vector,1,2016-09-21,-1.4803900600906414,2.3704174017037816,1.0,28.23227570591252
gemini_vector,1,2016-11-02,-2.404315230048286,2.3399212152990674,1.0,28.23227570591252
gemini_vector,1,2016-12-14,7.699389600131472,2.0816742089961227,1.0,28.23227570591252
gemini_vector,1,2017-02-01,0.766619382732642,2.8567351668181944,1.0,28.23227570591252
gemini_vector,1,2017-03-15,3.918162323003221,2.903928440708956,1.0,28.23227570591252
gemini_vector,1,2017-05-03,0.1927092668246962,1.8025093733394795,1.0,28.23227570591252
gemini_vector,1,2017-06-14,1.5564240385273835,2.7267313796874335,1.0,28.23227570591252
gemini_vector,1,2017-07-26,1.417996232649504,3.05130877911216,1.0,28.23227570591252
length_only,1,2015-03-18,2.9198479959632526,-0.17933158077798825,10000.0,1.0118577075098814
length_only,1,2015-04-29,0.9332960299921064,-0.17933868422261504,10000.0,1.0118577075098814
length_only,1,2015-06-17,-0.0539798922692998,-0.17932181354162635,10000.0,1.0118577075098814
length_only,1,2015-07-29,-2.5614380312419707,-0.1793138221664212,10000.0,1.0118577075098814
length_only,1,2015-09-17,-6.398507299645421,-0.17933069284740988,10000.0,1.0118577075098814
length_only,1,2015-10-28,5.617495236249391,-0.17930671872179438,10000.0,1.0118577075098814
length_only,1,2015-12-16,-3.302400414906358,-0.17933158077798825,10000.0,1.0118577075098814
length_only,1,2016-01-27,-8.439700515612575,-0.17899505508879293,10000.0,1.0118577075098814
length_only,1,2016-03-16,6.417252408444,-0.17933158077798825,10000.0,1.0118577075098814
length_only,1,2016-04-27,2.260498155543345,-0.17929339976311912,10000.0,1.0118577075098814
length_only,1,2016-06-15,0.1222627909513048,-0.17931115837468614,10000.0,1.0118577075098814
length_only,1,2016-07-27,4.23185664561935,-0.17922858083089943,10000.0,1.0118577075098814
length_only,1,2016-09-21,-1.4803900600906414,-0.1792037187747056,10000.0,1.0118577075098814
length_only,1,2016-11-02,-2.404315230048286,-0.17928008080444383,10000.0,1.0118577075098814
length_only,1,2016-12-14,7.699389600131472,-0.17928185666560054,10000.0,1.0118577075098814
length_only,1,2017-02-01,0.766619382732642,-0.17902524472845688,10000.0,1.0118577075098814
length_only,1,2017-03-15,3.918162323003221,-0.1792809687350222,10000.0,1.0118577075098814
length_only,1,2017-05-03,0.1927092668246962,-0.17930050320774593,10000.0,1.0118577075098814
length_only,1,2017-06-14,1.5564240385273835,-0.17928008080444383,10000.0,1.0118577075098814
length_only,1,2017-07-26,1.417996232649504,-0.1793413480143501,10000.0,1.0118577075098814
gemini_only,1,2015-03-18,2.9198479959632526,4.285567665997108,1.0,40.47063878181399
gemini_only,1,2015-04-29,0.9332960299921064,4.1402476749315005,1.0,40.47063878181399
gemini_only,1,2015-06-17,-0.0539798922692998,-1.3968076167639523,1.0,40.47063878181399
gemini_only,1,2015-07-29,-2.5614380312419707,1.0087423578830168,1.0,40.47063878181399
gemini_only,1,2015-09-17,-6.398507299645421,-2.264046121516725,1.0,40.47063878181399
gemini_only,1,2015-10-28,5.617495236249391,2.1510766288433545,1.0,40.47063878181399
gemini_only,1,2015-12-16,-3.302400414906358,-9.387364055324216,1.0,40.47063878181399
gemini_only,1,2016-01-27,-8.439700515612575,-5.375991875383687,1.0,40.47063878181399
gemini_only,1,2016-03-16,6.417252408444,2.4484384172720848,1.0,40.47063878181399
gemini_only,1,2016-04-27,2.260498155543345,4.946439850596065,1.0,40.47063878181399
gemini_only,1,2016-06-15,0.1222627909513048,-1.4177536716781955,1.0,40.47063878181399
gemini_only,1,2016-07-27,4.23185664561935,1.3434088871082661,1.0,40.47063878181399
gemini_only,1,2016-09-21,-1.4803900600906414,2.7993259763542446,1.0,40.47063878181399
gemini_only,1,2016-11-02,-2.404315230048286,2.6139592599128494,1.0,40.47063878181399
gemini_only,1,2016-12-14,7.699389600131472,2.3529976511491904,1.0,40.47063878181399
gemini_only,1,2017-02-01,0.766619382732642,3.9240245194683645,1.0,40.47063878181399
gemini_only,1,2017-03-15,3.918162323003221,3.5653260090660055,1.0,40.47063878181399
gemini_only,1,2017-05-03,0.1927092668246962,2.2068859875089277,1.0,40.47063878181399
gemini_only,1,2017-06-14,1.5564240385273835,2.634178565021077,1.0,40.47063878181399
gemini_only,1,2017-07-26,1.417996232649504,3.0098669037279424,1.0,40.47063878181399
wordlength_gemini,1,2015-03-18,2.9198479959632526,3.7861991195343436,1.0,28.181546631468336
wordlength_gemini,1,2015-04-29,0.9332960299921064,3.3496927256763973,1.0,28.181546631468336
wordlength_gemini,1,2015-06-17,-0.0539798922692998,-1.2739229831543062,1.0,28.181546631468336
wordlength_gemini,1,2015-07-29,-2.5614380312419707,0.4883359142749436,1.0,28.181546631468336
wordlength_gemini,1,2015-09-17,-6.398507299645421,-2.3115449482531556,1.0,28.181546631468336
wordlength_gemini,1,2015-10-28,5.617495236249391,1.9210825869733297,1.0,28.181546631468336
wordlength_gemini,1,2015-12-16,-3.302400414906358,-7.912848149078024,1.0,28.181546631468336
wordlength_gemini,1,2016-01-27,-8.439700515612575,-4.681923090428525,1.0,28.181546631468336
wordlength_gemini,1,2016-03-16,6.417252408444,1.9488272630153873,1.0,28.181546631468336
wordlength_gemini,1,2016-04-27,2.260498155543345,4.243024588151995,1.0,28.181546631468336
wordlength_gemini,1,2016-06-15,0.1222627909513048,-1.4702891515664147,1.0,28.181546631468336
wordlength_gemini,1,2016-07-27,4.23185664561935,1.1087770840412983,1.0,28.181546631468336
wordlength_gemini,1,2016-09-21,-1.4803900600906414,2.466591780805694,1.0,28.181546631468336
wordlength_gemini,1,2016-11-02,-2.404315230048286,2.2873648974916474,1.0,28.181546631468336
wordlength_gemini,1,2016-12-14,7.699389600131472,2.079792000355102,1.0,28.181546631468336
wordlength_gemini,1,2017-02-01,0.766619382732642,3.172700519989672,1.0,28.181546631468336
wordlength_gemini,1,2017-03-15,3.918162323003221,2.9025806306602564,1.0,28.181546631468336
wordlength_gemini,1,2017-05-03,0.1927092668246962,1.8855394071745475,1.0,28.181546631468336
wordlength_gemini,1,2017-06-14,1.5564240385273835,2.675497417312935,1.0,28.181546631468336
wordlength_gemini,1,2017-07-26,1.417996232649504,2.956657226858893,1.0,28.181546631468336
balanced_signed_counts,1,2015-03-18,2.9198479959632526,4.213034912904207,0.0001,4.999920976211715
balanced_signed_counts,1,2015-04-29,0.9332960299921064,0.7203309640779706,0.0001,4.999920976211715
balanced_signed_counts,1,2015-06-17,-0.0539798922692998,-0.9914887611540197,0.0001,4.999920976211715
balanced_signed_counts,1,2015-07-29,-2.5614380312419707,-5.557776368826017,0.0001,4.999920976211715
balanced_signed_counts,1,2015-09-17,-6.398507299645421,-11.416780038022072,0.0001,4.999920976211715
balanced_signed_counts,1,2015-10-28,5.617495236249391,-0.18804726203621697,0.0001,4.999920976211715
balanced_signed_counts,1,2015-12-16,-3.302400414906358,-1.3076273257086837,0.0001,4.999920976211715
balanced_signed_counts,1,2016-01-27,-8.439700515612575,-6.115367167625162,0.0001,4.999920976211715
balanced_signed_counts,1,2016-03-16,6.417252408444,-2.19274604057307,0.0001,4.999920976211715
balanced_signed_counts,1,2016-04-27,2.260498155543345,3.8015574347037275,0.0001,4.999920976211715
balanced_signed_counts,1,2016-06-15,0.1222627909513048,-1.7552430664467256,0.0001,4.999920976211715
balanced_signed_counts,1,2016-07-27,4.23185664561935,-4.55626640804431,0.0001,4.999920976211715
balanced_signed_counts,1,2016-09-21,-1.4803900600906414,1.3253344535500737,0.0001,4.999920976211715
balanced_signed_counts,1,2016-11-02,-2.404315230048286,0.2804677403274235,0.0001,4.999920976211715
balanced_signed_counts,1,2016-12-14,7.699389600131472,5.060106862505499,0.0001,4.999920976211715
balanced_signed_counts,1,2017-02-01,0.766619382732642,3.6499235546338396,0.0001,4.999920976211715
balanced_signed_counts,1,2017-03-15,3.918162323003221,2.2418538184018617,0.0001,4.999920976211715
balanced_signed_counts,1,2017-05-03,0.1927092668246962,0.2996499980348362,0.0001,4.999920976211715
balanced_signed_counts,1,2017-06-14,1.5564240385273835,-5.3285752509934445,0.0001,4.999920976211715
balanced_signed_counts,1,2017-07-26,1.417996232649504,8.504188123827552,0.0001,4.999920976211715
signed_counts_ols,1,2015-03-18,2.9198479959632526,4.213092350415253,0.0,5.0
signed_counts_ols,1,2015-04-29,0.9332960299921064,0.7204134952072293,0.0,5.0
signed_counts_ols,1,2015-06-17,-0.0539798922692998,-0.9914341179106896,0.0,5.0
signed_counts_ols,1,2015-07-29,-2.5614380312419707,-5.557849482759279,0.0,5.0
signed_counts_ols,1,2015-09-17,-6.398507299645421,-11.41687862363918,0.0,5.0
signed_counts_ols,1,2015-10-28,5.617495236249391,-0.18799530819206828,0.0,5.0
signed_counts_ols,1,2015-12-16,-3.302400414906358,-1.3076694464678136,0.0,5.0
signed_counts_ols,1,2016-01-27,-8.439700515612575,-6.115359135099217,0.0,5.0
signed_counts_ols,1,2016-03-16,6.417252408444,-2.1927620576046416,0.0,5.0
signed_counts_ols,1,2016-04-27,2.260498155543345,3.8015979482843227,0.0,5.0
signed_counts_ols,1,2016-06-15,0.1222627909513048,-1.7552440514779524,0.0,5.0
signed_counts_ols,1,2016-07-27,4.23185664561935,-4.55610852190843,0.0,5.0
signed_counts_ols,1,2016-09-21,-1.4803900600906414,1.3253469314414232,0.0,5.0
signed_counts_ols,1,2016-11-02,-2.404315230048286,0.28047703942072644,0.0,5.0
signed_counts_ols,1,2016-12-14,7.699389600131472,5.060103006587621,0.0,5.0
signed_counts_ols,1,2017-02-01,0.766619382732642,3.6500625396519712,0.0,5.0
signed_counts_ols,1,2017-03-15,3.918162323003221,2.2418408485729757,0.0,5.0
signed_counts_ols,1,2017-05-03,0.1927092668246962,0.2996024699996681,0.0,5.0
signed_counts_ols,1,2017-06-14,1.5564240385273835,-5.328641608394606,0.0,5.0
signed_counts_ols,1,2017-07-26,1.417996232649504,8.504331945329934,0.0,5.0
gemini_vector,2,2017-09-20,0.9944146118107968,1.646266562486438,1.0,32.134826283003406
gemini_vector,2,2017-11-01,2.7340856247888965,3.1593891404992225,1.0,32.134826283003406
gemini_vector,2,2017-12-13,2.9260790182207024,2.805714084114971,1.0,32.134826283003406
gemini_vector,2,2018-01-31,7.148911655702096,2.2209351895330305,1.0,32.134826283003406
gemini_vector,2,2018-03-21,-4.1445720726304085,-3.087330203772307,1.0,32.134826283003406
gemini_vector,2,2018-05-02,-0.0218536416260347,-0.47110725804618403,1.0,32.134826283003406
gemini_vector,2,2018-06-13,5.428358892467418,1.7471261138882712,1.0,32.134826283003406
gemini_vector,2,2018-08-01,0.4763710453831742,-1.1053310241287073,1.0,32.134826283003406
gemini_vector,2,2018-09-26,2.9069004200691184,2.022804438214803,1.0,32.134826283003406
gemini_vector,2,2018-11-08,-5.840717554989847,-3.963108491042035,1.0,32.134826283003406
gemini_vector,2,2018-12-19,-9.076083946390025,-4.256724981473844,1.0,32.134826283003406
gemini_vector,2,2019-01-30,6.65247519930154,-0.4572157054771837,1.0,32.134826283003406
gemini_vector,2,2019-03-20,4.353035321394501,2.161305990052262,1.0,32.134826283003406
gemini_vector,2,2019-05-01,2.786040220264391,3.3228043377541785,1.0,32.134826283003406
gemini_vector,2,2019-06-19,-1.250213439072959,-3.232559448467442,1.0,32.134826283003406
gemini_vector,2,2019-07-31,2.011188830104515,1.9323933091227297,1.0,32.134826283003406
gemini_vector,2,2019-09-18,1.2473197240470009,-0.12605627632813796,1.0,32.134826283003406
gemini_vector,2,2019-10-30,0.8963428400446505,1.124686439737586,1.0,32.134826283003406
gemini_vector,2,2019-12-11,3.023718257214977,1.945742941625672,1.0,32.134826283003406
gemini_vector,2,2020-01-29,2.1485559840748008,0.9391311860309831,1.0,32.134826283003406
length_only,2,2017-09-20,0.9944146118107968,-0.05805519891622123,10000.0,1.0138067061143985
length_only,2,2017-11-01,2.7340856247888965,-0.0579620430412162,10000.0,1.0138067061143985
length_only,2,2017-12-13,2.9260790182207024,-0.05790338934213897,10000.0,1.0138067061143985
length_only,2,2018-01-31,7.148911655702096,-0.05911441571720422,10000.0,1.0138067061143985
length_only,2,2018-03-21,-4.1445720726304085,-0.05788958847176786,10000.0,1.0138067061143985
length_only,2,2018-05-02,-0.0218536416260347,-0.05804484826344289,10000.0,1.0138067061143985
length_only,2,2018-06-13,5.428358892467418,-0.05786198673102563,10000.0,1.0138067061143985
length_only,2,2018-08-01,0.4763710453831742,-0.058124203268076796,10000.0,1.0138067061143985
length_only,2,2018-09-26,2.9069004200691184,-0.05795859282362343,10000.0,1.0138067061143985
length_only,2,2018-11-08,-5.840717554989847,-0.05809315130974179,10000.0,1.0138067061143985
length_only,2,2018-12-19,-9.076083946390025,-0.05813800413844791,10000.0,1.0138067061143985
length_only,2,2019-01-30,6.65247519930154,-0.059438736170925384,10000.0,1.0138067061143985
length_only,2,2019-03-20,4.353035321394501,-0.05816560587919014,10000.0,1.0138067061143985
length_only,2,2019-05-01,2.786040220264391,-0.05824151066623126,10000.0,1.0138067061143985
length_only,2,2019-06-19,-1.250213439072959,-0.058062099351406785,10000.0,1.0138067061143985
length_only,2,2019-07-31,2.011188830104515,-0.05833811675882906,10000.0,1.0138067061143985
length_only,2,2019-09-18,1.2473197240470009,-0.05836226828197851,10000.0,1.0138067061143985
length_only,2,2019-10-30,0.8963428400446505,-0.058586532425509104,10000.0,1.0138067061143985
length_only,2,2019-12-11,3.023718257214977,-0.05817595653196846,10000.0,1.0138067061143985
length_only,2,2020-01-29,2.1485559840748008,-0.05929037681443591,10000.0,1.0138067061143985
gemini_only,2,2017-09-20,0.9944146118107968,1.8792058221039223,1.0,46.203923994051955
gemini_only,2,2017-11-01,2.7340856247888965,3.320444239798836,1.0,46.203923994051955
gemini_only,2,2017-12-13,2.9260790182207024,2.6895273937122766,1.0,46.203923994051955
gemini_only,2,2018-01-31,7.148911655702096,3.1803407808934994,1.0,46.203923994051955
gemini_only,2,2018-03-21,-4.1445720726304085,-3.6310639104494373,1.0,46.203923994051955
gemini_only,2,2018-05-02,-0.0218536416260347,0.1774506142485661,1.0,46.203923994051955
gemini_only,2,2018-06-13,5.428358892467418,1.8505866942694496,1.0,46.203923994051955
gemini_only,2,2018-08-01,0.4763710453831742,-1.2827235479057697,1.0,46.203923994051955
gemini_only,2,2018-09-26,2.9069004200691184,2.2843896260192804,1.0,46.203923994051955
gemini_only,2,2018-11-08,-5.840717554989847,-4.398874097369768,1.0,46.203923994051955
gemini_only,2,2018-12-19,-9.076083946390025,-4.617809231996867,1.0,46.203923994051955
gemini_only,2,2019-01-30,6.65247519930154,0.4178068560206048,1.0,46.203923994051955
gemini_only,2,2019-03-20,4.353035321394501,2.561067057065679,1.0,46.203923994051955
gemini_only,2,2019-05-01,2.786040220264391,3.7548404621883136,1.0,46.203923994051955
gemini_only,2,2019-06-19,-1.250213439072959,-3.2285775602121154,1.0,46.203923994051955
gemini_only,2,2019-07-31,2.011188830104515,2.3208199858921286,1.0,46.203923994051955
gemini_only,2,2019-09-18,1.2473197240470009,0.3817312909411259,1.0,46.203923994051955
gemini_only,2,2019-10-30,0.8963428400446505,1.525803470458115,1.0,46.203923994051955
gemini_only,2,2019-12-11,3.023718257214977,2.2436482997898763,1.0,46.203923994051955
gemini_only,2,2020-01-29,2.1485559840748008,2.0232958156258682,1.0,46.203923994051955
wordlength_gemini,2,2017-09-20,0.9944146118107968,1.57271298460669,1.0,32.072977220681686
wordlength_gemini,2,2017-11-01,2.7340856247888965,3.045762481788541,1.0,32.072977220681686
wordlength_gemini,2,2017-12-13,2.9260790182207024,2.679676139083049,1.0,32.072977220681686
wordlength_gemini,2,2018-01-31,7.148911655702096,2.4531728626969604,1.0,32.072977220681686
wordlength_gemini,2,2018-03-21,-4.1445720726304085,-3.186132907495002,1.0,32.072977220681686
wordlength_gemini,2,2018-05-02,-0.0218536416260347,-0.49435660751367566,1.0,32.072977220681686
wordlength_gemini,2,2018-06-13,5.428358892467418,1.681194298316062,1.0,32.072977220681686
wordlength_gemini,2,2018-08-01,0.4763710453831742,-1.0079512771119439,1.0,32.072977220681686
wordlength_gemini,2,2018-09-26,2.9069004200691184,1.9753207567948519,1.0,32.072977220681686
wordlength_gemini,2,2018-11-08,-5.840717554989847,-3.9694522692756444,1.0,32.072977220681686
wordlength_gemini,2,2018-12-19,-9.076083946390025,-4.365834319214586,1.0,32.072977220681686
wordlength_gemini,2,2019-01-30,6.65247519930154,-0.1265234375979039,1.0,32.072977220681686
wordlength_gemini,2,2019-03-20,4.353035321394501,2.0874328938610165,1.0,32.072977220681686
wordlength_gemini,2,2019-05-01,2.786040220264391,3.3149665470297682,1.0,32.072977220681686
wordlength_gemini,2,2019-06-19,-1.250213439072959,-3.2682989988003586,1.0,32.072977220681686
wordlength_gemini,2,2019-07-31,2.011188830104515,1.8796947186527346,1.0,32.072977220681686
wordlength_gemini,2,2019-09-18,1.2473197240470009,-0.1884417880083468,1.0,32.072977220681686
wordlength_gemini,2,2019-10-30,0.8963428400446505,1.0280883560337029,1.0,32.072977220681686
wordlength_gemini,2,2019-12-11,3.023718257214977,1.9912893911113765,1.0,32.072977220681686
wordlength_gemini,2,2020-01-29,2.1485559840748008,1.1287981156073579,1.0,32.072977220681686
balanced_signed_counts,2,2017-09-20,0.9944146118107968,0.6910770203820243,0.0001,4.999929667197465
balanced_signed_counts,2,2017-11-01,2.7340856247888965,2.43594081184114,0.0001,4.999929667197465
balanced_signed_counts,2,2017-12-13,2.9260790182207024,0.858783821392482,0.0001,4.999929667197465
balanced_signed_counts,2,2018-01-31,7.148911655702096,4.976112228088404,0.0001,4.999929667197465
balanced_signed_counts,2,2018-03-21,-4.1445720726304085,-2.164380204941699,0.0001,4.999929667197465
balanced_signed_counts,2,2018-05-02,-0.0218536416260347,-0.010181566860631625,0.0001,4.999929667197465
balanced_signed_counts,2,2018-06-13,5.428358892467418,0.025077190855596045,0.0001,4.999929667197465
balanced_signed_counts,2,2018-08-01,0.4763710453831742,-3.287329603146121,0.0001,4.999929667197465
balanced_signed_counts,2,2018-09-26,2.9069004200691184,3.4837703430033105,0.0001,4.999929667197465
balanced_signed_counts,2,2018-11-08,-5.840717554989847,2.172687680450433,0.0001,4.999929667197465
balanced_signed_counts,2,2018-12-19,-9.076083946390025,-6.440465342555795,0.0001,4.999929667197465
balanced_signed_counts,2,2019-01-30,6.65247519930154,-1.9205027461012687,0.0001,4.999929667197465
balanced_signed_counts,2,2019-03-20,4.353035321394501,0.07979628033770356,0.0001,4.999929667197465
balanced_signed_counts,2,2019-05-01,2.786040220264391,-3.3716135479468674,0.0001,4.999929667197465
balanced_signed_counts,2,2019-06-19,-1.250213439072959,-4.690516134070759,0.0001,4.999929667197465
balanced_signed_counts,2,2019-07-31,2.011188830104515,2.014349600799256,0.0001,4.999929667197465
balanced_signed_counts,2,2019-09-18,1.2473197240470009,1.0941740279388563,0.0001,4.999929667197465
balanced_signed_counts,2,2019-10-30,0.8963428400446505,-1.340540298559235,0.0001,4.999929667197465
balanced_signed_counts,2,2019-12-11,3.023718257214977,3.2769307661638734,0.0001,4.999929667197465
balanced_signed_counts,2,2020-01-29,2.1485559840748008,3.365881477690234,0.0001,4.999929667197465
signed_counts_ols,2,2017-09-20,0.9944146118107968,0.6911171591970567,0.0,5.0
signed_counts_ols,2,2017-11-01,2.7340856247888965,2.4359389424041566,0.0,5.0
signed_counts_ols,2,2017-12-13,2.9260790182207024,0.8587815009632742,0.0,5.0
signed_counts_ols,2,2018-01-31,7.148911655702096,4.976050818720425,0.0,5.0
signed_counts_ols,2,2018-03-21,-4.1445720726304085,-2.1643246738006754,0.0,5.0
signed_counts_ols,2,2018-05-02,-0.0218536416260347,-0.010025382780912279,0.0,5.0
signed_counts_ols,2,2018-06-13,5.428358892467418,0.02507064310445048,0.0,5.0
signed_counts_ols,2,2018-08-01,0.4763710453831742,-3.287297144384011,0.0,5.0
signed_counts_ols,2,2018-09-26,2.9069004200691184,3.483841390870046,0.0,5.0
signed_counts_ols,2,2018-11-08,-5.840717554989847,2.1729366466355877,0.0,5.0
signed_counts_ols,2,2018-12-19,-9.076083946390025,-6.4404959618210595,0.0,5.0
signed_counts_ols,2,2019-01-30,6.65247519930154,-1.9204480166957616,0.0,5.0
signed_counts_ols,2,2019-03-20,4.353035321394501,0.07989867858306651,0.0,5.0
signed_counts_ols,2,2019-05-01,2.786040220264391,-3.371590677395014,0.0,5.0
signed_counts_ols,2,2019-06-19,-1.250213439072959,-4.690528247121414,0.0,5.0
signed_counts_ols,2,2019-07-31,2.011188830104515,2.0144235639959653,0.0,5.0
signed_counts_ols,2,2019-09-18,1.2473197240470009,1.0942347555898846,0.0,5.0
signed_counts_ols,2,2019-10-30,0.8963428400446505,-1.3405395207680866,0.0,5.0
signed_counts_ols,2,2019-12-11,3.023718257214977,3.2769311920504958,0.0,5.0
signed_counts_ols,2,2020-01-29,2.1485559840748008,3.365981768930433,0.0,5.0
gemini_vector,3,2020-03-15,-19.30679872098346,-8.958292581222889,1.0,35.86551423165494
gemini_vector,3,2020-04-29,18.74563559498336,2.659254852192254,1.0,35.86551423165494
gemini_vector,3,2020-06-10,10.409357713788122,4.732211491542492,1.0,35.86551423165494
gemini_vector,3,2020-07-29,7.589732604042245,-1.1999825691508765,1.0,35.86551423165494
gemini_vector,3,2020-09-16,4.129646562312915,4.28661992925161,1.0,35.86551423165494
gemini_vector,3,2020-11-05,0.3483962171310573,1.3175567757702316,1.0,35.86551423165494
gemini_vector,3,2020-12-16,3.849102256140097,3.7792158403754095,1.0,35.86551423165494
gemini_vector,3,2021-01-27,3.4979670186014724,4.203590473104616,1.0,35.86551423165494
gemini_vector,3,2021-03-17,4.676882796618454,4.084584238350381,1.0,35.86551423165494
gemini_vector,3,2021-04-28,6.717611257885417,1.2489303308898176,1.0,35.86551423165494
gemini_vector,3,2021-06-16,1.0294124912812683,2.806363618060117,1.0,35.86551423165494
gemini_vector,3,2021-07-28,4.633031545878721,-1.7521874419346306,1.0,35.86551423165494
gemini_vector,3,2021-09-22,-1.4071350286967688,-0.6390984196291576,1.0,35.86551423165494
gemini_vector,3,2021-11-03,3.629686853369575,2.630097183957716,1.0,35.86551423165494
gemini_vector,3,2021-12-15,-0.2430410169318006,-2.0256090228395043,1.0,35.86551423165494
gemini_vector,3,2022-01-26,-5.707921584406794,-3.2655097994199145,1.0,35.86551423165494
gemini_vector,3,2022-03-16,-3.651437450153861,-2.7222411475963977,1.0,35.86551423165494
gemini_vector,3,2022-05-04,-6.071100198893482,0.14970429877901237,1.0,35.86551423165494
gemini_vector,3,2022-06-15,-10.185909178114285,-4.299696247419301,1.0,35.86551423165494
gemini_vector,3,2022-07-27,7.656593909553768,0.936942465121315,1.0,35.86551423165494
length_only,3,2020-03-15,-19.30679872098346,0.11032042695495992,10000.0,1.015748031496063
length_only,3,2020-04-29,18.74563559498336,0.1096308819970922,10000.0,1.015748031496063
length_only,3,2020-06-10,10.409357713788122,0.10976542735472493,10000.0,1.015748031496063
length_only,3,2020-07-29,7.589732604042245,0.10956360931827583,10000.0,1.015748031496063
length_only,3,2020-09-16,4.129646562312915,0.11005133623969447,10000.0,1.015748031496063
length_only,3,2020-11-05,0.3483962171310573,0.10949633663945947,10000.0,1.015748031496063
length_only,3,2020-12-16,3.849102256140097,0.10904224605744901,10000.0,1.015748031496063
length_only,3,2021-01-27,3.4979670186014724,0.11450815121127851,10000.0,1.015748031496063
length_only,3,2021-03-17,4.676882796618454,0.10915997324537766,10000.0,1.015748031496063
length_only,3,2021-04-28,6.717611257885417,0.10936179128182674,10000.0,1.015748031496063
length_only,3,2021-06-16,1.0294124912812683,0.10993360905176583,10000.0,1.015748031496063
length_only,3,2021-07-28,4.633031545878721,0.1099840635608781,10000.0,1.015748031496063
length_only,3,2021-09-22,-1.4071350286967688,0.10902542788774493,10000.0,1.015748031496063
length_only,3,2021-11-03,3.629686853369575,0.10867224632395903,10000.0,1.015748031496063
length_only,3,2021-12-15,-0.2430410169318006,0.10959724565768401,10000.0,1.015748031496063
length_only,3,2022-01-26,-5.707921584406794,0.11487815094476851,10000.0,1.015748031496063
length_only,3,2022-03-16,-3.651437450153861,0.10895815520892857,10000.0,1.015748031496063
length_only,3,2022-05-04,-6.071100198893482,0.10878997351188766,10000.0,1.015748031496063
length_only,3,2022-06-15,-10.185909178114285,0.1085377009663263,10000.0,1.015748031496063
length_only,3,2022-07-27,7.656593909553768,0.10914315507567357,10000.0,1.015748031496063
gemini_only,3,2020-03-15,-19.30679872098346,-10.464716121685852,1.0,51.670161676893386
gemini_only,3,2020-04-29,18.74563559498336,2.796325604256807,1.0,51.670161676893386
gemini_only,3,2020-06-10,10.409357713788122,4.981547004974406,1.0,51.670161676893386
gemini_only,3,2020-07-29,7.589732604042245,-1.3826614270742756,1.0,51.670161676893386
gemini_only,3,2020-09-16,4.129646562312915,4.614075849862694,1.0,51.670161676893386
gemini_only,3,2020-11-05,0.3483962171310573,1.5169159656548916,1.0,51.670161676893386
gemini_only,3,2020-12-16,3.849102256140097,4.1243665614467275,1.0,51.670161676893386
gemini_only,3,2021-01-27,3.4979670186014724,4.545916286688192,1.0,51.670161676893386
gemini_only,3,2021-03-17,4.676882796618454,4.093642181207461,1.0,51.670161676893386
gemini_only,3,2021-04-28,6.717611257885417,1.0141253602597988,1.0,51.670161676893386
gemini_only,3,2021-06-16,1.0294124912812683,3.002440298718964,1.0,51.670161676893386
gemini_only,3,2021-07-28,4.633031545878721,-2.124883261288077,1.0,51.670161676893386
gemini_only,3,2021-09-22,-1.4071350286967688,-0.7281110723253268,1.0,51.670161676893386
gemini_only,3,2021-11-03,3.629686853369575,2.4663594570071075,1.0,51.670161676893386
gemini_only,3,2021-12-15,-0.2430410169318006,-2.6614590848982864,1.0,51.670161676893386
gemini_only,3,2022-01-26,-5.707921584406794,-3.1407412231067653,1.0,51.670161676893386
gemini_only,3,2022-03-16,-3.651437450153861,-3.114333453255442,1.0,51.670161676893386
gemini_only,3,2022-05-04,-6.071100198893482,0.8417611720121525,1.0,51.670161676893386
gemini_only,3,2022-06-15,-10.185909178114285,-5.107278239080819,1.0,51.670161676893386
gemini_only,3,2022-07-27,7.656593909553768,0.6766416078681847,1.0,51.670161676893386
wordlength_gemini,3,2020-03-15,-19.30679872098346,-8.913259487941563,1.0,35.80044198489962
wordlength_gemini,3,2020-04-29,18.74563559498336,2.6901615858217647,1.0,35.80044198489962
wordlength_gemini,3,2020-06-10,10.409357713788122,4.781499797213019,1.0,35.80044198489962
wordlength_gemini,3,2020-07-29,7.589732604042245,-1.1629119898569071,1.0,35.80044198489962
wordlength_gemini,3,2020-09-16,4.129646562312915,4.421017358277081,1.0,35.80044198489962
wordlength_gemini,3,2020-11-05,0.3483962171310573,1.3345718975196705,1.0,35.80044198489962
wordlength_gemini,3,2020-12-16,3.849102256140097,3.7194300492017347,1.0,35.80044198489962
wordlength_gemini,3,2021-01-27,3.4979670186014724,4.513628849283146,1.0,35.80044198489962
wordlength_gemini,3,2021-03-17,4.676882796618454,4.112376455920955,1.0,35.80044198489962
wordlength_gemini,3,2021-04-28,6.717611257885417,1.3062323774014755,1.0,35.80044198489962
wordlength_gemini,3,2021-06-16,1.0294124912812683,2.891231159174262,1.0,35.80044198489962
wordlength_gemini,3,2021-07-28,4.633031545878721,-1.667537481266523,1.0,35.80044198489962
wordlength_gemini,3,2021-09-22,-1.4071350286967688,-0.5568884841091906,1.0,35.80044198489962
wordlength_gemini,3,2021-11-03,3.629686853369575,2.5875717423965705,1.0,35.80044198489962
wordlength_gemini,3,2021-12-15,-0.2430410169318006,-1.9220867611324068,1.0,35.80044198489962
wordlength_gemini,3,2022-01-26,-5.707921584406794,-2.862178919050302,1.0,35.80044198489962
wordlength_gemini,3,2022-03-16,-3.651437450153861,-2.6546576780536872,1.0,35.80044198489962
wordlength_gemini,3,2022-05-04,-6.071100198893482,0.18493826320752935,1.0,35.80044198489962
wordlength_gemini,3,2022-06-15,-10.185909178114285,-4.29962231913974,1.0,35.80044198489962
wordlength_gemini,3,2022-07-27,7.656593909553768,1.0063005694659812,1.0,35.80044198489962
balanced_signed_counts,3,2020-03-15,-19.30679872098346,-6.296777433299587,0.1,4.946593392270088
balanced_signed_counts,3,2020-04-29,18.74563559498336,-3.5509254548876816,0.1,4.946593392270088
balanced_signed_counts,3,2020-06-10,10.409357713788122,0.7113971393215135,0.1,4.946593392270088
balanced_signed_counts,3,2020-07-29,7.589732604042245,-5.249765837444472,0.1,4.946593392270088
balanced_signed_counts,3,2020-09-16,4.129646562312915,2.1062456082821988,0.1,4.946593392270088
balanced_signed_counts,3,2020-11-05,0.3483962171310573,3.5571592865265353,0.1,4.946593392270088
balanced_signed_counts,3,2020-12-16,3.849102256140097,-0.5892302458615848,0.1,4.946593392270088
balanced_signed_counts,3,2021-01-27,3.4979670186014724,4.709728259436982,0.1,4.946593392270088
balanced_signed_counts,3,2021-03-17,4.676882796618454,2.8549266078222466,0.1,4.946593392270088
balanced_signed_counts,3,2021-04-28,6.717611257885417,1.6450491822808886,0.1,4.946593392270088
balanced_signed_counts,3,2021-06-16,1.0294124912812683,0.9046030089480248,0.1,4.946593392270088
balanced_signed_counts,3,2021-07-28,4.633031545878721,-3.2958024431394706,0.1,4.946593392270088
balanced_signed_counts,3,2021-09-22,-1.4071350286967688,4.3579876118277525,0.1,4.946593392270088
balanced_signed_counts,3,2021-11-03,3.629686853369575,4.263224460885266,0.1,4.946593392270088
balanced_signed_counts,3,2021-12-15,-0.2430410169318006,-1.2910062452694961,0.1,4.946593392270088
balanced_signed_counts,3,2022-01-26,-5.707921584406794,1.711326778202425,0.1,4.946593392270088
balanced_signed_counts,3,2022-03-16,-3.651437450153861,0.26117189627530474,0.1,4.946593392270088
balanced_signed_counts,3,2022-05-04,-6.071100198893482,5.196808963800131,0.1,4.946593392270088
balanced_signed_counts,3,2022-06-15,-10.185909178114285,-2.2089292266749183,0.1,4.946593392270088
balanced_signed_counts,3,2022-07-27,7.656593909553768,-1.2580073085360688,0.1,4.946593392270088
signed_counts_ols,3,2020-03-15,-19.30679872098346,-6.354231619772071,0.0,5.0
signed_counts_ols,3,2020-04-29,18.74563559498336,-3.529015634974122,0.0,5.0
signed_counts_ols,3,2020-06-10,10.409357713788122,0.6792081561619333,0.0,5.0
signed_counts_ols,3,2020-07-29,7.589732604042245,-5.283755494797472,0.0,5.0
signed_counts_ols,3,2020-09-16,4.129646562312915,2.112277931306413,0.0,5.0
signed_counts_ols,3,2020-11-05,0.3483962171310573,3.5218227495169385,0.0,5.0
signed_counts_ols,3,2020-12-16,3.849102256140097,-0.6061136273350304,0.0,5.0
signed_counts_ols,3,2021-01-27,3.4979670186014724,4.7530547000866505,0.0,5.0
signed_counts_ols,3,2021-03-17,4.676882796618454,2.8232400980730326,0.0,5.0
signed_counts_ols,3,2021-04-28,6.717611257885417,1.6719119742213868,0.0,5.0
signed_counts_ols,3,2021-06-16,1.0294124912812683,0.9256210412945957,0.0,5.0
signed_counts_ols,3,2021-07-28,4.633031545878721,-3.347638099866457,0.0,5.0
signed_counts_ols,3,2021-09-22,-1.4071350286967688,4.329051965394779,0.0,5.0
signed_counts_ols,3,2021-11-03,3.629686853369575,4.316683571575603,0.0,5.0
signed_counts_ols,3,2021-12-15,-0.2430410169318006,-1.2240056999473419,0.0,5.0
signed_counts_ols,3,2022-01-26,-5.707921584406794,1.7489762875499757,0.0,5.0
signed_counts_ols,3,2022-03-16,-3.651437450153861,0.2948675302850923,0.0,5.0
signed_counts_ols,3,2022-05-04,-6.071100198893482,5.218715139854673,0.0,5.0
signed_counts_ols,3,2022-06-15,-10.185909178114285,-2.145672301111942,0.0,5.0
signed_counts_ols,3,2022-07-27,7.656593909553768,-1.27199988298272,0.0,5.0
gemini_vector,4,2022-09-21,-4.728850791825261,-1.4833073820382685,1.0,39.53066440757837
gemini_vector,4,2022-11-02,2.605464816532983,0.7649939216940674,1.0,39.53066440757837
gemini_vector,4,2022-12-14,6.577045295685347,3.674178608836861,1.0,39.53066440757837
gemini_vector,4,2023-02-01,2.5257798164174163,0.4860454929243666,1.0,39.53066440757837
gemini_vector,4,2023-03-22,-6.204536146166191,-1.229545522717709,1.0,39.53066440757837
gemini_vector,4,2023-05-03,4.881469132982449,2.4952747839798324,1.0,39.53066440757837
gemini_vector,4,2023-06-14,6.063975282786163,3.7772043644888043,1.0,39.53066440757837
gemini_vector,4,2023-07-26,2.3126105893465296,4.628598924234083,1.0,39.53066440757837
gemini_vector,4,2023-09-20,-2.635491551002436,-0.4116913537888124,1.0,39.53066440757837
gemini_vector,4,2023-11-01,-4.411522180090532,-2.5078512099254144,1.0,39.53066440757837
gemini_vector,4,2023-12-13,6.255803319654673,3.497539779783867,1.0,39.53066440757837
gemini_vector,4,2024-01-31,3.6615937297733945,3.402872327501255,1.0,39.53066440757837
gemini_vector,4,2024-03-20,4.178257495449124,2.4983153675548992,1.0,39.53066440757837
gemini_vector,4,2024-05-01,-2.980468016904972,-1.4411663411352067,1.0,39.53066440757837
gemini_vector,4,2024-06-12,5.130250058983746,2.439685267925917,1.0,39.53066440757837
gemini_vector,4,2024-07-31,-0.1107106366835336,-0.3555952231094135,1.0,39.53066440757837
gemini_vector,4,2024-09-18,2.7356950767003108,-1.2490584397439317,1.0,39.53066440757837
gemini_vector,4,2024-11-07,0.6219968059305512,4.422871145649814,1.0,39.53066440757837
gemini_vector,4,2024-12-18,0.8467408795732383,4.0127015793026715,1.0,39.53066440757837
length_only,4,2022-09-21,-4.728850791825261,0.26541010131633413,10000.0,1.0176817288801572
length_only,4,2022-11-02,2.605464816532983,0.2659308275634304,10000.0,1.0176817288801572
length_only,4,2022-12-14,6.577045295685347,0.2656053736589952,10000.0,1.0176817288801572
length_only,4,2023-02-01,2.5257798164174163,0.28074982867871234,10000.0,1.0176817288801572
length_only,4,2023-03-22,-6.204536146166191,0.2656270705859576,10000.0,1.0176817288801572
length_only,4,2023-05-03,4.881469132982449,0.26625628146786556,10000.0,1.0176817288801572
length_only,4,2023-06-14,6.063975282786163,0.2650195566310119,10000.0,1.0176817288801572
length_only,4,2023-07-26,2.3126105893465296,0.26486767814227546,10000.0,1.0176817288801572
length_only,4,2023-09-20,-2.635491551002436,0.26480258736138845,10000.0,1.0176817288801572
length_only,4,2023-11-01,-4.411522180090532,0.26499785970404954,10000.0,1.0176817288801572
length_only,4,2023-12-13,6.255803319654673,0.2644337396030286,10000.0,1.0176817288801572
length_only,4,2024-01-31,3.6615937297733945,0.2618301083675471,10000.0,1.0176817288801572
length_only,4,2024-03-20,4.178257495449124,0.2655402828781082,10000.0,1.0176817288801572
length_only,4,2024-05-01,-2.980468016904972,0.26508464741189897,10000.0,1.0176817288801572
length_only,4,2024-06-12,5.130250058983746,0.26469410272657673,10000.0,1.0176817288801572
length_only,4,2024-07-31,-0.1107106366835336,0.2650629504849366,10000.0,1.0176817288801572
length_only,4,2024-09-18,2.7356950767003108,0.26439034574910386,10000.0,1.0176817288801572
length_only,4,2024-11-07,0.6219968059305512,0.2653667074624094,10000.0,1.0176817288801572
length_only,4,2024-12-18,0.8467408795732383,0.2651280412658236,10000.0,1.0176817288801572
gemini_only,4,2022-09-21,-4.728850791825261,-1.8180367797931591,1.0,57.06793545603776
gemini_only,4,2022-11-02,2.605464816532983,0.8852779040155675,1.0,57.06793545603776
gemini_only,4,2022-12-14,6.577045295685347,4.302673977073692,1.0,57.06793545603776
gemini_only,4,2023-02-01,2.5257798164174163,0.9911318875778402,1.0,57.06793545603776
gemini_only,4,2023-03-22,-6.204536146166191,-1.3598989945960724,1.0,57.06793545603776
gemini_only,4,2023-05-03,4.881469132982449,3.083428093279439,1.0,57.06793545603776
gemini_only,4,2023-06-14,6.063975282786163,4.27488494352269,1.0,57.06793545603776
gemini_only,4,2023-07-26,2.3126105893465296,5.219048922018065,1.0,57.06793545603776
gemini_only,4,2023-09-20,-2.635491551002436,-0.46717495575444723,1.0,57.06793545603776
gemini_only,4,2023-11-01,-4.411522180090532,-2.5435284541355245,1.0,57.06793545603776
gemini_only,4,2023-12-13,6.255803319654673,3.7424487330921203,1.0,57.06793545603776
gemini_only,4,2024-01-31,3.6615937297733945,3.4619711961240496,1.0,57.06793545603776
gemini_only,4,2024-03-20,4.178257495449124,2.354261405269323,1.0,57.06793545603776
gemini_only,4,2024-05-01,-2.980468016904972,-1.8126644272981394,1.0,57.06793545603776
gemini_only,4,2024-06-12,5.130250058983746,2.554440137668298,1.0,57.06793545603776
gemini_only,4,2024-07-31,-0.1107106366835336,-0.13216551333328713,1.0,57.06793545603776
gemini_only,4,2024-09-18,2.7356950767003108,-1.7355833584624536,1.0,57.06793545603776
gemini_only,4,2024-11-07,0.6219968059305512,4.901328341890794,1.0,57.06793545603776
gemini_only,4,2024-12-18,0.8467408795732383,4.968272094055674,1.0,57.06793545603776
wordlength_gemini,4,2022-09-21,-4.728850791825261,-1.4708908720234741,1.0,39.46030784106498
wordlength_gemini,4,2022-11-02,2.605464816532983,0.7480176807299742,1.0,39.46030784106498
wordlength_gemini,4,2022-12-14,6.577045295685347,3.6254739858613836,1.0,39.46030784106498
wordlength_gemini,4,2023-02-01,2.5257798164174163,0.9869809875395213,1.0,39.46030784106498
wordlength_gemini,4,2023-03-22,-6.204536146166191,-1.285286646873916,1.0,39.46030784106498
wordlength_gemini,4,2023-05-03,4.881469132982449,2.4706311593343018,1.0,39.46030784106498
wordlength_gemini,4,2023-06-14,6.063975282786163,3.714887722176125,1.0,39.46030784106498
wordlength_gemini,4,2023-07-26,2.3126105893465296,4.578964791567956,1.0,39.46030784106498
wordlength_gemini,4,2023-09-20,-2.635491551002436,-0.45267075183368255,1.0,39.46030784106498
wordlength_gemini,4,2023-11-01,-4.411522180090532,-2.5817793523463264,1.0,39.46030784106498
wordlength_gemini,4,2023-12-13,6.255803319654673,3.4088925093685134,1.0,39.46030784106498
wordlength_gemini,4,2024-01-31,3.6615937297733945,3.172754776544641,1.0,39.46030784106498
wordlength_gemini,4,2024-03-20,4.178257495449124,2.4755002779068778,1.0,39.46030784106498
wordlength_gemini,4,2024-05-01,-2.980468016904972,-1.402794077058501,1.0,39.46030784106498
wordlength_gemini,4,2024-06-12,5.130250058983746,2.363857616609717,1.0,39.46030784106498
wordlength_gemini,4,2024-07-31,-0.1107106366835336,-0.3499531505553517,1.0,39.46030784106498
wordlength_gemini,4,2024-09-18,2.7356950767003108,-1.2757227607512864,1.0,39.46030784106498
wordlength_gemini,4,2024-11-07,0.6219968059305512,4.325763205131144,1.0,39.46030784106498
wordlength_gemini,4,2024-12-18,0.8467408795732383,3.915886530580955,1.0,39.46030784106498
balanced_signed_counts,4,2022-09-21,-4.728850791825261,2.6239474629813913,10.0,3.7128658581495544
balanced_signed_counts,4,2022-11-02,2.605464816532983,2.653851387214051,10.0,3.7128658581495544
balanced_signed_counts,4,2022-12-14,6.577045295685347,-0.06362718649915333,10.0,3.7128658581495544
balanced_signed_counts,4,2023-02-01,2.5257798164174163,-0.7705807220066262,10.0,3.7128658581495544
balanced_signed_counts,4,2023-03-22,-6.204536146166191,-1.499631061945367,10.0,3.7128658581495544
balanced_signed_counts,4,2023-05-03,4.881469132982449,-4.861497161250576,10.0,3.7128658581495544
balanced_signed_counts,4,2023-06-14,6.063975282786163,3.8571789995454093,10.0,3.7128658581495544
balanced_signed_counts,4,2023-07-26,2.3126105893465296,2.7225918597140333,10.0,3.7128658581495544
balanced_signed_counts,4,2023-09-20,-2.635491551002436,2.6206234257918957,10.0,3.7128658581495544
balanced_signed_counts,4,2023-11-01,-4.411522180090532,1.6304060432502014,10.0,3.7128658581495544
balanced_signed_counts,4,2023-12-13,6.255803319654673,-2.8405935767822377,10.0,3.7128658581495544
balanced_signed_counts,4,2024-01-31,3.6615937297733945,2.909522865378555,10.0,3.7128658581495544
balanced_signed_counts,4,2024-03-20,4.178257495449124,3.7612657585556457,10.0,3.7128658581495544
balanced_signed_counts,4,2024-05-01,-2.980468016904972,2.602663715171261,10.0,3.7128658581495544
balanced_signed_counts,4,2024-06-12,5.130250058983746,-0.1637773780204807,10.0,3.7128658581495544
balanced_signed_counts,4,2024-07-31,-0.1107106366835336,0.4736024432361584,10.0,3.7128658581495544
balanced_signed_counts,4,2024-09-18,2.7356950767003108,-1.2760413803707178,10.0,3.7128658581495544
balanced_signed_counts,4,2024-11-07,0.6219968059305512,2.052557159451389,10.0,3.7128658581495544
balanced_signed_counts,4,2024-12-18,0.8467408795732383,3.2146097163542167,10.0,3.7128658581495544
signed_counts_ols,4,2022-09-21,-4.728850791825261,3.1219944014528505,0.0,5.0
signed_counts_ols,4,2022-11-02,2.605464816532983,2.662197570669915,0.0,5.0
signed_counts_ols,4,2022-12-14,6.577045295685347,-0.27362413503705774,0.0,5.0
signed_counts_ols,4,2023-02-01,2.5257798164174163,-1.92976027797426,0.0,5.0
signed_counts_ols,4,2023-03-22,-6.204536146166191,-1.082608281331098,0.0,5.0
signed_counts_ols,4,2023-05-03,4.881469132982449,-6.889204957190875,0.0,5.0
signed_counts_ols,4,2023-06-14,6.063975282786163,5.210993908027434,0.0,5.0
signed_counts_ols,4,2023-07-26,2.3126105893465296,4.392094388243429,0.0,5.0
signed_counts_ols,4,2023-09-20,-2.635491551002436,2.550462257776145,0.0,5.0
signed_counts_ols,4,2023-11-01,-4.411522180090532,1.5877728313165922,0.0,5.0
signed_counts_ols,4,2023-12-13,6.255803319654673,-3.7393543576686117,0.0,5.0
signed_counts_ols,4,2024-01-31,3.6615937297733945,3.1545355504672727,0.0,5.0
signed_counts_ols,4,2024-03-20,4.178257495449124,4.4262870818810285,0.0,5.0
signed_counts_ols,4,2024-05-01,-2.980468016904972,3.105301142847697,0.0,5.0
signed_counts_ols,4,2024-06-12,5.130250058983746,-0.2664999094022511,0.0,5.0
signed_counts_ols,4,2024-07-31,-0.1107106366835336,1.3203735448831075,0.0,5.0
signed_counts_ols,4,2024-09-18,2.7356950767003108,-2.120067055366929,0.0,5.0
signed_counts_ols,4,2024-11-07,0.6219968059305512,1.9844549005945904,0.0,5.0
signed_counts_ols,4,2024-12-18,0.8467408795732383,4.18897529397672,0.0,5.0
