sample,variable,n,mean,sd,min,median,max
Corpus,state_return,199,0.3766626802744743,5.652081289644571,-30.985565268469973,0.9604687787703786,18.74563559498336
Corpus,document_word_count,200,7397.36,2464.3840802266136,3332.0,7608.0,14678.0
Corpus,document_sentence_count,200,442.065,174.31205995636432,232.0,423.5,1615.0
Corpus,stock_mentions_total,200,6.57,3.2025586504461927,1.0,7.0,20.0
Corpus,unique_window_count,200,5.985,2.793527155738645,1.0,6.0,18.0
Initial training,state_return,100,-0.5397032586665891,6.270581434747512,-30.985565268469973,0.29659216500757285,10.393318472678304
Initial training,document_word_count,100,5852.42,2010.480882120926,3332.0,4988.5,11568.0
Initial training,document_sentence_count,100,387.68,194.10998028036695,232.0,336.5,1615.0
Initial training,stock_mentions_total,100,5.36,3.1124383893135503,1.0,5.0,13.0
Initial training,unique_window_count,100,5.0,2.814105882725794,1.0,5.0,11.0
Evaluation,state_return,99,1.3022848408210026,4.806267228954348,-19.30679872098346,2.011188830104515,18.74563559498336
Evaluation,document_word_count,99,8946.191919191919,1837.4933273612994,6690.0,8507.0,14678.0
Evaluation,document_sentence_count,99,496.3131313131313,132.65858022548622,308.0,460.0,1180.0
Evaluation,stock_mentions_total,99,7.787878787878788,2.8366145648006764,2.0,7.0,20.0
Evaluation,unique_window_count,99,6.97979797979798,2.4200682988329656,2.0,7.0,18.0
