contrast_id,sample_id,meeting_id,meeting_date,fold,loss_A,loss_B,loss_B_minus_A
H1,legacy_199_train_and_99_eval_v1,minutes_2012-09-13,2012-09-13,0,0.6883995746764832,1.2211647743668996,0.5327651996904165
H1,legacy_199_train_and_99_eval_v1,minutes_2012-10-24,2012-10-24,0,17.122982225480634,5.457860476529279,-11.665121748951353
H1,legacy_199_train_and_99_eval_v1,minutes_2012-12-12,2012-12-12,0,3.6381020400407005,6.18388588637325,2.54578384633255
H1,legacy_199_train_and_99_eval_v1,minutes_2013-01-30,2013-01-30,0,0.12225772202123429,5.198565979689316,5.076308257668082
H1,legacy_199_train_and_99_eval_v1,minutes_2013-03-20,2013-03-20,0,10.219503469692093,0.37076938927042824,-9.848734080421664
H1,legacy_199_train_and_99_eval_v1,minutes_2013-05-01,2013-05-01,0,2.1617412030807017,4.041806411216706,1.8800652081360045
H1,legacy_199_train_and_99_eval_v1,minutes_2013-06-19,2013-06-19,0,0.9536874867186118,7.764446166148745,6.810758679430133
H1,legacy_199_train_and_99_eval_v1,minutes_2013-07-31,2013-07-31,0,10.402913781538034,0.001105924597016547,-10.401807856941018
H1,legacy_199_train_and_99_eval_v1,minutes_2013-09-18,2013-09-18,0,3.773985588501573,3.7626408410125083,-0.011344747489064666
H1,legacy_199_train_and_99_eval_v1,minutes_2013-10-30,2013-10-30,0,1.265316781145485,3.4503538343768825,2.1850370532313974
H1,legacy_199_train_and_99_eval_v1,minutes_2013-12-18,2013-12-18,0,6.791388707549569,0.41863339915682335,-6.372755308392746
H1,legacy_199_train_and_99_eval_v1,minutes_2014-01-29,2014-01-29,0,39.78768084766589,23.165673492464755,-16.622007355201134
H1,legacy_199_train_and_99_eval_v1,minutes_2014-03-19,2014-03-19,0,4.909321294259844,6.225715288345958,1.3163939940861136
H1,legacy_199_train_and_99_eval_v1,minutes_2014-04-30,2014-04-30,0,0.027169437057198324,1.3877440102153302,1.3605745731581318
H1,legacy_199_train_and_99_eval_v1,minutes_2014-06-18,2014-06-18,0,1.8497585150726634,0.15768009488344775,-1.6920784201892156
H1,legacy_199_train_and_99_eval_v1,minutes_2014-07-30,2014-07-30,0,0.21918119784001905,9.951265059559931,9.732083861719913
H1,legacy_199_train_and_99_eval_v1,minutes_2014-09-17,2014-09-17,0,12.345568013208094,1.995107041227932,-10.350460971980162
H1,legacy_199_train_and_99_eval_v1,minutes_2014-10-29,2014-10-29,0,0.01251224470528761,34.83937278314651,34.826860538441224
H1,legacy_199_train_and_99_eval_v1,minutes_2014-12-17,2014-12-17,0,3.5672320059343368,0.536024097543168,-3.0312079083911687
H1,legacy_199_train_and_99_eval_v1,minutes_2015-01-28,2015-01-28,0,6.778583123227767,3.2714984722730304e-05,-6.778550408243044
H1,legacy_199_train_and_99_eval_v1,minutes_2015-03-18,2015-03-18,1,0.6075350199938357,1.462615270092512,0.8550802500986762
H1,legacy_199_train_and_99_eval_v1,minutes_2015-04-29,2015-04-29,1,10.428205467095118,2.6152384528537116,-7.812967014241407
H1,legacy_199_train_and_99_eval_v1,minutes_2015-06-17,2015-06-17,1,1.855815421064719,1.1439265838582833,-0.7118888372064358
H1,legacy_199_train_and_99_eval_v1,minutes_2015-07-29,2015-07-29,1,19.415605127328938,5.188017798386768,-14.227587328942171
H1,legacy_199_train_and_99_eval_v1,minutes_2015-09-17,2015-09-17,1,14.696941607994015,3.2869348542863586,-11.410006753707655
H1,legacy_199_train_and_99_eval_v1,minutes_2015-10-28,2015-10-28,1,21.552268915514308,45.44398571092654,23.891716795412233
H1,legacy_199_train_and_99_eval_v1,minutes_2015-12-16,2015-12-16,1,10.499247028452896,4.7480490466590926,-5.751197981793803
H1,legacy_199_train_and_99_eval_v1,minutes_2016-01-27,2016-01-27,1,15.837383737693893,9.059674240025592,-6.777709497668301
H1,legacy_199_train_and_99_eval_v1,minutes_2016-03-16,2016-03-16,1,26.03642650132441,22.153878995822588,-3.8825475055018224
H1,legacy_199_train_and_99_eval_v1,minutes_2016-04-27,2016-04-27,1,1.6215254848904694,13.315429408904864,11.693903924014394
H1,legacy_199_train_and_99_eval_v1,minutes_2016-06-15,2016-06-15,1,0.4628408872419396,0.8682556345132499,0.4054147472713103
H1,legacy_199_train_and_99_eval_v1,minutes_2016-07-27,2016-07-27,1,13.217807722999494,39.67686380427496,26.459056081275463
H1,legacy_199_train_and_99_eval_v1,minutes_2016-09-21,2016-09-21,1,19.08457956039256,12.273256495940284,-6.811323064452274
H1,legacy_199_train_and_99_eval_v1,minutes_2016-11-02,2016-11-02,1,41.20996635176023,12.876051248970281,-28.33391510278995
H1,legacy_199_train_and_99_eval_v1,minutes_2016-12-14,2016-12-14,1,24.54093184437334,21.38017124555116,-3.160760598822179
H1,legacy_199_train_and_99_eval_v1,minutes_2017-02-01,2017-02-01,1,3.593867922146247,0.04586294628477955,-3.5480049758614673
H1,legacy_199_train_and_99_eval_v1,minutes_2017-03-15,2017-03-15,1,0.1954280821463409,2.1474474845792138,1.9520194024328728
H1,legacy_199_train_and_99_eval_v1,minutes_2017-05-03,2017-05-03,1,5.02912350615615,0.22714521825501416,-4.801978287901136
H1,legacy_199_train_and_99_eval_v1,minutes_2017-06-14,2017-06-14,1,1.517785166625511,8.923552766195174,7.405767599569662
H1,legacy_199_train_and_99_eval_v1,minutes_2017-07-26,2017-07-26,1,1.0604292850049446,28.43092651721482,27.37049723220988
H1,legacy_199_train_and_99_eval_v1,minutes_2017-09-20,2017-09-20,2,1.5341861117378925,6.155842221966075,4.621656110228182
H1,legacy_199_train_and_99_eval_v1,minutes_2017-11-01,2017-11-01,2,0.009559256377285039,1.3489716984430518,1.3394124420657667
H1,legacy_199_train_and_99_eval_v1,minutes_2017-12-13,2017-12-13,2,0.4488946429985212,3.0451325771734896,2.5962379341749684
H1,legacy_199_train_and_99_eval_v1,minutes_2018-01-31,2018-01-31,2,25.840074248730502,31.17430076320893,5.334226514478427
H1,legacy_199_train_and_99_eval_v1,minutes_2018-03-21,2018-03-21,2,0.9044017126677286,0.6333017047670706,-0.271100007900658
H1,legacy_199_train_and_99_eval_v1,minutes_2018-05-02,2018-05-02,2,0.203146802855448,40.547446918088575,40.344300115233125
H1,legacy_199_train_and_99_eval_v1,minutes_2018-06-13,2018-06-13,2,12.875510649015704,29.014713404220622,16.13920275520492
H1,legacy_199_train_and_99_eval_v1,minutes_2018-08-01,2018-08-01,2,0.42203482043461726,5.533067278222,5.111032457787383
H1,legacy_199_train_and_99_eval_v1,minutes_2018-09-26,2018-09-26,2,0.4818041489143092,0.3081268918552825,-0.1736772570590267
H1,legacy_199_train_and_99_eval_v1,minutes_2018-11-08,2018-11-08,2,3.5364812587184,0.8271051381147747,-2.709376120603625
H1,legacy_199_train_and_99_eval_v1,minutes_2018-12-19,2018-12-19,2,23.42253412599909,20.998646319443235,-2.423887806555854
H1,legacy_199_train_and_99_eval_v1,minutes_2019-01-30,2019-01-30,2,56.426513840102594,134.18109949097604,77.75458565087345
H1,legacy_199_train_and_99_eval_v1,minutes_2019-03-20,2019-03-20,2,2.0276142046659613,0.7819908092870783,-1.2456233953788831
H1,legacy_199_train_and_99_eval_v1,minutes_2019-05-01,2019-05-01,2,0.016013276185020933,5.537583119145962,5.521569842960941
H1,legacy_199_train_and_99_eval_v1,minutes_2019-06-19,2019-06-19,2,3.130846346324441,4.448504515855111,1.3176581695306702
H1,legacy_199_train_and_99_eval_v1,minutes_2019-07-31,2019-07-31,2,0.16863484851809032,0.1006907004205458,-0.06794414809754452
H1,legacy_199_train_and_99_eval_v1,minutes_2019-09-18,2019-09-18,2,3.0422595305461844,21.39164810201282,18.349388571466633
H1,legacy_199_train_and_99_eval_v1,minutes_2019-10-30,2019-10-30,2,0.3064094820911012,0.8082009737938135,0.5017914917027123
H1,legacy_199_train_and_99_eval_v1,minutes_2019-12-11,2019-12-11,2,0.051474088493477115,0.10731619085956244,0.055842102366085326
H1,legacy_199_train_and_99_eval_v1,minutes_2020-01-29,2020-01-29,2,1.5778908574110777,0.0317294503979421,-1.5461614070131355
H1,legacy_199_train_and_99_eval_v1,minutes_2020-03-15,2020-03-15,3,125.24312918508873,246.90227641943997,121.65914723435124
H1,legacy_199_train_and_99_eval_v1,minutes_2020-04-29,2020-04-29,3,315.3834875734585,312.6925239257227,-2.6909636477358276
H1,legacy_199_train_and_99_eval_v1,minutes_2020-06-10,2020-06-10,3,43.18722786996106,87.18157412040941,43.994346250448345
H1,legacy_199_train_and_99_eval_v1,minutes_2020-07-29,2020-07-29,3,60.714290421818134,65.24566883069112,4.531378408872982
H1,legacy_199_train_and_99_eval_v1,minutes_2020-09-16,2020-09-16,3,0.7596967438095418,2.22403191915123,1.464335175341688
H1,legacy_199_train_and_99_eval_v1,minutes_2020-11-05,2020-11-05,3,2.825774860707523,0.17939239594272854,-2.6463824647647947
H1,legacy_199_train_and_99_eval_v1,minutes_2020-12-16,2020-12-16,3,1.493081150233105,0.0529874126963856,-1.4400937375367193
H1,legacy_199_train_and_99_eval_v1,minutes_2021-01-27,2021-01-27,3,0.15342078006186985,0.055380273018064,-0.09804050704380585
H1,legacy_199_train_and_99_eval_v1,minutes_2021-03-17,2021-03-17,3,0.36425888561112935,1.1013615886944395,0.7371027030833102
H1,legacy_199_train_and_99_eval_v1,minutes_2021-04-28,2021-04-28,3,35.441999359656066,26.860324163357255,-8.58167519629881
H1,legacy_199_train_and_99_eval_v1,minutes_2021-06-16,2021-06-16,3,2.003013765297271,7.043468357160239,5.040454591862968
H1,legacy_199_train_and_99_eval_v1,minutes_2021-07-28,2021-07-28,3,34.268657462684324,14.636905621264058,-19.631751841420268
H1,legacy_199_train_and_99_eval_v1,minutes_2021-09-22,2021-09-22,3,2.243908142224383,2.732987512042057,0.48907936981767364
H1,legacy_199_train_and_99_eval_v1,minutes_2021-11-03,2021-11-03,3,2.0543253008708424,2.273686278345399,0.2193609774745564
H1,legacy_199_train_and_99_eval_v1,minutes_2021-12-15,2021-12-15,3,2.941338223724909,1.679160202961586,-1.2621780207633229
H1,legacy_199_train_and_99_eval_v1,minutes_2022-01-26,2022-01-26,3,4.637205468271477,3.5423506864832817,-1.0948547817881957
H1,legacy_199_train_and_99_eval_v1,minutes_2022-03-16,2022-03-16,3,0.8526515524777827,2.2640083738631946,1.411356821385412
H1,legacy_199_train_and_99_eval_v1,minutes_2022-05-04,2022-05-04,3,34.24661374624455,15.305026521537231,-18.94158722470732
H1,legacy_199_train_and_99_eval_v1,minutes_2022-06-15,2022-06-15,3,39.97746605107673,29.26568587863833,-10.711780172438402
H1,legacy_199_train_and_99_eval_v1,minutes_2022-07-27,2022-07-27,3,42.48956791703911,43.94814128045522,1.4585733634161073
H1,legacy_199_train_and_99_eval_v1,minutes_2022-09-21,2022-09-21,4,4.449055297166652,10.463569946845102,6.01451464967845
H1,legacy_199_train_and_99_eval_v1,minutes_2022-11-02,2022-11-02,4,7.392953539402416,8.346341636266324,0.9533880968639075
H1,legacy_199_train_and_99_eval_v1,minutes_2022-12-14,2022-12-14,4,8.220797594448658,17.302277328910655,9.081479734461997
H1,legacy_199_train_and_99_eval_v1,minutes_2023-02-01,2023-02-01,4,5.365447690124559,11.316955459577471,5.951507769452912
H1,legacy_199_train_and_99_eval_v1,minutes_2023-03-22,2023-03-22,4,16.19987670270282,9.924261061557598,-6.275615641145222
H1,legacy_199_train_and_99_eval_v1,minutes_2023-05-03,2023-05-03,4,14.228781613240807,19.081697717062017,4.85291610382121
H1,legacy_199_train_and_99_eval_v1,minutes_2023-06-14,2023-06-14,4,5.3877058241114355,10.975320869409005,5.58761504529757
H1,legacy_199_train_and_99_eval_v1,minutes_2023-07-26,2023-07-26,4,3.9076300621986384,0.18318841095984692,-3.7244416512387915
H1,legacy_199_train_and_99_eval_v1,minutes_2023-09-20,2023-09-20,4,0.7654697772800539,2.7233172792383504,1.9578475019582964
H1,legacy_199_train_and_99_eval_v1,minutes_2023-11-01,2023-11-01,4,7.1504644531951245,1.7264441404515602,-5.424020312743564
H1,legacy_199_train_and_99_eval_v1,minutes_2023-12-13,2023-12-13,4,4.531380360035724,9.889079557530094,5.3576991974943695
H1,legacy_199_train_and_99_eval_v1,minutes_2024-01-31,2024-01-31,4,0.7637918384864854,11.924190750691105,11.16039891220462
H1,legacy_199_train_and_99_eval_v1,minutes_2024-03-20,2024-03-20,4,1.7833924222620776,0.981992891667213,-0.8013995305948646
H1,legacy_199_train_and_99_eval_v1,minutes_2024-05-01,2024-05-01,4,2.168755532803925,5.009950124879877,2.841194592075952
H1,legacy_199_train_and_99_eval_v1,minutes_2024-06-12,2024-06-12,4,9.846050789522355,4.00484359800664,-5.841207191515715
H1,legacy_199_train_and_99_eval_v1,minutes_2024-07-31,2024-07-31,4,0.893589504042323,0.8385403727812005,-0.05504913126112243
H1,legacy_199_train_and_99_eval_v1,minutes_2024-09-18,2024-09-18,4,21.743202284044884,9.767508355641377,-11.975693928403507
H1,legacy_199_train_and_99_eval_v1,minutes_2024-11-07,2024-11-07,4,5.0716921434166995,0.9424298783894504,-4.129262265027249
H1,legacy_199_train_and_99_eval_v1,minutes_2024-12-18,2024-12-18,4,11.074831021431061,5.346161612931825,-5.728669408499236
H2,legacy_199_train_and_99_eval_v1,minutes_2012-09-13,2012-09-13,0,0.009750535839581301,0.6883995746764832,0.6786490388369019
H2,legacy_199_train_and_99_eval_v1,minutes_2012-10-24,2012-10-24,0,15.153151626805117,17.122982225480634,1.9698305986755162
H2,legacy_199_train_and_99_eval_v1,minutes_2012-12-12,2012-12-12,0,1.8136811854583883,3.6381020400407005,1.8244208545823122
H2,legacy_199_train_and_99_eval_v1,minutes_2013-01-30,2013-01-30,0,5.659182728077491,0.12225772202123429,-5.536925006056257
H2,legacy_199_train_and_99_eval_v1,minutes_2013-03-20,2013-03-20,0,23.945659718509717,10.219503469692093,-13.726156248817624
H2,legacy_199_train_and_99_eval_v1,minutes_2013-05-01,2013-05-01,0,2.687283788905121,2.1617412030807017,-0.5255425858244194
H2,legacy_199_train_and_99_eval_v1,minutes_2013-06-19,2013-06-19,0,0.032162341510617004,0.9536874867186118,0.9215251452079948
H2,legacy_199_train_and_99_eval_v1,minutes_2013-07-31,2013-07-31,0,4.175892906863885,10.402913781538034,6.2270208746741496
H2,legacy_199_train_and_99_eval_v1,minutes_2013-09-18,2013-09-18,0,19.19536861979264,3.773985588501573,-15.421383031291066
H2,legacy_199_train_and_99_eval_v1,minutes_2013-10-30,2013-10-30,0,0.42465892831315194,1.265316781145485,0.8406578528323332
H2,legacy_199_train_and_99_eval_v1,minutes_2013-12-18,2013-12-18,0,6.481436057242723,6.791388707549569,0.3099526503068457
H2,legacy_199_train_and_99_eval_v1,minutes_2014-01-29,2014-01-29,0,41.78079630383267,39.78768084766589,-1.9931154561667839
H2,legacy_199_train_and_99_eval_v1,minutes_2014-03-19,2014-03-19,0,3.916123299466371,4.909321294259844,0.9931979947934733
H2,legacy_199_train_and_99_eval_v1,minutes_2014-04-30,2014-04-30,0,0.2515859089632963,0.027169437057198324,-0.22441647190609798
H2,legacy_199_train_and_99_eval_v1,minutes_2014-06-18,2014-06-18,0,2.588034823475897,1.8497585150726634,-0.7382763084032338
H2,legacy_199_train_and_99_eval_v1,minutes_2014-07-30,2014-07-30,0,0.6123191341891537,0.21918119784001905,-0.3931379363491347
H2,legacy_199_train_and_99_eval_v1,minutes_2014-09-17,2014-09-17,0,0.04288347124888924,12.345568013208094,12.302684541959206
H2,legacy_199_train_and_99_eval_v1,minutes_2014-10-29,2014-10-29,0,10.15724176383497,0.01251224470528761,-10.144729519129681
H2,legacy_199_train_and_99_eval_v1,minutes_2014-12-17,2014-12-17,0,2.486864400865753,3.5672320059343368,1.0803676050685835
H2,legacy_199_train_and_99_eval_v1,minutes_2015-01-28,2015-01-28,0,23.13077458929202,6.778583123227767,-16.352191466064255
H2,legacy_199_train_and_99_eval_v1,minutes_2015-03-18,2015-03-18,1,1.1693757317288969,0.6075350199938357,-0.5618407117350611
H2,legacy_199_train_and_99_eval_v1,minutes_2015-04-29,2015-04-29,1,35.11605429960742,10.428205467095118,-24.6878488325123
H2,legacy_199_train_and_99_eval_v1,minutes_2015-06-17,2015-06-17,1,1.6636660015620977,1.855815421064719,0.19214941950262143
H2,legacy_199_train_and_99_eval_v1,minutes_2015-07-29,2015-07-29,1,34.92291292038803,19.415605127328938,-15.507307793059091
H2,legacy_199_train_and_99_eval_v1,minutes_2015-09-17,2015-09-17,1,15.769402458068283,14.696941607994015,-1.0724608500742683
H2,legacy_199_train_and_99_eval_v1,minutes_2015-10-28,2015-10-28,1,48.0343822051645,21.552268915514308,-26.48211328965019
H2,legacy_199_train_and_99_eval_v1,minutes_2015-12-16,2015-12-16,1,25.697894917574487,10.499247028452896,-15.198647889121592
H2,legacy_199_train_and_99_eval_v1,minutes_2016-01-27,2016-01-27,1,3.574392710952228,15.837383737693893,12.262991026741664
H2,legacy_199_train_and_99_eval_v1,minutes_2016-03-16,2016-03-16,1,24.6139280979818,26.03642650132441,1.4224984033426118
H2,legacy_199_train_and_99_eval_v1,minutes_2016-04-27,2016-04-27,1,1.1052627734114149,1.6215254848904694,0.5162627114790546
H2,legacy_199_train_and_99_eval_v1,minutes_2016-06-15,2016-06-15,1,3.5380902762787296,0.4628408872419396,-3.07524938903679
H2,legacy_199_train_and_99_eval_v1,minutes_2016-07-27,2016-07-27,1,18.856344762102037,13.217807722999494,-5.638537039102543
H2,legacy_199_train_and_99_eval_v1,minutes_2016-09-21,2016-09-21,1,42.90097560017433,19.08457956039256,-23.816396039781768
H2,legacy_199_train_and_99_eval_v1,minutes_2016-11-02,2016-11-02,1,68.29533728887964,41.20996635176023,-27.085370937119407
H2,legacy_199_train_and_99_eval_v1,minutes_2016-12-14,2016-12-14,1,12.453099734079169,24.54093184437334,12.08783211029417
H2,legacy_199_train_and_99_eval_v1,minutes_2017-02-01,2017-02-01,1,3.8397461673857216,3.593867922146247,-0.24587824523947477
H2,legacy_199_train_and_99_eval_v1,minutes_2017-03-15,2017-03-15,1,0.9335063422234722,0.1954280821463409,-0.7380782600771313
H2,legacy_199_train_and_99_eval_v1,minutes_2017-05-03,2017-05-03,1,6.013650710882425,5.02912350615615,-0.984527204726275
H2,legacy_199_train_and_99_eval_v1,minutes_2017-06-14,2017-06-14,1,0.5578997995066964,1.517785166625511,0.9598853671188147
H2,legacy_199_train_and_99_eval_v1,minutes_2017-07-26,2017-07-26,1,0.4405981963226566,1.0604292850049446,0.619831088682288
H2,legacy_199_train_and_99_eval_v1,minutes_2017-09-20,2017-09-20,2,0.787408998600018,1.5341861117378925,0.7467771131378745
H2,legacy_199_train_and_99_eval_v1,minutes_2017-11-01,2017-11-01,2,0.026270268611555476,0.009559256377285039,-0.016711012234270437
H2,legacy_199_train_and_99_eval_v1,minutes_2017-12-13,2017-12-13,2,0.00040799025619490476,0.4488946429985212,0.4484866527423263
H2,legacy_199_train_and_99_eval_v1,minutes_2018-01-31,2018-01-31,2,21.367432193587263,25.840074248730502,4.47264205514324
H2,legacy_199_train_and_99_eval_v1,minutes_2018-03-21,2018-03-21,2,5.278098603064546,0.9044017126677286,-4.373696890396817
H2,legacy_199_train_and_99_eval_v1,minutes_2018-05-02,2018-05-02,2,1.0536509161532452,0.203146802855448,-0.8505041132977973
H2,legacy_199_train_and_99_eval_v1,minutes_2018-06-13,2018-06-13,2,23.609289602952813,12.875510649015704,-10.73377895393711
H2,legacy_199_train_and_99_eval_v1,minutes_2018-08-01,2018-08-01,2,4.591412073163465,0.42203482043461726,-4.1693772527288475
H2,legacy_199_train_and_99_eval_v1,minutes_2018-09-26,2018-09-26,2,1.8594745478953096,0.4818041489143092,-1.3776703989810004
H2,legacy_199_train_and_99_eval_v1,minutes_2018-11-08,2018-11-08,2,11.553330279814412,3.5364812587184,-8.016849021096013
H2,legacy_199_train_and_99_eval_v1,minutes_2018-12-19,2018-12-19,2,31.345457008743036,23.42253412599909,-7.922922882743947
H2,legacy_199_train_and_99_eval_v1,minutes_2019-01-30,2019-01-30,2,51.90775309586871,56.426513840102594,4.51876074423388
H2,legacy_199_train_and_99_eval_v1,minutes_2019-03-20,2019-03-20,2,1.2761186587038158,2.0276142046659613,0.7514955459621455
H2,legacy_199_train_and_99_eval_v1,minutes_2019-05-01,2019-05-01,2,0.014315829819718785,0.016013276185020933,0.001697446365302148
H2,legacy_199_train_and_99_eval_v1,minutes_2019-06-19,2019-06-19,2,2.462154018418719,3.130846346324441,0.6686923279057222
H2,legacy_199_train_and_99_eval_v1,minutes_2019-07-31,2019-07-31,2,0.3102954671478062,0.16863484851809032,-0.14166061862971588
H2,legacy_199_train_and_99_eval_v1,minutes_2019-09-18,2019-09-18,2,4.842788899270439,3.0422595305461844,-1.8005293687242547
H2,legacy_199_train_and_99_eval_v1,minutes_2019-10-30,2019-10-30,2,0.0006555481631190999,0.3064094820911012,0.3057539339279821
H2,legacy_199_train_and_99_eval_v1,minutes_2019-12-11,2019-12-11,2,1.4172933313558347,0.051474088493477115,-1.3658192428623577
H2,legacy_199_train_and_99_eval_v1,minutes_2020-01-29,2020-01-29,2,2.196149489687741,1.5778908574110777,-0.6182586322766634
H2,legacy_199_train_and_99_eval_v1,minutes_2020-03-15,2020-03-15,3,192.68138076786647,125.24312918508873,-67.43825158277774
H2,legacy_199_train_and_99_eval_v1,minutes_2020-04-29,2020-04-29,3,315.52653776316095,315.3834875734585,-0.14305018970242145
H2,legacy_199_train_and_99_eval_v1,minutes_2020-06-10,2020-06-10,3,54.35469345673292,43.18722786996106,-11.167465586771854
H2,legacy_199_train_and_99_eval_v1,minutes_2020-07-29,2020-07-29,3,56.91118411311123,60.714290421818134,3.8031063087069015
H2,legacy_199_train_and_99_eval_v1,minutes_2020-09-16,2020-09-16,3,2.0763075642853077,0.7596967438095418,-1.3166108204757658
H2,legacy_199_train_and_99_eval_v1,minutes_2020-11-05,2020-11-05,3,2.5489666068890835,2.825774860707523,0.27680825381843954
H2,legacy_199_train_and_99_eval_v1,minutes_2020-12-16,2020-12-16,3,5.946165988993358,1.493081150233105,-4.453084838760253
H2,legacy_199_train_and_99_eval_v1,minutes_2021-01-27,2021-01-27,3,1.5501024088034727,0.15342078006186985,-1.3966816287416028
H2,legacy_199_train_and_99_eval_v1,minutes_2021-03-17,2021-03-17,3,2.0230863466585256,0.36425888561112935,-1.6588274610473963
H2,legacy_199_train_and_99_eval_v1,minutes_2021-04-28,2021-04-28,3,31.551568888572163,35.441999359656066,3.890430471083903
H2,legacy_199_train_and_99_eval_v1,minutes_2021-06-16,2021-06-16,3,0.5038299546480802,2.003013765297271,1.4991838106491908
H2,legacy_199_train_and_99_eval_v1,minutes_2021-07-28,2021-07-28,3,14.085170936217898,34.268657462684324,20.183486526466424
H2,legacy_199_train_and_99_eval_v1,minutes_2021-09-22,2021-09-22,3,3.5986885182030344,2.243908142224383,-1.3547803759786512
H2,legacy_199_train_and_99_eval_v1,minutes_2021-11-03,2021-11-03,3,4.395078586617107,2.0543253008708424,-2.3407532857462643
H2,legacy_199_train_and_99_eval_v1,minutes_2021-12-15,2021-12-15,3,0.7057760639536889,2.941338223724909,2.23556215977122
H2,legacy_199_train_and_99_eval_v1,minutes_2022-01-26,2022-01-26,3,14.584257418936486,4.637205468271477,-9.94705195066501
H2,legacy_199_train_and_99_eval_v1,minutes_2022-03-16,2022-03-16,3,1.8147463864465412,0.8526515524777827,-0.9620948339687585
H2,legacy_199_train_and_99_eval_v1,minutes_2022-05-04,2022-05-04,3,33.503759573513015,34.24661374624455,0.7428541727315334
H2,legacy_199_train_and_99_eval_v1,minutes_2022-06-15,2022-06-15,3,43.808467283534085,39.97746605107673,-3.8310012324573535
H2,legacy_199_train_and_99_eval_v1,minutes_2022-07-27,2022-07-27,3,56.52507023367036,42.48956791703911,-14.035502316631252
H2,legacy_199_train_and_99_eval_v1,minutes_2022-09-21,2022-09-21,4,4.498767573991877,4.449055297166652,-0.04971227682522539
H2,legacy_199_train_and_99_eval_v1,minutes_2022-11-02,2022-11-02,4,8.748808635879662,7.392953539402416,-1.3558550964772458
H2,legacy_199_train_and_99_eval_v1,minutes_2022-12-14,2022-12-14,4,0.47486621250315747,8.220797594448658,7.745931381945501
H2,legacy_199_train_and_99_eval_v1,minutes_2023-02-01,2023-02-01,4,4.854040013287214,5.365447690124559,0.5114076768373446
H2,legacy_199_train_and_99_eval_v1,minutes_2023-03-22,2023-03-22,4,11.048561575552762,16.19987670270282,5.151315127150058
H2,legacy_199_train_and_99_eval_v1,minutes_2023-05-03,2023-05-03,4,5.72165693409515,14.228781613240807,8.507124679145658
H2,legacy_199_train_and_99_eval_v1,minutes_2023-06-14,2023-06-14,4,0.3004177279857028,5.3877058241114355,5.087288096125732
H2,legacy_199_train_and_99_eval_v1,minutes_2023-07-26,2023-07-26,4,12.593902068893955,3.9076300621986384,-8.686272006695317
H2,legacy_199_train_and_99_eval_v1,minutes_2023-09-20,2023-09-20,4,4.016606770475394,0.7654697772800539,-3.25113699319534
H2,legacy_199_train_and_99_eval_v1,minutes_2023-11-01,2023-11-01,4,0.22142074143442786,7.1504644531951245,6.929043711760697
H2,legacy_199_train_and_99_eval_v1,minutes_2023-12-13,2023-12-13,4,17.092584811589482,4.531380360035724,-12.561204451553758
H2,legacy_199_train_and_99_eval_v1,minutes_2024-01-31,2024-01-31,4,4.071606047325926,0.7637918384864854,-3.307814208839441
H2,legacy_199_train_and_99_eval_v1,minutes_2024-03-20,2024-03-20,4,1.6306164856287575,1.7833924222620776,0.15277593663332012
H2,legacy_199_train_and_99_eval_v1,minutes_2024-05-01,2024-05-01,4,0.4148229900456668,2.168755532803925,1.7539325427582582
H2,legacy_199_train_and_99_eval_v1,minutes_2024-06-12,2024-06-12,4,24.88578858749088,9.846050789522355,-15.039737797968524
H2,legacy_199_train_and_99_eval_v1,minutes_2024-07-31,2024-07-31,4,4.876341934859735,0.893589504042323,-3.9827524308174125
H2,legacy_199_train_and_99_eval_v1,minutes_2024-09-18,2024-09-18,4,19.1061401489085,21.743202284044884,2.6370621351363823
H2,legacy_199_train_and_99_eval_v1,minutes_2024-11-07,2024-11-07,4,5.165635773868479,5.0716921434166995,-0.09394363045177911
H2,legacy_199_train_and_99_eval_v1,minutes_2024-12-18,2024-12-18,4,68.52233796702275,11.074831021431061,-57.44750694559169
H3,legacy_199_train_and_99_eval_v1,minutes_2012-09-13,2012-09-13,0,2.737190169874946,1.2211647743668996,-1.5160253955080465
H3,legacy_199_train_and_99_eval_v1,minutes_2012-10-24,2012-10-24,0,10.29542993126995,5.457860476529279,-4.837569454740671
H3,legacy_199_train_and_99_eval_v1,minutes_2012-12-12,2012-12-12,0,0.8924670177186034,6.18388588637325,5.291418868654647
H3,legacy_199_train_and_99_eval_v1,minutes_2013-01-30,2013-01-30,0,0.8397041306825856,5.198565979689316,4.35886184900673
H3,legacy_199_train_and_99_eval_v1,minutes_2013-03-20,2013-03-20,0,2.3079869206313806,0.37076938927042824,-1.9372175313609523
H3,legacy_199_train_and_99_eval_v1,minutes_2013-05-01,2013-05-01,0,0.2498709661786233,4.041806411216706,3.791935445038083
H3,legacy_199_train_and_99_eval_v1,minutes_2013-06-19,2013-06-19,0,1.682880803506114,7.764446166148745,6.081565362642631
H3,legacy_199_train_and_99_eval_v1,minutes_2013-07-31,2013-07-31,0,18.739180080855096,0.001105924597016547,-18.73807415625808
H3,legacy_199_train_and_99_eval_v1,minutes_2013-09-18,2013-09-18,0,3.656412087871508,3.7626408410125083,0.10622875314100044
H3,legacy_199_train_and_99_eval_v1,minutes_2013-10-30,2013-10-30,0,1.0702536170399242,3.4503538343768825,2.3801002173369583
H3,legacy_199_train_and_99_eval_v1,minutes_2013-12-18,2013-12-18,0,0.1472360604361827,0.41863339915682335,0.27139733872064065
H3,legacy_199_train_and_99_eval_v1,minutes_2014-01-29,2014-01-29,0,21.641095571678523,23.165673492464755,1.524577920786232
H3,legacy_199_train_and_99_eval_v1,minutes_2014-03-19,2014-03-19,0,3.7025978041209466,6.225715288345958,2.5231174842250113
H3,legacy_199_train_and_99_eval_v1,minutes_2014-04-30,2014-04-30,0,1.8359790842003003,1.3877440102153302,-0.4482350739849701
H3,legacy_199_train_and_99_eval_v1,minutes_2014-06-18,2014-06-18,0,1.6378310110545402,0.15768009488344775,-1.4801509161710924
H3,legacy_199_train_and_99_eval_v1,minutes_2014-07-30,2014-07-30,0,0.41676107610467156,9.951265059559931,9.53450398345526
H3,legacy_199_train_and_99_eval_v1,minutes_2014-09-17,2014-09-17,0,0.2625473255953812,1.995107041227932,1.7325597156325507
H3,legacy_199_train_and_99_eval_v1,minutes_2014-10-29,2014-10-29,0,9.423579648505875,34.83937278314651,25.415793134640634
H3,legacy_199_train_and_99_eval_v1,minutes_2014-12-17,2014-12-17,0,0.2688315425680529,0.536024097543168,0.2671925549751151
H3,legacy_199_train_and_99_eval_v1,minutes_2015-01-28,2015-01-28,0,8.899280281456422,3.2714984722730304e-05,-8.899247566471699
H3,legacy_199_train_and_99_eval_v1,minutes_2015-03-18,2015-03-18,1,2.8414757978639336,1.462615270092512,-1.3788605277714217
H3,legacy_199_train_and_99_eval_v1,minutes_2015-04-29,2015-04-29,1,3.8639375362636974,2.6152384528537116,-1.2486990834099858
H3,legacy_199_train_and_99_eval_v1,minutes_2015-06-17,2015-06-17,1,0.6038048259401642,1.1439265838582833,0.5401217579181191
H3,legacy_199_train_and_99_eval_v1,minutes_2015-07-29,2015-07-29,1,13.613426019011062,5.188017798386768,-8.425408220624295
H3,legacy_199_train_and_99_eval_v1,minutes_2015-09-17,2015-09-17,1,20.236571183542004,3.2869348542863586,-16.949636329255647
H3,legacy_199_train_and_99_eval_v1,minutes_2015-10-28,2015-10-28,1,6.000048111572959,45.44398571092654,39.44393759935358
H3,legacy_199_train_and_99_eval_v1,minutes_2015-12-16,2015-12-16,1,4.230428603006802,4.7480490466590926,0.5176204436522909
H3,legacy_199_train_and_99_eval_v1,minutes_2016-01-27,2016-01-27,1,22.97066902049219,9.059674240025592,-13.910994780466597
H3,legacy_199_train_and_99_eval_v1,minutes_2016-03-16,2016-03-16,1,26.667736758484345,22.153878995822588,-4.5138577626617575
H3,legacy_199_train_and_99_eval_v1,minutes_2016-04-27,2016-04-27,1,2.152438862783102,13.315429408904864,11.162990546121762
H3,legacy_199_train_and_99_eval_v1,minutes_2016-06-15,2016-06-15,1,1.0789091661009838,0.8682556345132499,-0.2106535315877338
H3,legacy_199_train_and_99_eval_v1,minutes_2016-07-27,2016-07-27,1,12.488692107154636,39.67686380427496,27.188171697120325
H3,legacy_199_train_and_99_eval_v1,minutes_2016-09-21,2016-09-21,1,11.044507565639778,12.273256495940284,1.2287489303005064
H3,legacy_199_train_and_99_eval_v1,minutes_2016-11-02,2016-11-02,1,32.59312804989664,12.876051248970281,-19.71707680092636
H3,legacy_199_train_and_99_eval_v1,minutes_2016-12-14,2016-12-14,1,21.211890146357288,21.38017124555116,0.16828109919387302
H3,legacy_199_train_and_99_eval_v1,minutes_2017-02-01,2017-02-01,1,2.4033333957440823,0.04586294628477955,-2.357470449459303
H3,legacy_199_train_and_99_eval_v1,minutes_2017-03-15,2017-03-15,1,1.313433935418162,2.1474474845792138,0.8340135491610519
H3,legacy_199_train_and_99_eval_v1,minutes_2017-05-03,2017-05-03,1,4.29483911175373,0.22714521825501416,-4.067693893498716
H3,legacy_199_train_and_99_eval_v1,minutes_2017-06-14,2017-06-14,1,0.22116022472474806,8.923552766195174,8.702392541470426
H3,legacy_199_train_and_99_eval_v1,minutes_2017-07-26,2017-07-26,1,0.21590321325147277,28.43092651721482,28.21502330396335
H3,legacy_199_train_and_99_eval_v1,minutes_2017-09-20,2017-09-20,2,0.00015264093684425016,6.155842221966075,6.155689581029231
H3,legacy_199_train_and_99_eval_v1,minutes_2017-11-01,2017-11-01,2,0.7565288814965757,1.3489716984430518,0.592442816946476
H3,legacy_199_train_and_99_eval_v1,minutes_2017-12-13,2017-12-13,2,0.023578894523702373,3.0451325771734896,3.0215536826497873
H3,legacy_199_train_and_99_eval_v1,minutes_2018-01-31,2018-01-31,2,34.8153505762929,31.17430076320893,-3.6410498130839706
H3,legacy_199_train_and_99_eval_v1,minutes_2018-03-21,2018-03-21,2,0.16236247463481535,0.6333017047670706,0.47093923013225525
H3,legacy_199_train_and_99_eval_v1,minutes_2018-05-02,2018-05-02,2,0.18051117157453658,40.547446918088575,40.36693574651404
H3,legacy_199_train_and_99_eval_v1,minutes_2018-06-13,2018-06-13,2,20.773552442385252,29.014713404220622,8.24116096183537
H3,legacy_199_train_and_99_eval_v1,minutes_2018-08-01,2018-08-01,2,2.9010243281265033,5.533067278222,2.6320429500954967
H3,legacy_199_train_and_99_eval_v1,minutes_2018-09-26,2018-09-26,2,1.5476456776153318,0.3081268918552825,-1.2395187857600494
H3,legacy_199_train_and_99_eval_v1,minutes_2018-11-08,2018-11-08,2,1.346352199854442,0.8271051381147747,-0.5192470617396674
H3,legacy_199_train_and_99_eval_v1,minutes_2018-12-19,2018-12-19,2,31.55068406787095,20.998646319443235,-10.552037748427715
H3,legacy_199_train_and_99_eval_v1,minutes_2019-01-30,2019-01-30,2,55.94467105529513,134.18109949097604,78.2364284356809
H3,legacy_199_train_and_99_eval_v1,minutes_2019-03-20,2019-03-20,2,5.630688058912633,0.7819908092870783,-4.8486972496255545
H3,legacy_199_train_and_99_eval_v1,minutes_2019-05-01,2019-05-01,2,0.008755807881767214,5.537583119145962,5.528827311264195
H3,legacy_199_train_and_99_eval_v1,minutes_2019-06-19,2019-06-19,2,6.5706315556479495,4.448504515855111,-2.1221270397928382
H3,legacy_199_train_and_99_eval_v1,minutes_2019-07-31,2019-07-31,2,1.5685469044346976,0.1006907004205458,-1.4678562040141518
H3,legacy_199_train_and_99_eval_v1,minutes_2019-09-18,2019-09-18,2,4.881868855176321,21.39164810201282,16.509779246836498
H3,legacy_199_train_and_99_eval_v1,minutes_2019-10-30,2019-10-30,2,0.09362051483470464,0.8082009737938135,0.7145804589591088
H3,legacy_199_train_and_99_eval_v1,minutes_2019-12-11,2019-12-11,2,0.7916239259989007,0.10731619085956244,-0.6843077351393383
H3,legacy_199_train_and_99_eval_v1,minutes_2020-01-29,2020-01-29,2,1.006418279492429,0.0317294503979421,-0.974688829094487
H3,legacy_199_train_and_99_eval_v1,minutes_2020-03-15,2020-03-15,3,120.55068829068586,246.90227641943997,126.35158812875412
H3,legacy_199_train_and_99_eval_v1,minutes_2020-04-29,2020-04-29,3,271.94875702189574,312.6925239257227,40.74376690382695
H3,legacy_199_train_and_99_eval_v1,minutes_2020-06-10,2020-06-10,3,52.21669893152518,87.18157412040941,34.96487518888423
H3,legacy_199_train_and_99_eval_v1,minutes_2020-07-29,2020-07-29,3,69.89202995691844,65.24566883069112,-4.646361126227319
H3,legacy_199_train_and_99_eval_v1,minutes_2020-09-16,2020-09-16,3,0.4810756428390207,2.22403191915123,1.742956276312209
H3,legacy_199_train_and_99_eval_v1,minutes_2020-11-05,2020-11-05,3,1.1164817737285249,0.17939239594272854,-0.9370893777857963
H3,legacy_199_train_and_99_eval_v1,minutes_2020-12-16,2020-12-16,3,0.6876087090720441,0.0529874126963856,-0.6346212963756585
H3,legacy_199_train_and_99_eval_v1,minutes_2021-01-27,2021-01-27,3,0.1312018015076205,0.055380273018064,-0.0758215284895565
H3,legacy_199_train_and_99_eval_v1,minutes_2021-03-17,2021-03-17,3,0.044148093464517826,1.1013615886944395,1.0572134952299217
H3,legacy_199_train_and_99_eval_v1,minutes_2021-04-28,2021-04-28,3,33.09860503408969,26.860324163357255,-6.2382808707324315
H3,legacy_199_train_and_99_eval_v1,minutes_2021-06-16,2021-06-16,3,1.1670749396036724,7.043468357160239,5.876393417556566
H3,legacy_199_train_and_99_eval_v1,minutes_2021-07-28,2021-07-28,3,32.04497229940596,14.636905621264058,-17.408066678141907
H3,legacy_199_train_and_99_eval_v1,minutes_2021-09-22,2021-09-22,3,2.6718546177088207,2.732987512042057,0.0611328943332361
H3,legacy_199_train_and_99_eval_v1,minutes_2021-11-03,2021-11-03,3,0.9461195673151157,2.273686278345399,1.3275667110302831
H3,legacy_199_train_and_99_eval_v1,minutes_2021-12-15,2021-12-15,3,0.8891011580533085,1.679160202961586,0.7900590449082775
H3,legacy_199_train_and_99_eval_v1,minutes_2022-01-26,2022-01-26,3,5.569460797656757,3.5423506864832817,-2.0271101111734753
H3,legacy_199_train_and_99_eval_v1,minutes_2022-03-16,2022-03-16,3,0.6494139773612237,2.2640083738631946,1.614594396501971
H3,legacy_199_train_and_99_eval_v1,minutes_2022-05-04,2022-05-04,3,45.6261877684499,15.305026521537231,-30.321161246912673
H3,legacy_199_train_and_99_eval_v1,minutes_2022-06-15,2022-06-15,3,42.261951422870176,29.26568587863833,-12.996265544231846
H3,legacy_199_train_and_99_eval_v1,minutes_2022-07-27,2022-07-27,3,38.70109219812557,43.94814128045522,5.247049082329646
H3,legacy_199_train_and_99_eval_v1,minutes_2022-09-21,2022-09-21,4,8.003284362620391,10.463569946845102,2.46028558422471
H3,legacy_199_train_and_99_eval_v1,minutes_2022-11-02,2022-11-02,4,2.1289365925370376,8.346341636266324,6.217405043729286
H3,legacy_199_train_and_99_eval_v1,minutes_2022-12-14,2022-12-14,4,6.5667118160815985,17.302277328910655,10.735565512829057
H3,legacy_199_train_and_99_eval_v1,minutes_2023-02-01,2023-02-01,4,3.457390130623408,11.316955459577471,7.859565328954064
H3,legacy_199_train_and_99_eval_v1,minutes_2023-03-22,2023-03-22,4,22.19221974563754,9.924261061557598,-12.267958684079943
H3,legacy_199_train_and_99_eval_v1,minutes_2023-05-03,2023-05-03,4,2.9895108616922137,19.081697717062017,16.092186855369803
H3,legacy_199_train_and_99_eval_v1,minutes_2023-06-14,2023-06-14,4,3.8167063989731727,10.975320869409005,7.1586144704358325
H3,legacy_199_train_and_99_eval_v1,minutes_2023-07-26,2023-07-26,4,3.4261791645696125,0.18318841095984692,-3.2429907536097655
H3,legacy_199_train_and_99_eval_v1,minutes_2023-09-20,2023-09-20,4,0.19787332962431306,2.7233172792383504,2.5254439496140373
H3,legacy_199_train_and_99_eval_v1,minutes_2023-11-01,2023-11-01,4,3.9123506238112924,1.7264441404515602,-2.185906483359732
H3,legacy_199_train_and_99_eval_v1,minutes_2023-12-13,2023-12-13,4,12.220227311924196,9.889079557530094,-2.3311477543941024
H3,legacy_199_train_and_99_eval_v1,minutes_2024-01-31,2024-01-31,4,0.24288659787694392,11.924190750691105,11.68130415281416
H3,legacy_199_train_and_99_eval_v1,minutes_2024-03-20,2024-03-20,4,1.5059151785752287,0.981992891667213,-0.5239222869080157
H3,legacy_199_train_and_99_eval_v1,minutes_2024-05-01,2024-05-01,4,3.010241629495528,5.009950124879877,1.9997084953843491
H3,legacy_199_train_and_99_eval_v1,minutes_2024-06-12,2024-06-12,4,10.62864171366913,4.00484359800664,-6.623798115662489
H3,legacy_199_train_and_99_eval_v1,minutes_2024-07-31,2024-07-31,4,0.3200745940368929,0.8385403727812005,0.5184657787443077
H3,legacy_199_train_and_99_eval_v1,minutes_2024-09-18,2024-09-18,4,24.36682849858246,9.767508355641377,-14.599320142941083
H3,legacy_199_train_and_99_eval_v1,minutes_2024-11-07,2024-11-07,4,9.000754891512642,0.9424298783894504,-8.058325013123191
H3,legacy_199_train_and_99_eval_v1,minutes_2024-12-18,2024-12-18,4,11.987289315134204,5.346161612931825,-6.641127702202379
H4,legacy_199_train_and_99_eval_v1,minutes_2012-09-13,2012-09-13,0,0.14526512988486456,1.2211647743668996,1.075899644482035
H4,legacy_199_train_and_99_eval_v1,minutes_2012-10-24,2012-10-24,0,0.2004396363929694,5.457860476529279,5.25742084013631
H4,legacy_199_train_and_99_eval_v1,minutes_2012-12-12,2012-12-12,0,7.576649235061711,6.18388588637325,-1.3927633486884607
H4,legacy_199_train_and_99_eval_v1,minutes_2013-01-30,2013-01-30,0,5.995276524109201,5.198565979689316,-0.7967105444198852
H4,legacy_199_train_and_99_eval_v1,minutes_2013-03-20,2013-03-20,0,0.20022016462762068,0.37076938927042824,0.17054922464280756
H4,legacy_199_train_and_99_eval_v1,minutes_2013-05-01,2013-05-01,0,7.370545943273727,4.041806411216706,-3.3287395320570203
H4,legacy_199_train_and_99_eval_v1,minutes_2013-06-19,2013-06-19,0,0.2045193046521635,7.764446166148745,7.5599268614965816
H4,legacy_199_train_and_99_eval_v1,minutes_2013-07-31,2013-07-31,0,0.5786500664784524,0.001105924597016547,-0.5775441418814359
H4,legacy_199_train_and_99_eval_v1,minutes_2013-09-18,2013-09-18,0,10.999679761307407,3.7626408410125083,-7.237038920294898
H4,legacy_199_train_and_99_eval_v1,minutes_2013-10-30,2013-10-30,0,2.0582667279981237,3.4503538343768825,1.3920871063787588
H4,legacy_199_train_and_99_eval_v1,minutes_2013-12-18,2013-12-18,0,0.011753006432042606,0.41863339915682335,0.4068803927247807
H4,legacy_199_train_and_99_eval_v1,minutes_2014-01-29,2014-01-29,0,19.133355855996008,23.165673492464755,4.032317636468747
H4,legacy_199_train_and_99_eval_v1,minutes_2014-03-19,2014-03-19,0,1.7098315733835945,6.225715288345958,4.515883714962364
H4,legacy_199_train_and_99_eval_v1,minutes_2014-04-30,2014-04-30,0,5.631546129041805,1.3877440102153302,-4.2438021188264745
H4,legacy_199_train_and_99_eval_v1,minutes_2014-06-18,2014-06-18,0,2.5945754104616046,0.15768009488344775,-2.4368953155781568
H4,legacy_199_train_and_99_eval_v1,minutes_2014-07-30,2014-07-30,0,0.04470393287575241,9.951265059559931,9.90656112668418
H4,legacy_199_train_and_99_eval_v1,minutes_2014-09-17,2014-09-17,0,0.9029582643869217,1.995107041227932,1.09214877684101
H4,legacy_199_train_and_99_eval_v1,minutes_2014-10-29,2014-10-29,0,18.33892205858751,34.83937278314651,16.500450724559
H4,legacy_199_train_and_99_eval_v1,minutes_2014-12-17,2014-12-17,0,0.04234173407473474,0.536024097543168,0.4936823634684333
H4,legacy_199_train_and_99_eval_v1,minutes_2015-01-28,2015-01-28,0,14.542260293088624,3.2714984722730304e-05,-14.542227578103901
H4,legacy_199_train_and_99_eval_v1,minutes_2015-03-18,2015-03-18,1,0.08155391941256605,1.462615270092512,1.3810613506799458
H4,legacy_199_train_and_99_eval_v1,minutes_2015-04-29,2015-04-29,1,20.608499461846726,2.6152384528537116,-17.993261008993017
H4,legacy_199_train_and_99_eval_v1,minutes_2015-06-17,2015-06-17,1,1.6110068295237407,1.1439265838582833,-0.46708024566545747
H4,legacy_199_train_and_99_eval_v1,minutes_2015-07-29,2015-07-29,1,1.6139448787954722,5.188017798386768,3.5740729195912957
H4,legacy_199_train_and_99_eval_v1,minutes_2015-09-17,2015-09-17,1,32.40612071782831,3.2869348542863586,-29.11918586354195
H4,legacy_199_train_and_99_eval_v1,minutes_2015-10-28,2015-10-28,1,4.397792015131837,45.44398571092654,41.046193695794706
H4,legacy_199_train_and_99_eval_v1,minutes_2015-12-16,2015-12-16,1,0.7687530335741843,4.7480490466590926,3.979296013084908
H4,legacy_199_train_and_99_eval_v1,minutes_2016-01-27,2016-01-27,1,1.6591598626709898,9.059674240025592,7.400514377354602
H4,legacy_199_train_and_99_eval_v1,minutes_2016-03-16,2016-03-16,1,39.77266210601765,22.153878995822588,-17.61878311019506
H4,legacy_199_train_and_99_eval_v1,minutes_2016-04-27,2016-04-27,1,9.575267167066233,13.315429408904864,3.7401622418386307
H4,legacy_199_train_and_99_eval_v1,minutes_2016-06-15,2016-06-15,1,26.347325053986157,0.8682556345132499,-25.479069419472907
H4,legacy_199_train_and_99_eval_v1,minutes_2016-07-27,2016-07-27,1,1.450595051577569,39.67686380427496,38.226268752697386
H4,legacy_199_train_and_99_eval_v1,minutes_2016-09-21,2016-09-21,1,0.9928446078359062,12.273256495940284,11.280411888104378
H4,legacy_199_train_and_99_eval_v1,minutes_2016-11-02,2016-11-02,1,7.645293173281004,12.876051248970281,5.230758075689277
H4,legacy_199_train_and_99_eval_v1,minutes_2016-12-14,2016-12-14,1,3.3063060154482065,21.38017124555116,18.073865230102953
H4,legacy_199_train_and_99_eval_v1,minutes_2017-02-01,2017-02-01,1,5.276716763303005,0.04586294628477955,-5.230853817018225
H4,legacy_199_train_and_99_eval_v1,minutes_2017-03-15,2017-03-15,1,2.541532358903996,2.1474474845792138,-0.39408487432478223
H4,legacy_199_train_and_99_eval_v1,minutes_2017-05-03,2017-05-03,1,9.118415986384766,0.22714521825501416,-8.891270768129752
H4,legacy_199_train_and_99_eval_v1,minutes_2017-06-14,2017-06-14,1,10.399617637919855,8.923552766195174,-1.476064871724681
H4,legacy_199_train_and_99_eval_v1,minutes_2017-07-26,2017-07-26,1,16.437851720037916,28.43092651721482,11.993074797176906
H4,legacy_199_train_and_99_eval_v1,minutes_2017-09-20,2017-09-20,2,6.950908658846275,6.155842221966075,-0.7950664368802007
H4,legacy_199_train_and_99_eval_v1,minutes_2017-11-01,2017-11-01,2,0.8634787333410768,1.3489716984430518,0.4854929651019749
H4,legacy_199_train_and_99_eval_v1,minutes_2017-12-13,2017-12-13,2,1.0747805443943306,3.0451325771734896,1.970352032779159
H4,legacy_199_train_and_99_eval_v1,minutes_2018-01-31,2018-01-31,2,12.22400220952934,31.17430076320893,18.950298553679588
H4,legacy_199_train_and_99_eval_v1,minutes_2018-03-21,2018-03-21,2,18.9177943595778,0.6333017047670706,-18.28449265481073
H4,legacy_199_train_and_99_eval_v1,minutes_2018-05-02,2018-05-02,2,7.709918167233802,40.547446918088575,32.83752875085477
H4,legacy_199_train_and_99_eval_v1,minutes_2018-06-13,2018-06-13,2,22.195900083322996,29.014713404220622,6.818813320897625
H4,legacy_199_train_and_99_eval_v1,minutes_2018-08-01,2018-08-01,2,3.427976234365842,5.533067278222,2.105091043856158
H4,legacy_199_train_and_99_eval_v1,minutes_2018-09-26,2018-09-26,2,2.52110454571063,0.3081268918552825,-2.212977653855347
H4,legacy_199_train_and_99_eval_v1,minutes_2018-11-08,2018-11-08,2,43.86567144658374,0.8271051381147747,-43.038566308468965
H4,legacy_199_train_and_99_eval_v1,minutes_2018-12-19,2018-12-19,2,0.27240594807635166,20.998646319443235,20.726240371366885
H4,legacy_199_train_and_99_eval_v1,minutes_2019-01-30,2019-01-30,2,58.062190237549444,134.18109949097604,76.1189092534266
H4,legacy_199_train_and_99_eval_v1,minutes_2019-03-20,2019-03-20,2,0.4525820730635376,0.7819908092870783,0.3294087362235407
H4,legacy_199_train_and_99_eval_v1,minutes_2019-05-01,2019-05-01,2,0.6898415413117457,5.537583119145962,4.847741577834216
H4,legacy_199_train_and_99_eval_v1,minutes_2019-06-19,2019-06-19,2,10.593625271982837,4.448504515855111,-6.145120756127726
H4,legacy_199_train_and_99_eval_v1,minutes_2019-07-31,2019-07-31,2,4.728973888714729,0.1006907004205458,-4.6282831882941835
H4,legacy_199_train_and_99_eval_v1,minutes_2019-09-18,2019-09-18,2,2.807303267975346,21.39164810201282,18.584344834037474
H4,legacy_199_train_and_99_eval_v1,minutes_2019-10-30,2019-10-30,2,2.9089019762999047,0.8082009737938135,-2.1007010025060913
H4,legacy_199_train_and_99_eval_v1,minutes_2019-12-11,2019-12-11,2,0.3728688192932141,0.10731619085956244,-0.2655526284336516
H4,legacy_199_train_and_99_eval_v1,minutes_2020-01-29,2020-01-29,2,10.408434128719088,0.0317294503979421,-10.376704678321147
H4,legacy_199_train_and_99_eval_v1,minutes_2020-03-15,2020-03-15,3,173.61778714374887,246.90227641943997,73.2844892756911
H4,legacy_199_train_and_99_eval_v1,minutes_2020-04-29,2020-04-29,3,220.84659305651962,312.6925239257227,91.84593086920307
H4,legacy_199_train_and_99_eval_v1,minutes_2020-06-10,2020-06-10,3,55.137619180695225,87.18157412040941,32.04395493971418
H4,legacy_199_train_and_99_eval_v1,minutes_2020-07-29,2020-07-29,3,81.63056763321035,65.24566883069112,-16.38489880251923
H4,legacy_199_train_and_99_eval_v1,minutes_2020-09-16,2020-09-16,3,0.03939514319168436,2.22403191915123,2.1846367759595453
H4,legacy_199_train_and_99_eval_v1,minutes_2020-11-05,2020-11-05,3,5.016910003062099,0.17939239594272854,-4.837517607119371
H4,legacy_199_train_and_99_eval_v1,minutes_2020-12-16,2020-12-16,3,0.16428673163077556,0.0529874126963856,-0.11129931893438996
H4,legacy_199_train_and_99_eval_v1,minutes_2021-01-27,2021-01-27,3,0.6979747526522052,0.055380273018064,-0.6425944796341412
H4,legacy_199_train_and_99_eval_v1,minutes_2021-03-17,2021-03-17,3,2.9285865464930776,1.1013615886944395,-1.8272249577986381
H4,legacy_199_train_and_99_eval_v1,minutes_2021-04-28,2021-04-28,3,2.259829537358631,26.860324163357255,24.600494625998625
H4,legacy_199_train_and_99_eval_v1,minutes_2021-06-16,2021-06-16,3,7.0169218138677865,7.043468357160239,0.02654654329245254
H4,legacy_199_train_and_99_eval_v1,minutes_2021-07-28,2021-07-28,3,39.07343503625044,14.636905621264058,-24.43652941498638
H4,legacy_199_train_and_99_eval_v1,minutes_2021-09-22,2021-09-22,3,3.0587619500316006,2.732987512042057,-0.32577443798954375
H4,legacy_199_train_and_99_eval_v1,minutes_2021-11-03,2021-11-03,3,0.00011058779976636345,2.273686278345399,2.2735756905456324
H4,legacy_199_train_and_99_eval_v1,minutes_2021-12-15,2021-12-15,3,0.18255600704795114,1.679160202961586,1.496604195913635
H4,legacy_199_train_and_99_eval_v1,minutes_2022-01-26,2022-01-26,3,1.713403248078802,3.5423506864832817,1.8289474384044797
H4,legacy_199_train_and_99_eval_v1,minutes_2022-03-16,2022-03-16,3,5.3113434233381644,2.2640083738631946,-3.04733504947497
H4,legacy_199_train_and_99_eval_v1,minutes_2022-05-04,2022-05-04,3,2.214079822542324,15.305026521537231,13.090946698994907
H4,legacy_199_train_and_99_eval_v1,minutes_2022-06-15,2022-06-15,3,3.2684644449458724,29.26568587863833,25.997221433692456
H4,legacy_199_train_and_99_eval_v1,minutes_2022-07-27,2022-07-27,3,11.84938812549617,43.94814128045522,32.09875315495905
H4,legacy_199_train_and_99_eval_v1,minutes_2022-09-21,2022-09-21,4,0.872146313735351,10.463569946845102,9.59142363310975
H4,legacy_199_train_and_99_eval_v1,minutes_2022-11-02,2022-11-02,4,5.048380606410019,8.346341636266324,3.297961029856305
H4,legacy_199_train_and_99_eval_v1,minutes_2022-12-14,2022-12-14,4,10.704469323713269,17.302277328910655,6.597808005197386
H4,legacy_199_train_and_99_eval_v1,minutes_2023-02-01,2023-02-01,4,2.503593181046884,11.316955459577471,8.813362278530587
H4,legacy_199_train_and_99_eval_v1,minutes_2023-03-22,2023-03-22,4,45.84401215563728,9.924261061557598,-35.919751094079686
H4,legacy_199_train_and_99_eval_v1,minutes_2023-05-03,2023-05-03,4,4.083699102158473,19.081697717062017,14.997998614903544
H4,legacy_199_train_and_99_eval_v1,minutes_2023-06-14,2023-06-14,4,2.7436319855210196,10.975320869409005,8.231688883887985
H4,legacy_199_train_and_99_eval_v1,minutes_2023-07-26,2023-07-26,4,5.326033276954559,0.18318841095984692,-5.142844865994712
H4,legacy_199_train_and_99_eval_v1,minutes_2023-09-20,2023-09-20,4,15.063261297165152,2.7233172792383504,-12.3399440179268
H4,legacy_199_train_and_99_eval_v1,minutes_2023-11-01,2023-11-01,4,7.025891375821956,1.7264441404515602,-5.299447235370396
H4,legacy_199_train_and_99_eval_v1,minutes_2023-12-13,2023-12-13,4,2.7018592942531767,9.889079557530094,7.187220263276917
H4,legacy_199_train_and_99_eval_v1,minutes_2024-01-31,2024-01-31,4,0.33160968461006,11.924190750691105,11.592581066081046
H4,legacy_199_train_and_99_eval_v1,minutes_2024-03-20,2024-03-20,4,0.19120757721452183,0.981992891667213,0.7907853144526912
H4,legacy_199_train_and_99_eval_v1,minutes_2024-05-01,2024-05-01,4,0.832088387768125,5.009950124879877,4.177861737111752
H4,legacy_199_train_and_99_eval_v1,minutes_2024-06-12,2024-06-12,4,7.5365346966665,4.00484359800664,-3.53169109865986
H4,legacy_199_train_and_99_eval_v1,minutes_2024-07-31,2024-07-31,4,10.503279060345276,0.8385403727812005,-9.664738687564077
H4,legacy_199_train_and_99_eval_v1,minutes_2024-09-18,2024-09-18,4,0.11957289231643688,9.767508355641377,9.64793546332494
H4,legacy_199_train_and_99_eval_v1,minutes_2024-11-07,2024-11-07,4,3.153953165550379,0.9424298783894504,-2.211523287160929
H4,legacy_199_train_and_99_eval_v1,minutes_2024-12-18,2024-12-18,4,8.922434452589313,5.346161612931825,-3.576272839657488
H5,legacy_199_train_and_99_eval_v1,minutes_2012-09-13,2012-09-13,0,2.6937292197626044,0.14526512988486456,-2.54846408987774
H5,legacy_199_train_and_99_eval_v1,minutes_2012-10-24,2012-10-24,0,7.392319802915011,0.2004396363929694,-7.191880166522041
H5,legacy_199_train_and_99_eval_v1,minutes_2012-12-12,2012-12-12,0,1.3194164610675332e-05,7.576649235061711,7.5766360408971005
H5,legacy_199_train_and_99_eval_v1,minutes_2013-01-30,2013-01-30,0,0.0037947682912965446,5.995276524109201,5.9914817558179045
H5,legacy_199_train_and_99_eval_v1,minutes_2013-03-20,2013-03-20,0,1.0377001255224128,0.20022016462762068,-0.837479960894792
H5,legacy_199_train_and_99_eval_v1,minutes_2013-05-01,2013-05-01,0,2.3627865407617494,7.370545943273727,5.007759402511978
H5,legacy_199_train_and_99_eval_v1,minutes_2013-06-19,2013-06-19,0,1.6169783210516273,0.2045193046521635,-1.4124590163994637
H5,legacy_199_train_and_99_eval_v1,minutes_2013-07-31,2013-07-31,0,18.64549231338586,0.5786500664784524,-18.066842246907406
H5,legacy_199_train_and_99_eval_v1,minutes_2013-09-18,2013-09-18,0,1.7487161333048815,10.999679761307407,9.250963628002525
H5,legacy_199_train_and_99_eval_v1,minutes_2013-10-30,2013-10-30,0,1.4640175060247858,2.0582667279981237,0.594249221973338
H5,legacy_199_train_and_99_eval_v1,minutes_2013-12-18,2013-12-18,0,0.041798460749135895,0.011753006432042606,-0.03004545431709329
H5,legacy_199_train_and_99_eval_v1,minutes_2014-01-29,2014-01-29,0,22.42714991142108,19.133355855996008,-3.293794055425071
H5,legacy_199_train_and_99_eval_v1,minutes_2014-03-19,2014-03-19,0,1.5933909212977775,1.7098315733835945,0.116440652085817
H5,legacy_199_train_and_99_eval_v1,minutes_2014-04-30,2014-04-30,0,2.802684381461279,5.631546129041805,2.8288617475805258
H5,legacy_199_train_and_99_eval_v1,minutes_2014-06-18,2014-06-18,0,1.348630244784866,2.5945754104616046,1.2459451656767386
H5,legacy_199_train_and_99_eval_v1,minutes_2014-07-30,2014-07-30,0,0.45604702829600513,0.04470393287575241,-0.4113430954202527
H5,legacy_199_train_and_99_eval_v1,minutes_2014-09-17,2014-09-17,0,0.19244118146256334,0.9029582643869217,0.7105170829243583
H5,legacy_199_train_and_99_eval_v1,minutes_2014-10-29,2014-10-29,0,4.720551266473832,18.33892205858751,13.618370792113678
H5,legacy_199_train_and_99_eval_v1,minutes_2014-12-17,2014-12-17,0,0.9022380103047489,0.04234173407473474,-0.8598962762300142
H5,legacy_199_train_and_99_eval_v1,minutes_2015-01-28,2015-01-28,0,6.188511918242481,14.542260293088624,8.353748374846143
H5,legacy_199_train_and_99_eval_v1,minutes_2015-03-18,2015-03-18,1,1.0070378397056359,0.08155391941256605,-0.9254839202930698
H5,legacy_199_train_and_99_eval_v1,minutes_2015-04-29,2015-04-29,1,6.36334286980702,20.608499461846726,14.245156592039706
H5,legacy_199_train_and_99_eval_v1,minutes_2015-06-17,2015-06-17,1,1.3191723554005643,1.6110068295237407,0.2918344741231764
H5,legacy_199_train_and_99_eval_v1,minutes_2015-07-29,2015-07-29,1,9.103906572657808,1.6139448787954722,-7.489961693862336
H5,legacy_199_train_and_99_eval_v1,minutes_2015-09-17,2015-09-17,1,16.91878898508877,32.40612071782831,15.487331732739538
H5,legacy_199_train_and_99_eval_v1,minutes_2015-10-28,2015-10-28,1,13.693880296193823,4.397792015131837,-9.296088281061987
H5,legacy_199_train_and_99_eval_v1,minutes_2015-12-16,2015-12-16,1,20.506716939779203,0.7687530335741843,-19.737963906205017
H5,legacy_199_train_and_99_eval_v1,minutes_2016-01-27,2016-01-27,1,11.90513258548817,1.6591598626709898,-10.24597272281718
H5,legacy_199_train_and_99_eval_v1,minutes_2016-03-16,2016-03-16,1,20.442923389094634,39.77266210601765,19.329738716923014
H5,legacy_199_train_and_99_eval_v1,minutes_2016-04-27,2016-04-27,1,4.138247068456917,9.575267167066233,5.437020098609316
H5,legacy_199_train_and_99_eval_v1,minutes_2016-06-15,2016-06-15,1,2.199831723778876,26.347325053986157,24.147493330207283
H5,legacy_199_train_and_99_eval_v1,minutes_2016-07-27,2016-07-27,1,10.041698259793558,1.450595051577569,-8.591103208215989
H5,legacy_199_train_and_99_eval_v1,minutes_2016-09-21,2016-09-21,1,14.828718107810559,0.9928446078359062,-13.835873499974653
H5,legacy_199_train_and_99_eval_v1,minutes_2016-11-02,2016-11-02,1,22.50777944937223,7.645293173281004,-14.862486276091225
H5,legacy_199_train_and_99_eval_v1,minutes_2016-12-14,2016-12-14,1,31.55872621579605,3.3063060154482065,-28.252420200347842
H5,legacy_199_train_and_99_eval_v1,minutes_2017-02-01,2017-02-01,1,4.368583990880618,5.276716763303005,0.9081327724223875
H5,legacy_199_train_and_99_eval_v1,minutes_2017-03-15,2017-03-15,1,1.0286703679947224,2.541532358903996,1.5128619909092735
H5,legacy_199_train_and_99_eval_v1,minutes_2017-05-03,2017-05-03,1,2.591456382937344,9.118415986384766,6.526959603447422
H5,legacy_199_train_and_99_eval_v1,minutes_2017-06-14,2017-06-14,1,1.3696192727757988,10.399617637919855,9.029998365144056
H5,legacy_199_train_and_99_eval_v1,minutes_2017-07-26,2017-07-26,1,2.66770987443459,16.437851720037916,13.770141845603327
H5,legacy_199_train_and_99_eval_v1,minutes_2017-09-20,2017-09-20,2,0.42491096559944036,6.950908658846275,6.525997693246835
H5,legacy_199_train_and_99_eval_v1,minutes_2017-11-01,2017-11-01,2,0.18088308047594048,0.8634787333410768,0.6825956528651363
H5,legacy_199_train_and_99_eval_v1,minutes_2017-12-13,2017-12-13,2,0.014487717362177199,1.0747805443943306,1.0602928270321534
H5,legacy_199_train_and_99_eval_v1,minutes_2018-01-31,2018-01-31,2,24.284952051113688,12.22400220952934,-12.060949841584348
H5,legacy_199_train_and_99_eval_v1,minutes_2018-03-21,2018-03-21,2,1.1177603692671134,18.9177943595778,17.800033990310688
H5,legacy_199_train_and_99_eval_v1,minutes_2018-05-02,2018-05-02,2,0.20182881186618454,7.709918167233802,7.508089355367617
H5,legacy_199_train_and_99_eval_v1,minutes_2018-06-13,2018-06-13,2,13.551474770084596,22.195900083322996,8.6444253132384
H5,legacy_199_train_and_99_eval_v1,minutes_2018-08-01,2018-08-01,2,2.5017814366992477,3.427976234365842,0.9261947976665943
H5,legacy_199_train_and_99_eval_v1,minutes_2018-09-26,2018-09-26,2,0.7816257051283078,2.52110454571063,1.739478840582322
H5,legacy_199_train_and_99_eval_v1,minutes_2018-11-08,2018-11-08,2,3.5254157970201043,43.86567144658374,40.34025564956364
H5,legacy_199_train_and_99_eval_v1,minutes_2018-12-19,2018-12-19,2,23.226220832707845,0.27240594807635166,-22.953814884631495
H5,legacy_199_train_and_99_eval_v1,minutes_2019-01-30,2019-01-30,2,50.547704761490905,58.062190237549444,7.514485476058539
H5,legacy_199_train_and_99_eval_v1,minutes_2019-03-20,2019-03-20,2,4.803677461863609,0.4525820730635376,-4.351095388800071
H5,legacy_199_train_and_99_eval_v1,minutes_2019-05-01,2019-05-01,2,0.28811571782473194,0.6898415413117457,0.40172582348701374
H5,legacy_199_train_and_99_eval_v1,minutes_2019-06-19,2019-06-19,2,3.9296957009596265,10.593625271982837,6.6639295710232105
H5,legacy_199_train_and_99_eval_v1,minutes_2019-07-31,2019-07-31,2,0.006208734126918536,4.728973888714729,4.722765154587811
H5,legacy_199_train_and_99_eval_v1,minutes_2019-09-18,2019-09-18,2,1.8861616384033324,2.807303267975346,0.9211416295720136
H5,legacy_199_train_and_99_eval_v1,minutes_2019-10-30,2019-10-30,2,0.05214079952119586,2.9089019762999047,2.8567611767787087
H5,legacy_199_train_and_99_eval_v1,minutes_2019-12-11,2019-12-11,2,1.1620307810189858,0.3728688192932141,-0.7891619617257717
H5,legacy_199_train_and_99_eval_v1,minutes_2020-01-29,2020-01-29,2,1.4627083421244536,10.408434128719088,8.945725786594634
H5,legacy_199_train_and_99_eval_v1,minutes_2020-03-15,2020-03-15,3,107.09157932465023,173.61778714374887,66.52620781909864
H5,legacy_199_train_and_99_eval_v1,minutes_2020-04-29,2020-04-29,3,258.77164540207326,220.84659305651962,-37.92505234555364
H5,legacy_199_train_and_99_eval_v1,minutes_2020-06-10,2020-06-10,3,32.22998922875291,55.137619180695225,22.90762995194231
H5,legacy_199_train_and_99_eval_v1,minutes_2020-07-29,2020-07-29,3,77.25909282587153,81.63056763321035,4.371474807338814
H5,legacy_199_train_and_99_eval_v1,minutes_2020-09-16,2020-09-16,3,0.02464063792815865,0.03939514319168436,0.014754505263525713
H5,legacy_199_train_and_99_eval_v1,minutes_2020-11-05,2020-11-05,3,0.9392721884225844,5.016910003062099,4.077637814639515
H5,legacy_199_train_and_99_eval_v1,minutes_2020-12-16,2020-12-16,3,0.00488411110840192,0.16428673163077556,0.15940262052237364
H5,legacy_199_train_and_99_eval_v1,minutes_2021-01-27,2021-01-27,3,0.4979044595443083,0.6979747526522052,0.20007029310789692
H5,legacy_199_train_and_99_eval_v1,minutes_2021-03-17,2021-03-17,3,0.3508175821268441,2.9285865464930776,2.5777689643662334
H5,legacy_199_train_and_99_eval_v1,minutes_2021-04-28,2021-04-28,3,29.906471081280298,2.259829537358631,-27.646641543921668
H5,legacy_199_train_and_99_eval_v1,minutes_2021-06-16,2021-06-16,3,3.1575553069578124,7.0169218138677865,3.859366506909974
H5,legacy_199_train_and_99_eval_v1,minutes_2021-07-28,2021-07-28,3,40.77102152234763,39.07343503625044,-1.6975864860971939
H5,legacy_199_train_and_99_eval_v1,minutes_2021-09-22,2021-09-22,3,0.5898802328677335,3.0587619500316006,2.468881717163867
H5,legacy_199_train_and_99_eval_v1,minutes_2021-11-03,2021-11-03,3,0.9991795071960506,0.00011058779976636345,-0.9990689193962843
H5,legacy_199_train_and_99_eval_v1,minutes_2021-12-15,2021-12-15,3,3.17754869568624,0.18255600704795114,-2.994992688638289
H5,legacy_199_train_and_99_eval_v1,minutes_2022-01-26,2022-01-26,3,5.965375327443374,1.713403248078802,-4.251972079364572
H5,legacy_199_train_and_99_eval_v1,minutes_2022-03-16,2022-03-16,3,0.863405768687206,5.3113434233381644,4.447937654650959
H5,legacy_199_train_and_99_eval_v1,minutes_2022-05-04,2022-05-04,3,38.6984085982631,2.214079822542324,-36.484328775720776
H5,legacy_199_train_and_99_eval_v1,minutes_2022-06-15,2022-06-15,3,34.64750266547498,3.2684644449458724,-31.379038220529107
H5,legacy_199_train_and_99_eval_v1,minutes_2022-07-27,2022-07-27,3,45.1537155346636,11.84938812549617,-33.30432740916743
H5,legacy_199_train_and_99_eval_v1,minutes_2022-09-21,2022-09-21,4,10.533552024814682,0.872146313735351,-9.66140571107933
H5,legacy_199_train_and_99_eval_v1,minutes_2022-11-02,2022-11-02,4,3.3873331147485053,5.048380606410019,1.6610474916615137
H5,legacy_199_train_and_99_eval_v1,minutes_2022-12-14,2022-12-14,4,8.426635001617782,10.704469323713269,2.2778343220954866
H5,legacy_199_train_and_99_eval_v1,minutes_2023-02-01,2023-02-01,4,4.16051611043548,2.503593181046884,-1.6569229293885956
H5,legacy_199_train_and_99_eval_v1,minutes_2023-03-22,2023-03-22,4,24.750531703414104,45.84401215563728,21.093480452223176
H5,legacy_199_train_and_99_eval_v1,minutes_2023-05-03,2023-05-03,4,5.69392347120911,4.083699102158473,-1.6102243690506368
H5,legacy_199_train_and_99_eval_v1,minutes_2023-06-14,2023-06-14,4,5.229321232766274,2.7436319855210196,-2.4856892472452548
H5,legacy_199_train_and_99_eval_v1,minutes_2023-07-26,2023-07-26,4,5.363801967338087,5.326033276954559,-0.037768690383527925
H5,legacy_199_train_and_99_eval_v1,minutes_2023-09-20,2023-09-20,4,4.945287317133738,15.063261297165152,10.117973980031413
H5,legacy_199_train_and_99_eval_v1,minutes_2023-11-01,2023-11-01,4,3.6239631626493627,7.025891375821956,3.4019282131725936
H5,legacy_199_train_and_99_eval_v1,minutes_2023-12-13,2023-12-13,4,7.608017755378281,2.7018592942531767,-4.906158461125104
H5,legacy_199_train_and_99_eval_v1,minutes_2024-01-31,2024-01-31,4,0.06693676399361723,0.33160968461006,0.26467292061644276
H5,legacy_199_train_and_99_eval_v1,minutes_2024-03-20,2024-03-20,4,2.8222055530697525,0.19120757721452183,-2.6309979758552307
H5,legacy_199_train_and_99_eval_v1,minutes_2024-05-01,2024-05-01,4,2.3694496490249204,0.832088387768125,-1.5373612612567955
H5,legacy_199_train_and_99_eval_v1,minutes_2024-06-12,2024-06-12,4,7.2391388948780575,7.5365346966665,0.2973958017884426
H5,legacy_199_train_and_99_eval_v1,minutes_2024-07-31,2024-07-31,4,0.05996846066865277,10.503279060345276,10.443310599676623
H5,legacy_199_train_and_99_eval_v1,minutes_2024-09-18,2024-09-18,4,15.87826058680145,0.11957289231643688,-15.758687694485012
H5,legacy_199_train_and_99_eval_v1,minutes_2024-11-07,2024-11-07,4,14.446645746343748,3.153953165550379,-11.292692580793368
H5,legacy_199_train_and_99_eval_v1,minutes_2024-12-18,2024-12-18,4,10.02330715223195,8.922434452589313,-1.100872699642638
H6,legacy_199_train_and_99_eval_v1,minutes_2012-09-13,2012-09-13,0,0.6883995746764832,0.14526512988486456,-0.5431344447916187
H6,legacy_199_train_and_99_eval_v1,minutes_2012-10-24,2012-10-24,0,17.122982225480634,0.2004396363929694,-16.922542589087666
H6,legacy_199_train_and_99_eval_v1,minutes_2012-12-12,2012-12-12,0,3.6381020400407005,7.576649235061711,3.9385471950210107
H6,legacy_199_train_and_99_eval_v1,minutes_2013-01-30,2013-01-30,0,0.12225772202123429,5.995276524109201,5.873018802087967
H6,legacy_199_train_and_99_eval_v1,minutes_2013-03-20,2013-03-20,0,10.219503469692093,0.20022016462762068,-10.019283305064473
H6,legacy_199_train_and_99_eval_v1,minutes_2013-05-01,2013-05-01,0,2.1617412030807017,7.370545943273727,5.208804740193025
H6,legacy_199_train_and_99_eval_v1,minutes_2013-06-19,2013-06-19,0,0.9536874867186118,0.2045193046521635,-0.7491681820664483
H6,legacy_199_train_and_99_eval_v1,minutes_2013-07-31,2013-07-31,0,10.402913781538034,0.5786500664784524,-9.824263715059582
H6,legacy_199_train_and_99_eval_v1,minutes_2013-09-18,2013-09-18,0,3.773985588501573,10.999679761307407,7.225694172805834
H6,legacy_199_train_and_99_eval_v1,minutes_2013-10-30,2013-10-30,0,1.265316781145485,2.0582667279981237,0.7929499468526386
H6,legacy_199_train_and_99_eval_v1,minutes_2013-12-18,2013-12-18,0,6.791388707549569,0.011753006432042606,-6.779635701117526
H6,legacy_199_train_and_99_eval_v1,minutes_2014-01-29,2014-01-29,0,39.78768084766589,19.133355855996008,-20.65432499166988
H6,legacy_199_train_and_99_eval_v1,minutes_2014-03-19,2014-03-19,0,4.909321294259844,1.7098315733835945,-3.19948972087625
H6,legacy_199_train_and_99_eval_v1,minutes_2014-04-30,2014-04-30,0,0.027169437057198324,5.631546129041805,5.604376691984607
H6,legacy_199_train_and_99_eval_v1,minutes_2014-06-18,2014-06-18,0,1.8497585150726634,2.5945754104616046,0.7448168953889411
H6,legacy_199_train_and_99_eval_v1,minutes_2014-07-30,2014-07-30,0,0.21918119784001905,0.04470393287575241,-0.17447726496426663
H6,legacy_199_train_and_99_eval_v1,minutes_2014-09-17,2014-09-17,0,12.345568013208094,0.9029582643869217,-11.442609748821173
H6,legacy_199_train_and_99_eval_v1,minutes_2014-10-29,2014-10-29,0,0.01251224470528761,18.33892205858751,18.326409813882222
H6,legacy_199_train_and_99_eval_v1,minutes_2014-12-17,2014-12-17,0,3.5672320059343368,0.04234173407473474,-3.524890271859602
H6,legacy_199_train_and_99_eval_v1,minutes_2015-01-28,2015-01-28,0,6.778583123227767,14.542260293088624,7.763677169860857
H6,legacy_199_train_and_99_eval_v1,minutes_2015-03-18,2015-03-18,1,0.6075350199938357,0.08155391941256605,-0.5259811005812697
H6,legacy_199_train_and_99_eval_v1,minutes_2015-04-29,2015-04-29,1,10.428205467095118,20.608499461846726,10.180293994751608
H6,legacy_199_train_and_99_eval_v1,minutes_2015-06-17,2015-06-17,1,1.855815421064719,1.6110068295237407,-0.24480859154097834
H6,legacy_199_train_and_99_eval_v1,minutes_2015-07-29,2015-07-29,1,19.415605127328938,1.6139448787954722,-17.801660248533466
H6,legacy_199_train_and_99_eval_v1,minutes_2015-09-17,2015-09-17,1,14.696941607994015,32.40612071782831,17.709179109834295
H6,legacy_199_train_and_99_eval_v1,minutes_2015-10-28,2015-10-28,1,21.552268915514308,4.397792015131837,-17.15447690038247
H6,legacy_199_train_and_99_eval_v1,minutes_2015-12-16,2015-12-16,1,10.499247028452896,0.7687530335741843,-9.730493994878712
H6,legacy_199_train_and_99_eval_v1,minutes_2016-01-27,2016-01-27,1,15.837383737693893,1.6591598626709898,-14.178223875022903
H6,legacy_199_train_and_99_eval_v1,minutes_2016-03-16,2016-03-16,1,26.03642650132441,39.77266210601765,13.736235604693238
H6,legacy_199_train_and_99_eval_v1,minutes_2016-04-27,2016-04-27,1,1.6215254848904694,9.575267167066233,7.953741682175764
H6,legacy_199_train_and_99_eval_v1,minutes_2016-06-15,2016-06-15,1,0.4628408872419396,26.347325053986157,25.88448416674422
H6,legacy_199_train_and_99_eval_v1,minutes_2016-07-27,2016-07-27,1,13.217807722999494,1.450595051577569,-11.767212671421925
H6,legacy_199_train_and_99_eval_v1,minutes_2016-09-21,2016-09-21,1,19.08457956039256,0.9928446078359062,-18.091734952556653
H6,legacy_199_train_and_99_eval_v1,minutes_2016-11-02,2016-11-02,1,41.20996635176023,7.645293173281004,-33.564673178479225
H6,legacy_199_train_and_99_eval_v1,minutes_2016-12-14,2016-12-14,1,24.54093184437334,3.3063060154482065,-21.234625828925132
H6,legacy_199_train_and_99_eval_v1,minutes_2017-02-01,2017-02-01,1,3.593867922146247,5.276716763303005,1.6828488411567584
H6,legacy_199_train_and_99_eval_v1,minutes_2017-03-15,2017-03-15,1,0.1954280821463409,2.541532358903996,2.346104276757655
H6,legacy_199_train_and_99_eval_v1,minutes_2017-05-03,2017-05-03,1,5.02912350615615,9.118415986384766,4.089292480228616
H6,legacy_199_train_and_99_eval_v1,minutes_2017-06-14,2017-06-14,1,1.517785166625511,10.399617637919855,8.881832471294343
H6,legacy_199_train_and_99_eval_v1,minutes_2017-07-26,2017-07-26,1,1.0604292850049446,16.437851720037916,15.37742243503297
H6,legacy_199_train_and_99_eval_v1,minutes_2017-09-20,2017-09-20,2,1.5341861117378925,6.950908658846275,5.416722547108383
H6,legacy_199_train_and_99_eval_v1,minutes_2017-11-01,2017-11-01,2,0.009559256377285039,0.8634787333410768,0.8539194769637918
H6,legacy_199_train_and_99_eval_v1,minutes_2017-12-13,2017-12-13,2,0.4488946429985212,1.0747805443943306,0.6258859013958094
H6,legacy_199_train_and_99_eval_v1,minutes_2018-01-31,2018-01-31,2,25.840074248730502,12.22400220952934,-13.616072039201162
H6,legacy_199_train_and_99_eval_v1,minutes_2018-03-21,2018-03-21,2,0.9044017126677286,18.9177943595778,18.013392646910074
H6,legacy_199_train_and_99_eval_v1,minutes_2018-05-02,2018-05-02,2,0.203146802855448,7.709918167233802,7.506771364378354
H6,legacy_199_train_and_99_eval_v1,minutes_2018-06-13,2018-06-13,2,12.875510649015704,22.195900083322996,9.320389434307293
H6,legacy_199_train_and_99_eval_v1,minutes_2018-08-01,2018-08-01,2,0.42203482043461726,3.427976234365842,3.005941413931225
H6,legacy_199_train_and_99_eval_v1,minutes_2018-09-26,2018-09-26,2,0.4818041489143092,2.52110454571063,2.0393003967963206
H6,legacy_199_train_and_99_eval_v1,minutes_2018-11-08,2018-11-08,2,3.5364812587184,43.86567144658374,40.329190187865336
H6,legacy_199_train_and_99_eval_v1,minutes_2018-12-19,2018-12-19,2,23.42253412599909,0.27240594807635166,-23.15012817792274
H6,legacy_199_train_and_99_eval_v1,minutes_2019-01-30,2019-01-30,2,56.426513840102594,58.062190237549444,1.6356763974468507
H6,legacy_199_train_and_99_eval_v1,minutes_2019-03-20,2019-03-20,2,2.0276142046659613,0.4525820730635376,-1.5750321316024238
H6,legacy_199_train_and_99_eval_v1,minutes_2019-05-01,2019-05-01,2,0.016013276185020933,0.6898415413117457,0.6738282651267248
H6,legacy_199_train_and_99_eval_v1,minutes_2019-06-19,2019-06-19,2,3.130846346324441,10.593625271982837,7.462778925658396
H6,legacy_199_train_and_99_eval_v1,minutes_2019-07-31,2019-07-31,2,0.16863484851809032,4.728973888714729,4.560339040196639
H6,legacy_199_train_and_99_eval_v1,minutes_2019-09-18,2019-09-18,2,3.0422595305461844,2.807303267975346,-0.23495626257083835
H6,legacy_199_train_and_99_eval_v1,minutes_2019-10-30,2019-10-30,2,0.3064094820911012,2.9089019762999047,2.6024924942088035
H6,legacy_199_train_and_99_eval_v1,minutes_2019-12-11,2019-12-11,2,0.051474088493477115,0.3728688192932141,0.32139473079973696
H6,legacy_199_train_and_99_eval_v1,minutes_2020-01-29,2020-01-29,2,1.5778908574110777,10.408434128719088,8.830543271308011
H6,legacy_199_train_and_99_eval_v1,minutes_2020-03-15,2020-03-15,3,125.24312918508873,173.61778714374887,48.37465795866014
H6,legacy_199_train_and_99_eval_v1,minutes_2020-04-29,2020-04-29,3,315.3834875734585,220.84659305651962,-94.5368945169389
H6,legacy_199_train_and_99_eval_v1,minutes_2020-06-10,2020-06-10,3,43.18722786996106,55.137619180695225,11.950391310734162
H6,legacy_199_train_and_99_eval_v1,minutes_2020-07-29,2020-07-29,3,60.714290421818134,81.63056763321035,20.916277211392213
H6,legacy_199_train_and_99_eval_v1,minutes_2020-09-16,2020-09-16,3,0.7596967438095418,0.03939514319168436,-0.7203016006178574
H6,legacy_199_train_and_99_eval_v1,minutes_2020-11-05,2020-11-05,3,2.825774860707523,5.016910003062099,2.191135142354576
H6,legacy_199_train_and_99_eval_v1,minutes_2020-12-16,2020-12-16,3,1.493081150233105,0.16428673163077556,-1.3287944186023295
H6,legacy_199_train_and_99_eval_v1,minutes_2021-01-27,2021-01-27,3,0.15342078006186985,0.6979747526522052,0.5445539725903353
H6,legacy_199_train_and_99_eval_v1,minutes_2021-03-17,2021-03-17,3,0.36425888561112935,2.9285865464930776,2.5643276608819483
H6,legacy_199_train_and_99_eval_v1,minutes_2021-04-28,2021-04-28,3,35.441999359656066,2.259829537358631,-33.18216982229743
H6,legacy_199_train_and_99_eval_v1,minutes_2021-06-16,2021-06-16,3,2.003013765297271,7.0169218138677865,5.013908048570515
H6,legacy_199_train_and_99_eval_v1,minutes_2021-07-28,2021-07-28,3,34.268657462684324,39.07343503625044,4.804777573566113
H6,legacy_199_train_and_99_eval_v1,minutes_2021-09-22,2021-09-22,3,2.243908142224383,3.0587619500316006,0.8148538078072174
H6,legacy_199_train_and_99_eval_v1,minutes_2021-11-03,2021-11-03,3,2.0543253008708424,0.00011058779976636345,-2.054214713071076
H6,legacy_199_train_and_99_eval_v1,minutes_2021-12-15,2021-12-15,3,2.941338223724909,0.18255600704795114,-2.7587822166769578
H6,legacy_199_train_and_99_eval_v1,minutes_2022-01-26,2022-01-26,3,4.637205468271477,1.713403248078802,-2.9238022201926754
H6,legacy_199_train_and_99_eval_v1,minutes_2022-03-16,2022-03-16,3,0.8526515524777827,5.3113434233381644,4.458691870860382
H6,legacy_199_train_and_99_eval_v1,minutes_2022-05-04,2022-05-04,3,34.24661374624455,2.214079822542324,-32.032533923702225
H6,legacy_199_train_and_99_eval_v1,minutes_2022-06-15,2022-06-15,3,39.97746605107673,3.2684644449458724,-36.70900160613086
H6,legacy_199_train_and_99_eval_v1,minutes_2022-07-27,2022-07-27,3,42.48956791703911,11.84938812549617,-30.64017979154294
H6,legacy_199_train_and_99_eval_v1,minutes_2022-09-21,2022-09-21,4,4.449055297166652,0.872146313735351,-3.576908983431301
H6,legacy_199_train_and_99_eval_v1,minutes_2022-11-02,2022-11-02,4,7.392953539402416,5.048380606410019,-2.3445729329923974
H6,legacy_199_train_and_99_eval_v1,minutes_2022-12-14,2022-12-14,4,8.220797594448658,10.704469323713269,2.4836717292646107
H6,legacy_199_train_and_99_eval_v1,minutes_2023-02-01,2023-02-01,4,5.365447690124559,2.503593181046884,-2.861854509077675
H6,legacy_199_train_and_99_eval_v1,minutes_2023-03-22,2023-03-22,4,16.19987670270282,45.84401215563728,29.64413545293446
H6,legacy_199_train_and_99_eval_v1,minutes_2023-05-03,2023-05-03,4,14.228781613240807,4.083699102158473,-10.145082511082334
H6,legacy_199_train_and_99_eval_v1,minutes_2023-06-14,2023-06-14,4,5.3877058241114355,2.7436319855210196,-2.644073838590416
H6,legacy_199_train_and_99_eval_v1,minutes_2023-07-26,2023-07-26,4,3.9076300621986384,5.326033276954559,1.4184032147559202
H6,legacy_199_train_and_99_eval_v1,minutes_2023-09-20,2023-09-20,4,0.7654697772800539,15.063261297165152,14.297791519885099
H6,legacy_199_train_and_99_eval_v1,minutes_2023-11-01,2023-11-01,4,7.1504644531951245,7.025891375821956,-0.12457307737316814
H6,legacy_199_train_and_99_eval_v1,minutes_2023-12-13,2023-12-13,4,4.531380360035724,2.7018592942531767,-1.8295210657825476
H6,legacy_199_train_and_99_eval_v1,minutes_2024-01-31,2024-01-31,4,0.7637918384864854,0.33160968461006,-0.43218215387642533
H6,legacy_199_train_and_99_eval_v1,minutes_2024-03-20,2024-03-20,4,1.7833924222620776,0.19120757721452183,-1.5921848450475558
H6,legacy_199_train_and_99_eval_v1,minutes_2024-05-01,2024-05-01,4,2.168755532803925,0.832088387768125,-1.3366671450358
H6,legacy_199_train_and_99_eval_v1,minutes_2024-06-12,2024-06-12,4,9.846050789522355,7.5365346966665,-2.309516092855855
H6,legacy_199_train_and_99_eval_v1,minutes_2024-07-31,2024-07-31,4,0.893589504042323,10.503279060345276,9.609689556302953
H6,legacy_199_train_and_99_eval_v1,minutes_2024-09-18,2024-09-18,4,21.743202284044884,0.11957289231643688,-21.623629391728446
H6,legacy_199_train_and_99_eval_v1,minutes_2024-11-07,2024-11-07,4,5.0716921434166995,3.153953165550379,-1.9177389778663203
H6,legacy_199_train_and_99_eval_v1,minutes_2024-12-18,2024-12-18,4,11.074831021431061,8.922434452589313,-2.1523965688417483
H7,legacy_199_train_and_99_eval_v1,minutes_2012-09-13,2012-09-13,0,0.009750535839581301,0.14526512988486456,0.13551459404528327
H7,legacy_199_train_and_99_eval_v1,minutes_2012-10-24,2012-10-24,0,15.153151626805117,0.2004396363929694,-14.952711990412148
H7,legacy_199_train_and_99_eval_v1,minutes_2012-12-12,2012-12-12,0,1.8136811854583883,7.576649235061711,5.762968049603323
H7,legacy_199_train_and_99_eval_v1,minutes_2013-01-30,2013-01-30,0,5.659182728077491,5.995276524109201,0.33609379603170986
H7,legacy_199_train_and_99_eval_v1,minutes_2013-03-20,2013-03-20,0,23.945659718509717,0.20022016462762068,-23.745439553882097
H7,legacy_199_train_and_99_eval_v1,minutes_2013-05-01,2013-05-01,0,2.687283788905121,7.370545943273727,4.683262154368606
H7,legacy_199_train_and_99_eval_v1,minutes_2013-06-19,2013-06-19,0,0.032162341510617004,0.2045193046521635,0.1723569631415465
H7,legacy_199_train_and_99_eval_v1,minutes_2013-07-31,2013-07-31,0,4.175892906863885,0.5786500664784524,-3.597242840385432
H7,legacy_199_train_and_99_eval_v1,minutes_2013-09-18,2013-09-18,0,19.19536861979264,10.999679761307407,-8.195688858485232
H7,legacy_199_train_and_99_eval_v1,minutes_2013-10-30,2013-10-30,0,0.42465892831315194,2.0582667279981237,1.6336077996849718
H7,legacy_199_train_and_99_eval_v1,minutes_2013-12-18,2013-12-18,0,6.481436057242723,0.011753006432042606,-6.46968305081068
H7,legacy_199_train_and_99_eval_v1,minutes_2014-01-29,2014-01-29,0,41.78079630383267,19.133355855996008,-22.647440447836665
H7,legacy_199_train_and_99_eval_v1,minutes_2014-03-19,2014-03-19,0,3.916123299466371,1.7098315733835945,-2.2062917260827763
H7,legacy_199_train_and_99_eval_v1,minutes_2014-04-30,2014-04-30,0,0.2515859089632963,5.631546129041805,5.379960220078509
H7,legacy_199_train_and_99_eval_v1,minutes_2014-06-18,2014-06-18,0,2.588034823475897,2.5945754104616046,0.006540586985707364
H7,legacy_199_train_and_99_eval_v1,minutes_2014-07-30,2014-07-30,0,0.6123191341891537,0.04470393287575241,-0.5676152013134014
H7,legacy_199_train_and_99_eval_v1,minutes_2014-09-17,2014-09-17,0,0.04288347124888924,0.9029582643869217,0.8600747931380325
H7,legacy_199_train_and_99_eval_v1,minutes_2014-10-29,2014-10-29,0,10.15724176383497,18.33892205858751,8.18168029475254
H7,legacy_199_train_and_99_eval_v1,minutes_2014-12-17,2014-12-17,0,2.486864400865753,0.04234173407473474,-2.4445226667910185
H7,legacy_199_train_and_99_eval_v1,minutes_2015-01-28,2015-01-28,0,23.13077458929202,14.542260293088624,-8.588514296203396
H7,legacy_199_train_and_99_eval_v1,minutes_2015-03-18,2015-03-18,1,1.1693757317288969,0.08155391941256605,-1.0878218123163308
H7,legacy_199_train_and_99_eval_v1,minutes_2015-04-29,2015-04-29,1,35.11605429960742,20.608499461846726,-14.507554837760694
H7,legacy_199_train_and_99_eval_v1,minutes_2015-06-17,2015-06-17,1,1.6636660015620977,1.6110068295237407,-0.052659172038356905
H7,legacy_199_train_and_99_eval_v1,minutes_2015-07-29,2015-07-29,1,34.92291292038803,1.6139448787954722,-33.30896804159256
H7,legacy_199_train_and_99_eval_v1,minutes_2015-09-17,2015-09-17,1,15.769402458068283,32.40612071782831,16.636718259760023
H7,legacy_199_train_and_99_eval_v1,minutes_2015-10-28,2015-10-28,1,48.0343822051645,4.397792015131837,-43.63659019003266
H7,legacy_199_train_and_99_eval_v1,minutes_2015-12-16,2015-12-16,1,25.697894917574487,0.7687530335741843,-24.929141884000302
H7,legacy_199_train_and_99_eval_v1,minutes_2016-01-27,2016-01-27,1,3.574392710952228,1.6591598626709898,-1.9152328482812384
H7,legacy_199_train_and_99_eval_v1,minutes_2016-03-16,2016-03-16,1,24.6139280979818,39.77266210601765,15.15873400803585
H7,legacy_199_train_and_99_eval_v1,minutes_2016-04-27,2016-04-27,1,1.1052627734114149,9.575267167066233,8.470004393654818
H7,legacy_199_train_and_99_eval_v1,minutes_2016-06-15,2016-06-15,1,3.5380902762787296,26.347325053986157,22.809234777707427
H7,legacy_199_train_and_99_eval_v1,minutes_2016-07-27,2016-07-27,1,18.856344762102037,1.450595051577569,-17.405749710524468
H7,legacy_199_train_and_99_eval_v1,minutes_2016-09-21,2016-09-21,1,42.90097560017433,0.9928446078359062,-41.90813099233842
H7,legacy_199_train_and_99_eval_v1,minutes_2016-11-02,2016-11-02,1,68.29533728887964,7.645293173281004,-60.65004411559863
H7,legacy_199_train_and_99_eval_v1,minutes_2016-12-14,2016-12-14,1,12.453099734079169,3.3063060154482065,-9.146793718630963
H7,legacy_199_train_and_99_eval_v1,minutes_2017-02-01,2017-02-01,1,3.8397461673857216,5.276716763303005,1.4369705959172836
H7,legacy_199_train_and_99_eval_v1,minutes_2017-03-15,2017-03-15,1,0.9335063422234722,2.541532358903996,1.6080260166805238
H7,legacy_199_train_and_99_eval_v1,minutes_2017-05-03,2017-05-03,1,6.013650710882425,9.118415986384766,3.1047652755023414
H7,legacy_199_train_and_99_eval_v1,minutes_2017-06-14,2017-06-14,1,0.5578997995066964,10.399617637919855,9.841717838413159
H7,legacy_199_train_and_99_eval_v1,minutes_2017-07-26,2017-07-26,1,0.4405981963226566,16.437851720037916,15.997253523715258
H7,legacy_199_train_and_99_eval_v1,minutes_2017-09-20,2017-09-20,2,0.787408998600018,6.950908658846275,6.1634996602462575
H7,legacy_199_train_and_99_eval_v1,minutes_2017-11-01,2017-11-01,2,0.026270268611555476,0.8634787333410768,0.8372084647295214
H7,legacy_199_train_and_99_eval_v1,minutes_2017-12-13,2017-12-13,2,0.00040799025619490476,1.0747805443943306,1.0743725541381357
H7,legacy_199_train_and_99_eval_v1,minutes_2018-01-31,2018-01-31,2,21.367432193587263,12.22400220952934,-9.143429984057923
H7,legacy_199_train_and_99_eval_v1,minutes_2018-03-21,2018-03-21,2,5.278098603064546,18.9177943595778,13.639695756513255
H7,legacy_199_train_and_99_eval_v1,minutes_2018-05-02,2018-05-02,2,1.0536509161532452,7.709918167233802,6.656267251080557
H7,legacy_199_train_and_99_eval_v1,minutes_2018-06-13,2018-06-13,2,23.609289602952813,22.195900083322996,-1.413389519629817
H7,legacy_199_train_and_99_eval_v1,minutes_2018-08-01,2018-08-01,2,4.591412073163465,3.427976234365842,-1.1634358387976227
H7,legacy_199_train_and_99_eval_v1,minutes_2018-09-26,2018-09-26,2,1.8594745478953096,2.52110454571063,0.6616299978153202
H7,legacy_199_train_and_99_eval_v1,minutes_2018-11-08,2018-11-08,2,11.553330279814412,43.86567144658374,32.31234116676933
H7,legacy_199_train_and_99_eval_v1,minutes_2018-12-19,2018-12-19,2,31.345457008743036,0.27240594807635166,-31.073051060666685
H7,legacy_199_train_and_99_eval_v1,minutes_2019-01-30,2019-01-30,2,51.90775309586871,58.062190237549444,6.154437141680731
H7,legacy_199_train_and_99_eval_v1,minutes_2019-03-20,2019-03-20,2,1.2761186587038158,0.4525820730635376,-0.8235365856402782
H7,legacy_199_train_and_99_eval_v1,minutes_2019-05-01,2019-05-01,2,0.014315829819718785,0.6898415413117457,0.6755257114920269
H7,legacy_199_train_and_99_eval_v1,minutes_2019-06-19,2019-06-19,2,2.462154018418719,10.593625271982837,8.131471253564118
H7,legacy_199_train_and_99_eval_v1,minutes_2019-07-31,2019-07-31,2,0.3102954671478062,4.728973888714729,4.4186784215669235
H7,legacy_199_train_and_99_eval_v1,minutes_2019-09-18,2019-09-18,2,4.842788899270439,2.807303267975346,-2.035485631295093
H7,legacy_199_train_and_99_eval_v1,minutes_2019-10-30,2019-10-30,2,0.0006555481631190999,2.9089019762999047,2.9082464281367857
H7,legacy_199_train_and_99_eval_v1,minutes_2019-12-11,2019-12-11,2,1.4172933313558347,0.3728688192932141,-1.0444245120626205
H7,legacy_199_train_and_99_eval_v1,minutes_2020-01-29,2020-01-29,2,2.196149489687741,10.408434128719088,8.212284639031347
H7,legacy_199_train_and_99_eval_v1,minutes_2020-03-15,2020-03-15,3,192.68138076786647,173.61778714374887,-19.0635936241176
H7,legacy_199_train_and_99_eval_v1,minutes_2020-04-29,2020-04-29,3,315.52653776316095,220.84659305651962,-94.67994470664132
H7,legacy_199_train_and_99_eval_v1,minutes_2020-06-10,2020-06-10,3,54.35469345673292,55.137619180695225,0.7829257239623075
H7,legacy_199_train_and_99_eval_v1,minutes_2020-07-29,2020-07-29,3,56.91118411311123,81.63056763321035,24.719383520099115
H7,legacy_199_train_and_99_eval_v1,minutes_2020-09-16,2020-09-16,3,2.0763075642853077,0.03939514319168436,-2.036912421093623
H7,legacy_199_train_and_99_eval_v1,minutes_2020-11-05,2020-11-05,3,2.5489666068890835,5.016910003062099,2.4679433961730157
H7,legacy_199_train_and_99_eval_v1,minutes_2020-12-16,2020-12-16,3,5.946165988993358,0.16428673163077556,-5.781879257362583
H7,legacy_199_train_and_99_eval_v1,minutes_2021-01-27,2021-01-27,3,1.5501024088034727,0.6979747526522052,-0.8521276561512675
H7,legacy_199_train_and_99_eval_v1,minutes_2021-03-17,2021-03-17,3,2.0230863466585256,2.9285865464930776,0.905500199834552
H7,legacy_199_train_and_99_eval_v1,minutes_2021-04-28,2021-04-28,3,31.551568888572163,2.259829537358631,-29.291739351213533
H7,legacy_199_train_and_99_eval_v1,minutes_2021-06-16,2021-06-16,3,0.5038299546480802,7.0169218138677865,6.513091859219706
H7,legacy_199_train_and_99_eval_v1,minutes_2021-07-28,2021-07-28,3,14.085170936217898,39.07343503625044,24.988264100032538
H7,legacy_199_train_and_99_eval_v1,minutes_2021-09-22,2021-09-22,3,3.5986885182030344,3.0587619500316006,-0.5399265681714338
H7,legacy_199_train_and_99_eval_v1,minutes_2021-11-03,2021-11-03,3,4.395078586617107,0.00011058779976636345,-4.39496799881734
H7,legacy_199_train_and_99_eval_v1,minutes_2021-12-15,2021-12-15,3,0.7057760639536889,0.18255600704795114,-0.5232200569057377
H7,legacy_199_train_and_99_eval_v1,minutes_2022-01-26,2022-01-26,3,14.584257418936486,1.713403248078802,-12.870854170857685
H7,legacy_199_train_and_99_eval_v1,minutes_2022-03-16,2022-03-16,3,1.8147463864465412,5.3113434233381644,3.4965970368916235
H7,legacy_199_train_and_99_eval_v1,minutes_2022-05-04,2022-05-04,3,33.503759573513015,2.214079822542324,-31.28967975097069
H7,legacy_199_train_and_99_eval_v1,minutes_2022-06-15,2022-06-15,3,43.808467283534085,3.2684644449458724,-40.540002838588215
H7,legacy_199_train_and_99_eval_v1,minutes_2022-07-27,2022-07-27,3,56.52507023367036,11.84938812549617,-44.67568210817419
H7,legacy_199_train_and_99_eval_v1,minutes_2022-09-21,2022-09-21,4,4.498767573991877,0.872146313735351,-3.626621260256526
H7,legacy_199_train_and_99_eval_v1,minutes_2022-11-02,2022-11-02,4,8.748808635879662,5.048380606410019,-3.700428029469643
H7,legacy_199_train_and_99_eval_v1,minutes_2022-12-14,2022-12-14,4,0.47486621250315747,10.704469323713269,10.229603111210112
H7,legacy_199_train_and_99_eval_v1,minutes_2023-02-01,2023-02-01,4,4.854040013287214,2.503593181046884,-2.3504468322403302
H7,legacy_199_train_and_99_eval_v1,minutes_2023-03-22,2023-03-22,4,11.048561575552762,45.84401215563728,34.79545058008452
H7,legacy_199_train_and_99_eval_v1,minutes_2023-05-03,2023-05-03,4,5.72165693409515,4.083699102158473,-1.637957831936677
H7,legacy_199_train_and_99_eval_v1,minutes_2023-06-14,2023-06-14,4,0.3004177279857028,2.7436319855210196,2.443214257535317
H7,legacy_199_train_and_99_eval_v1,minutes_2023-07-26,2023-07-26,4,12.593902068893955,5.326033276954559,-7.267868791939397
H7,legacy_199_train_and_99_eval_v1,minutes_2023-09-20,2023-09-20,4,4.016606770475394,15.063261297165152,11.046654526689757
H7,legacy_199_train_and_99_eval_v1,minutes_2023-11-01,2023-11-01,4,0.22142074143442786,7.025891375821956,6.8044706343875285
H7,legacy_199_train_and_99_eval_v1,minutes_2023-12-13,2023-12-13,4,17.092584811589482,2.7018592942531767,-14.390725517336305
H7,legacy_199_train_and_99_eval_v1,minutes_2024-01-31,2024-01-31,4,4.071606047325926,0.33160968461006,-3.7399963627158663
H7,legacy_199_train_and_99_eval_v1,minutes_2024-03-20,2024-03-20,4,1.6306164856287575,0.19120757721452183,-1.4394089084142356
H7,legacy_199_train_and_99_eval_v1,minutes_2024-05-01,2024-05-01,4,0.4148229900456668,0.832088387768125,0.4172653977224582
H7,legacy_199_train_and_99_eval_v1,minutes_2024-06-12,2024-06-12,4,24.88578858749088,7.5365346966665,-17.34925389082438
H7,legacy_199_train_and_99_eval_v1,minutes_2024-07-31,2024-07-31,4,4.876341934859735,10.503279060345276,5.626937125485541
H7,legacy_199_train_and_99_eval_v1,minutes_2024-09-18,2024-09-18,4,19.1061401489085,0.11957289231643688,-18.986567256592064
H7,legacy_199_train_and_99_eval_v1,minutes_2024-11-07,2024-11-07,4,5.165635773868479,3.153953165550379,-2.0116826083180994
H7,legacy_199_train_and_99_eval_v1,minutes_2024-12-18,2024-12-18,4,68.52233796702275,8.922434452589313,-59.599903514433436
H8,legacy_199_train_and_99_eval_v1,minutes_2012-09-13,2012-09-13,0,2.737190169874946,0.14526512988486456,-2.5919250399900817
H8,legacy_199_train_and_99_eval_v1,minutes_2012-10-24,2012-10-24,0,10.29542993126995,0.2004396363929694,-10.09499029487698
H8,legacy_199_train_and_99_eval_v1,minutes_2012-12-12,2012-12-12,0,0.8924670177186034,7.576649235061711,6.684182217343108
H8,legacy_199_train_and_99_eval_v1,minutes_2013-01-30,2013-01-30,0,0.8397041306825856,5.995276524109201,5.155572393426615
H8,legacy_199_train_and_99_eval_v1,minutes_2013-03-20,2013-03-20,0,2.3079869206313806,0.20022016462762068,-2.10776675600376
H8,legacy_199_train_and_99_eval_v1,minutes_2013-05-01,2013-05-01,0,0.2498709661786233,7.370545943273727,7.120674977095104
H8,legacy_199_train_and_99_eval_v1,minutes_2013-06-19,2013-06-19,0,1.682880803506114,0.2045193046521635,-1.4783614988539506
H8,legacy_199_train_and_99_eval_v1,minutes_2013-07-31,2013-07-31,0,18.739180080855096,0.5786500664784524,-18.160530014376643
H8,legacy_199_train_and_99_eval_v1,minutes_2013-09-18,2013-09-18,0,3.656412087871508,10.999679761307407,7.343267673435899
H8,legacy_199_train_and_99_eval_v1,minutes_2013-10-30,2013-10-30,0,1.0702536170399242,2.0582667279981237,0.9880131109581995
H8,legacy_199_train_and_99_eval_v1,minutes_2013-12-18,2013-12-18,0,0.1472360604361827,0.011753006432042606,-0.1354830540041401
H8,legacy_199_train_and_99_eval_v1,minutes_2014-01-29,2014-01-29,0,21.641095571678523,19.133355855996008,-2.507739715682515
H8,legacy_199_train_and_99_eval_v1,minutes_2014-03-19,2014-03-19,0,3.7025978041209466,1.7098315733835945,-1.9927662307373522
H8,legacy_199_train_and_99_eval_v1,minutes_2014-04-30,2014-04-30,0,1.8359790842003003,5.631546129041805,3.795567044841505
H8,legacy_199_train_and_99_eval_v1,minutes_2014-06-18,2014-06-18,0,1.6378310110545402,2.5945754104616046,0.9567443994070643
H8,legacy_199_train_and_99_eval_v1,minutes_2014-07-30,2014-07-30,0,0.41676107610467156,0.04470393287575241,-0.37205714322891914
H8,legacy_199_train_and_99_eval_v1,minutes_2014-09-17,2014-09-17,0,0.2625473255953812,0.9029582643869217,0.6404109387915405
H8,legacy_199_train_and_99_eval_v1,minutes_2014-10-29,2014-10-29,0,9.423579648505875,18.33892205858751,8.915342410081635
H8,legacy_199_train_and_99_eval_v1,minutes_2014-12-17,2014-12-17,0,0.2688315425680529,0.04234173407473474,-0.22648980849331818
H8,legacy_199_train_and_99_eval_v1,minutes_2015-01-28,2015-01-28,0,8.899280281456422,14.542260293088624,5.642980011632202
H8,legacy_199_train_and_99_eval_v1,minutes_2015-03-18,2015-03-18,1,2.8414757978639336,0.08155391941256605,-2.7599218784513675
H8,legacy_199_train_and_99_eval_v1,minutes_2015-04-29,2015-04-29,1,3.8639375362636974,20.608499461846726,16.744561925583028
H8,legacy_199_train_and_99_eval_v1,minutes_2015-06-17,2015-06-17,1,0.6038048259401642,1.6110068295237407,1.0072020035835765
H8,legacy_199_train_and_99_eval_v1,minutes_2015-07-29,2015-07-29,1,13.613426019011062,1.6139448787954722,-11.99948114021559
H8,legacy_199_train_and_99_eval_v1,minutes_2015-09-17,2015-09-17,1,20.236571183542004,32.40612071782831,12.169549534286304
H8,legacy_199_train_and_99_eval_v1,minutes_2015-10-28,2015-10-28,1,6.000048111572959,4.397792015131837,-1.6022560964411223
H8,legacy_199_train_and_99_eval_v1,minutes_2015-12-16,2015-12-16,1,4.230428603006802,0.7687530335741843,-3.461675569432617
H8,legacy_199_train_and_99_eval_v1,minutes_2016-01-27,2016-01-27,1,22.97066902049219,1.6591598626709898,-21.3115091578212
H8,legacy_199_train_and_99_eval_v1,minutes_2016-03-16,2016-03-16,1,26.667736758484345,39.77266210601765,13.104925347533303
H8,legacy_199_train_and_99_eval_v1,minutes_2016-04-27,2016-04-27,1,2.152438862783102,9.575267167066233,7.422828304283131
H8,legacy_199_train_and_99_eval_v1,minutes_2016-06-15,2016-06-15,1,1.0789091661009838,26.347325053986157,25.268415887885173
H8,legacy_199_train_and_99_eval_v1,minutes_2016-07-27,2016-07-27,1,12.488692107154636,1.450595051577569,-11.038097055577067
H8,legacy_199_train_and_99_eval_v1,minutes_2016-09-21,2016-09-21,1,11.044507565639778,0.9928446078359062,-10.051662957803872
H8,legacy_199_train_and_99_eval_v1,minutes_2016-11-02,2016-11-02,1,32.59312804989664,7.645293173281004,-24.947834876615637
H8,legacy_199_train_and_99_eval_v1,minutes_2016-12-14,2016-12-14,1,21.211890146357288,3.3063060154482065,-17.90558413090908
H8,legacy_199_train_and_99_eval_v1,minutes_2017-02-01,2017-02-01,1,2.4033333957440823,5.276716763303005,2.873383367558923
H8,legacy_199_train_and_99_eval_v1,minutes_2017-03-15,2017-03-15,1,1.313433935418162,2.541532358903996,1.228098423485834
H8,legacy_199_train_and_99_eval_v1,minutes_2017-05-03,2017-05-03,1,4.29483911175373,9.118415986384766,4.823576874631036
H8,legacy_199_train_and_99_eval_v1,minutes_2017-06-14,2017-06-14,1,0.22116022472474806,10.399617637919855,10.178457413195106
H8,legacy_199_train_and_99_eval_v1,minutes_2017-07-26,2017-07-26,1,0.21590321325147277,16.437851720037916,16.221948506786443
H8,legacy_199_train_and_99_eval_v1,minutes_2017-09-20,2017-09-20,2,0.00015264093684425016,6.950908658846275,6.950756017909431
H8,legacy_199_train_and_99_eval_v1,minutes_2017-11-01,2017-11-01,2,0.7565288814965757,0.8634787333410768,0.10694985184450112
H8,legacy_199_train_and_99_eval_v1,minutes_2017-12-13,2017-12-13,2,0.023578894523702373,1.0747805443943306,1.0512016498706283
H8,legacy_199_train_and_99_eval_v1,minutes_2018-01-31,2018-01-31,2,34.8153505762929,12.22400220952934,-22.59134836676356
H8,legacy_199_train_and_99_eval_v1,minutes_2018-03-21,2018-03-21,2,0.16236247463481535,18.9177943595778,18.755431884942986
H8,legacy_199_train_and_99_eval_v1,minutes_2018-05-02,2018-05-02,2,0.18051117157453658,7.709918167233802,7.529406995659265
H8,legacy_199_train_and_99_eval_v1,minutes_2018-06-13,2018-06-13,2,20.773552442385252,22.195900083322996,1.422347640937744
H8,legacy_199_train_and_99_eval_v1,minutes_2018-08-01,2018-08-01,2,2.9010243281265033,3.427976234365842,0.5269519062393386
H8,legacy_199_train_and_99_eval_v1,minutes_2018-09-26,2018-09-26,2,1.5476456776153318,2.52110454571063,0.973458868095298
H8,legacy_199_train_and_99_eval_v1,minutes_2018-11-08,2018-11-08,2,1.346352199854442,43.86567144658374,42.519319246729296
H8,legacy_199_train_and_99_eval_v1,minutes_2018-12-19,2018-12-19,2,31.55068406787095,0.27240594807635166,-31.2782781197946
H8,legacy_199_train_and_99_eval_v1,minutes_2019-01-30,2019-01-30,2,55.94467105529513,58.062190237549444,2.1175191822543127
H8,legacy_199_train_and_99_eval_v1,minutes_2019-03-20,2019-03-20,2,5.630688058912633,0.4525820730635376,-5.178105985849095
H8,legacy_199_train_and_99_eval_v1,minutes_2019-05-01,2019-05-01,2,0.008755807881767214,0.6898415413117457,0.6810857334299785
H8,legacy_199_train_and_99_eval_v1,minutes_2019-06-19,2019-06-19,2,6.5706315556479495,10.593625271982837,4.022993716334888
H8,legacy_199_train_and_99_eval_v1,minutes_2019-07-31,2019-07-31,2,1.5685469044346976,4.728973888714729,3.160426984280032
H8,legacy_199_train_and_99_eval_v1,minutes_2019-09-18,2019-09-18,2,4.881868855176321,2.807303267975346,-2.0745655872009747
H8,legacy_199_train_and_99_eval_v1,minutes_2019-10-30,2019-10-30,2,0.09362051483470464,2.9089019762999047,2.8152814614652
H8,legacy_199_train_and_99_eval_v1,minutes_2019-12-11,2019-12-11,2,0.7916239259989007,0.3728688192932141,-0.41875510670568666
H8,legacy_199_train_and_99_eval_v1,minutes_2020-01-29,2020-01-29,2,1.006418279492429,10.408434128719088,9.40201584922666
H8,legacy_199_train_and_99_eval_v1,minutes_2020-03-15,2020-03-15,3,120.55068829068586,173.61778714374887,53.067098853063015
H8,legacy_199_train_and_99_eval_v1,minutes_2020-04-29,2020-04-29,3,271.94875702189574,220.84659305651962,-51.10216396537612
H8,legacy_199_train_and_99_eval_v1,minutes_2020-06-10,2020-06-10,3,52.21669893152518,55.137619180695225,2.9209202491700452
H8,legacy_199_train_and_99_eval_v1,minutes_2020-07-29,2020-07-29,3,69.89202995691844,81.63056763321035,11.738537676291912
H8,legacy_199_train_and_99_eval_v1,minutes_2020-09-16,2020-09-16,3,0.4810756428390207,0.03939514319168436,-0.44168049964733636
H8,legacy_199_train_and_99_eval_v1,minutes_2020-11-05,2020-11-05,3,1.1164817737285249,5.016910003062099,3.900428229333574
H8,legacy_199_train_and_99_eval_v1,minutes_2020-12-16,2020-12-16,3,0.6876087090720441,0.16428673163077556,-0.5233219774412685
H8,legacy_199_train_and_99_eval_v1,minutes_2021-01-27,2021-01-27,3,0.1312018015076205,0.6979747526522052,0.5667729511445847
H8,legacy_199_train_and_99_eval_v1,minutes_2021-03-17,2021-03-17,3,0.044148093464517826,2.9285865464930776,2.88443845302856
H8,legacy_199_train_and_99_eval_v1,minutes_2021-04-28,2021-04-28,3,33.09860503408969,2.259829537358631,-30.838775496731056
H8,legacy_199_train_and_99_eval_v1,minutes_2021-06-16,2021-06-16,3,1.1670749396036724,7.0169218138677865,5.849846874264114
H8,legacy_199_train_and_99_eval_v1,minutes_2021-07-28,2021-07-28,3,32.04497229940596,39.07343503625044,7.0284627368444745
H8,legacy_199_train_and_99_eval_v1,minutes_2021-09-22,2021-09-22,3,2.6718546177088207,3.0587619500316006,0.38690733232277985
H8,legacy_199_train_and_99_eval_v1,minutes_2021-11-03,2021-11-03,3,0.9461195673151157,0.00011058779976636345,-0.9460089795153493
H8,legacy_199_train_and_99_eval_v1,minutes_2021-12-15,2021-12-15,3,0.8891011580533085,0.18255600704795114,-0.7065451510053573
H8,legacy_199_train_and_99_eval_v1,minutes_2022-01-26,2022-01-26,3,5.569460797656757,1.713403248078802,-3.856057549577955
H8,legacy_199_train_and_99_eval_v1,minutes_2022-03-16,2022-03-16,3,0.6494139773612237,5.3113434233381644,4.6619294459769405
H8,legacy_199_train_and_99_eval_v1,minutes_2022-05-04,2022-05-04,3,45.6261877684499,2.214079822542324,-43.41210794590758
H8,legacy_199_train_and_99_eval_v1,minutes_2022-06-15,2022-06-15,3,42.261951422870176,3.2684644449458724,-38.993486977924306
H8,legacy_199_train_and_99_eval_v1,minutes_2022-07-27,2022-07-27,3,38.70109219812557,11.84938812549617,-26.851704072629403
H8,legacy_199_train_and_99_eval_v1,minutes_2022-09-21,2022-09-21,4,8.003284362620391,0.872146313735351,-7.13113804888504
H8,legacy_199_train_and_99_eval_v1,minutes_2022-11-02,2022-11-02,4,2.1289365925370376,5.048380606410019,2.9194440138729814
H8,legacy_199_train_and_99_eval_v1,minutes_2022-12-14,2022-12-14,4,6.5667118160815985,10.704469323713269,4.137757507631671
H8,legacy_199_train_and_99_eval_v1,minutes_2023-02-01,2023-02-01,4,3.457390130623408,2.503593181046884,-0.9537969495765237
H8,legacy_199_train_and_99_eval_v1,minutes_2023-03-22,2023-03-22,4,22.19221974563754,45.84401215563728,23.65179240999974
H8,legacy_199_train_and_99_eval_v1,minutes_2023-05-03,2023-05-03,4,2.9895108616922137,4.083699102158473,1.0941882404662593
H8,legacy_199_train_and_99_eval_v1,minutes_2023-06-14,2023-06-14,4,3.8167063989731727,2.7436319855210196,-1.073074413452153
H8,legacy_199_train_and_99_eval_v1,minutes_2023-07-26,2023-07-26,4,3.4261791645696125,5.326033276954559,1.8998541123849462
H8,legacy_199_train_and_99_eval_v1,minutes_2023-09-20,2023-09-20,4,0.19787332962431306,15.063261297165152,14.865387967540839
H8,legacy_199_train_and_99_eval_v1,minutes_2023-11-01,2023-11-01,4,3.9123506238112924,7.025891375821956,3.113540752010664
H8,legacy_199_train_and_99_eval_v1,minutes_2023-12-13,2023-12-13,4,12.220227311924196,2.7018592942531767,-9.518368017671019
H8,legacy_199_train_and_99_eval_v1,minutes_2024-01-31,2024-01-31,4,0.24288659787694392,0.33160968461006,0.0887230867331161
H8,legacy_199_train_and_99_eval_v1,minutes_2024-03-20,2024-03-20,4,1.5059151785752287,0.19120757721452183,-1.3147076013607069
H8,legacy_199_train_and_99_eval_v1,minutes_2024-05-01,2024-05-01,4,3.010241629495528,0.832088387768125,-2.178153241727403
H8,legacy_199_train_and_99_eval_v1,minutes_2024-06-12,2024-06-12,4,10.62864171366913,7.5365346966665,-3.092107017002629
H8,legacy_199_train_and_99_eval_v1,minutes_2024-07-31,2024-07-31,4,0.3200745940368929,10.503279060345276,10.183204466308384
H8,legacy_199_train_and_99_eval_v1,minutes_2024-09-18,2024-09-18,4,24.36682849858246,0.11957289231643688,-24.247255606266023
H8,legacy_199_train_and_99_eval_v1,minutes_2024-11-07,2024-11-07,4,9.000754891512642,3.153953165550379,-5.846801725962263
H8,legacy_199_train_and_99_eval_v1,minutes_2024-12-18,2024-12-18,4,11.987289315134204,8.922434452589313,-3.064854862544891
