arm_id,variant,readout,sample_id,fold,status,train_first,train_last,test_first,test_last,train_n,test_n,mse,rmse,mae,oos_r2,mse_gain_vs_cvj_pct,mse_gain_vs_tfidf_pct,mse_gain_vs_legacy_gemini_pct,selected_alpha,effective_df,notes
audited_reconstruction_joint,original,full_count_length_joint,legacy_199_train_and_99_eval_v1,0,COMPLETE,2000-03-21,2012-08-01,2012-09-13,2015-01-28,100,20,5.806500975373,2.409668229315604,1.909107329779659,0.44646494441067164,,,,0.0001,3.999990497522023,
audited_reconstruction_joint,original,full_count_length_joint,legacy_199_train_and_99_eval_v1,1,COMPLETE,2000-03-21,2015-01-28,2015-03-18,2017-07-26,120,20,11.800820643783599,3.43523225470762,2.8885420780962834,0.2802712501680247,,,,1.0,3.9210777184072145,
audited_reconstruction_joint,original,full_count_length_joint,legacy_199_train_and_99_eval_v1,2,COMPLETE,2000-03-21,2017-07-26,2017-09-20,2020-01-29,140,20,14.030047864681928,3.7456705494052636,2.613934605083219,0.16399885358011113,,,,10.0,3.446287813266929,
audited_reconstruction_joint,original,full_count_length_joint,legacy_199_train_and_99_eval_v1,3,COMPLETE,2000-03-21,2020-01-29,2020-03-15,2022-07-27,160,20,43.458180167417765,6.5922818634686555,4.497950160045389,0.3198492957152528,,,,1.0,3.9405595480697073,
audited_reconstruction_joint,original,full_count_length_joint,legacy_199_train_and_99_eval_v1,4,COMPLETE,2000-03-21,2022-07-27,2022-09-21,2024-12-18,180,19,7.407791663585637,2.7217258612111612,2.4749118543734347,0.546430512696443,,,,0.0001,3.999994531182282,
audited_reconstruction_ols,original,full_count_length_ols,legacy_199_train_and_99_eval_v1,0,COMPLETE,2000-03-21,2012-08-01,2012-09-13,2015-01-28,100,20,5.806526775826622,2.4096735828378546,1.9091123635414835,0.4464624848475732,,,,0.0,4.0,
audited_reconstruction_ols,original,full_count_length_ols,legacy_199_train_and_99_eval_v1,1,COMPLETE,2000-03-21,2015-01-28,2015-03-18,2017-07-26,120,20,11.919359679337756,3.4524425671309515,2.9001217987729735,0.27304158755039776,,,,0.0,4.0,
audited_reconstruction_ols,original,full_count_length_ols,legacy_199_train_and_99_eval_v1,2,COMPLETE,2000-03-21,2017-07-26,2017-09-20,2020-01-29,140,20,15.630045688868062,3.9534852584609523,2.7855701651209817,0.06866061751777386,,,,0.0,4.0,
audited_reconstruction_ols,original,full_count_length_ols,legacy_199_train_and_99_eval_v1,3,COMPLETE,2000-03-21,2020-01-29,2020-03-15,2022-07-27,160,20,43.25666152957411,6.576979666197404,4.484721364869341,0.32300320236591884,,,,0.0,4.0,
audited_reconstruction_ols,original,full_count_length_ols,legacy_199_train_and_99_eval_v1,4,COMPLETE,2000-03-21,2022-07-27,2022-09-21,2024-12-18,180,19,7.407785518742427,2.7217247323604252,2.4749109979978465,0.5464308889372326,,,,0.0,4.0,
audited_reconstruction_split,original,full_count_length,legacy_199_train_and_99_eval_v1,0,COMPLETE,2000-03-21,2012-08-01,2012-09-13,2015-01-28,100,20,5.80649238325548,2.4096664464725155,1.9091056547359222,0.44646576349918454,,,,0.0001,3.9999893307204117,
audited_reconstruction_split,original,full_count_length,legacy_199_train_and_99_eval_v1,1,COMPLETE,2000-03-21,2015-01-28,2015-03-18,2017-07-26,120,20,11.763364186179762,3.429776113127468,2.8847261398015736,0.2825557090389884,,,,1.0,3.9116227578416427,
audited_reconstruction_split,original,full_count_length,legacy_199_train_and_99_eval_v1,2,COMPLETE,2000-03-21,2017-07-26,2017-09-20,2020-01-29,140,20,15.348770913412597,3.917750746718402,2.7598839049657515,0.08542079089763122,,,,1.0,3.9249048485280515,
audited_reconstruction_split,original,full_count_length,legacy_199_train_and_99_eval_v1,3,COMPLETE,2000-03-21,2020-01-29,2020-03-15,2022-07-27,160,20,43.259347088093705,6.57718382653957,4.484903380649381,0.322961171509784,,,,0.01,3.9993176769490404,
audited_reconstruction_split,original,full_count_length,legacy_199_train_and_99_eval_v1,4,COMPLETE,2000-03-21,2022-07-27,2022-09-21,2024-12-18,180,19,7.407793210147196,2.721726145325278,2.47491206682836,0.5464304180024822,,,,0.0001,3.9999938481613935,
flash,numbers_masked,five_class_counts_length,legacy_199_train_and_99_eval_v1,0,COMPLETE,2000-03-21,2012-08-01,2012-09-13,2015-01-28,100,20,6.098787955646657,2.4695724236488097,1.9639534990784882,0.4186011602556329,,,,0.1,6.93752552037492,
flash,numbers_masked,five_class_counts_length,legacy_199_train_and_99_eval_v1,1,COMPLETE,2000-03-21,2015-01-28,2015-03-18,2017-07-26,120,20,10.051628793670787,3.1704303798807483,2.644899252980177,0.38695397177697954,,,,1.0,6.5371880952158445,
flash,numbers_masked,five_class_counts_length,legacy_199_train_and_99_eval_v1,2,COMPLETE,2000-03-21,2017-07-26,2017-09-20,2020-01-29,140,20,11.301106303981022,3.361711811559852,2.661356440826629,0.32660687140461475,,,,0.1,6.956145312239542,
flash,numbers_masked,five_class_counts_length,legacy_199_train_and_99_eval_v1,3,COMPLETE,2000-03-21,2020-01-29,2020-03-15,2022-07-27,160,20,31.05940423312476,5.573096467236572,3.7035516021198402,0.5138987508809048,,,,1.0,6.644104073736216,
flash,numbers_masked,five_class_counts_length,legacy_199_train_and_99_eval_v1,4,COMPLETE,2000-03-21,2022-07-27,2022-09-21,2024-12-18,180,19,7.120772493687199,2.6684775610237383,2.227728446995977,0.5640043246567694,,,,1.0,6.6723452091342565,
flash,original,five_class_counts_length,legacy_199_train_and_99_eval_v1,0,COMPLETE,2000-03-21,2012-08-01,2012-09-13,2015-01-28,100,20,4.914088037605742,2.2167742414611693,1.7196879937730283,0.5315388722737255,,,,1.0,6.443908917596704,
flash,original,five_class_counts_length,legacy_199_train_and_99_eval_v1,1,COMPLETE,2000-03-21,2015-01-28,2015-03-18,2017-07-26,120,20,9.800562918027305,3.130585075992554,2.641388973312618,0.4022664092978008,,,,1.0,6.534324734110467,
flash,original,five_class_counts_length,legacy_199_train_and_99_eval_v1,2,COMPLETE,2000-03-21,2017-07-26,2017-09-20,2020-01-29,140,20,10.552433106794602,3.248450878002406,2.614542997352143,0.371217670824427,,,,1.0,6.595203682248666,
flash,original,five_class_counts_length,legacy_199_train_and_99_eval_v1,3,COMPLETE,2000-03-21,2020-01-29,2020-03-15,2022-07-27,160,20,30.80140070939807,5.54990096392702,3.6414870118226594,0.517936685228239,,,,1.0,6.643546639479782,
flash,original,five_class_counts_length,legacy_199_train_and_99_eval_v1,4,COMPLETE,2000-03-21,2022-07-27,2022-09-21,2024-12-18,180,19,7.026718833130408,2.650795886734852,2.2098104086830803,0.5697631084529537,,,,1.0,6.672172639520772,
gemini001_refresh,numbers_masked,full_vector_length,legacy_199_train_and_99_eval_v1,0,COMPLETE,2000-03-21,2012-08-01,2012-09-13,2015-01-28,100,20,3.7308768145225217,1.9315477769194636,1.503754562896846,0.6443346666636878,,,,1.0,24.1160203817469,
gemini001_refresh,numbers_masked,full_vector_length,legacy_199_train_and_99_eval_v1,1,COMPLETE,2000-03-21,2015-01-28,2015-03-18,2017-07-26,120,20,10.001633969228582,3.1625360028351586,2.8440221006068107,0.39000314213385745,,,,1.0,28.180346561503708,
gemini001_refresh,numbers_masked,full_vector_length,legacy_199_train_and_99_eval_v1,2,COMPLETE,2000-03-21,2017-07-26,2017-09-20,2020-01-29,140,20,6.610845187356823,2.571156391073251,1.8184556316033742,0.606083014916357,,,,1.0,32.08397552306523,
gemini001_refresh,numbers_masked,full_vector_length,legacy_199_train_and_99_eval_v1,3,COMPLETE,2000-03-21,2020-01-29,2020-03-15,2022-07-27,160,20,33.93058856254303,5.82499687232045,4.13538929737062,0.4689627218925285,,,,1.0,35.79877934773121,
gemini001_refresh,numbers_masked,full_vector_length,legacy_199_train_and_99_eval_v1,4,COMPLETE,2000-03-21,2022-07-27,2022-09-21,2024-12-18,180,19,7.331270154920422,2.7076318351874247,2.475232174557901,0.5511158255439397,,,,1.0,39.45816868123145,
gemini001_refresh,original,full_vector_length,legacy_199_train_and_99_eval_v1,0,COMPLETE,2000-03-21,2012-08-01,2012-09-13,2015-01-28,100,20,3.8819495269965314,1.9702663594033503,1.543265071847351,0.6299328707022293,,,,1.0,24.164286972801488,
gemini001_refresh,original,full_vector_length,legacy_199_train_and_99_eval_v1,1,COMPLETE,2000-03-21,2015-01-28,2015-03-18,2017-07-26,120,20,9.92809715729363,3.150888312411855,2.8211357299818487,0.39448813172214114,,,,1.0,28.232275674219522,
gemini001_refresh,original,full_vector_length,legacy_199_train_and_99_eval_v1,2,COMPLETE,2000-03-21,2017-07-26,2017-09-20,2020-01-29,140,20,6.697489272010254,2.5879507862419358,1.8132218359739074,0.6009201990229692,,,,1.0,32.134826251931386,
gemini001_refresh,original,full_vector_length,legacy_199_train_and_99_eval_v1,3,COMPLETE,2000-03-21,2020-01-29,2020-03-15,2022-07-27,160,20,34.05499438999121,5.835665719520885,4.138750644835946,0.467015684284648,,,,1.0,35.86551420117366,
gemini001_refresh,original,full_vector_length,legacy_199_train_and_99_eval_v1,4,COMPLETE,2000-03-21,2022-07-27,2022-09-21,2024-12-18,180,19,7.1909892460070575,2.6816019924677597,2.4338577492033515,0.5597050438729435,,,,1.0,39.530664376392,
gemini2,numbers_masked,full_vector_length,legacy_199_train_and_99_eval_v1,0,COMPLETE,2000-03-21,2012-08-01,2012-09-13,2015-01-28,100,20,4.293820330102591,2.0721535488719436,1.6431814287962123,0.5906691335807025,,,,1.0,23.782842761509986,
gemini2,numbers_masked,full_vector_length,legacy_199_train_and_99_eval_v1,1,COMPLETE,2000-03-21,2015-01-28,2015-03-18,2017-07-26,120,20,9.604834233239291,3.099166699814531,2.682616964192457,0.41420384702870483,,,,1.0,27.76143880392367,
gemini2,numbers_masked,full_vector_length,legacy_199_train_and_99_eval_v1,2,COMPLETE,2000-03-21,2017-07-26,2017-09-20,2020-01-29,140,20,8.073393256774986,2.8413717209782647,1.9480701376431324,0.5189349257209037,,,,1.0,31.56713128012262,
gemini2,numbers_masked,full_vector_length,legacy_199_train_and_99_eval_v1,3,COMPLETE,2000-03-21,2020-01-29,2020-03-15,2022-07-27,160,20,35.418865276784246,5.951375074449958,4.226264759332917,0.44567015760515694,,,,1.0,35.161717844442855,
gemini2,numbers_masked,full_vector_length,legacy_199_train_and_99_eval_v1,4,COMPLETE,2000-03-21,2022-07-27,2022-09-21,2024-12-18,180,19,7.325088616965102,2.706490091791415,2.3806179874544884,0.551494313105209,,,,1.0,38.715710085815125,
gemini2,original,full_vector_length,legacy_199_train_and_99_eval_v1,0,COMPLETE,2000-03-21,2012-08-01,2012-09-13,2015-01-28,100,20,4.535355756567482,2.1296374706901364,1.7320081877371045,0.5676435065667594,,,,1.0,23.65087243820238,
gemini2,original,full_vector_length,legacy_199_train_and_99_eval_v1,1,COMPLETE,2000-03-21,2015-01-28,2015-03-18,2017-07-26,120,20,9.50231668175009,3.0825827939813863,2.623055958966079,0.42045636381515616,,,,1.0,27.61233096656193,
gemini2,original,full_vector_length,legacy_199_train_and_99_eval_v1,2,COMPLETE,2000-03-21,2017-07-26,2017-09-20,2020-01-29,140,20,8.52772841564932,2.9202274595738804,2.0108304806873116,0.49186269351320433,,,,1.0,31.409719535703953,
gemini2,original,full_vector_length,legacy_199_train_and_99_eval_v1,3,COMPLETE,2000-03-21,2020-01-29,2020-03-15,2022-07-27,160,20,36.03472620011386,6.002893152481882,4.24477140186905,0.4360315063977108,,,,1.0,34.999272765180855,
gemini2,original,full_vector_length,legacy_199_train_and_99_eval_v1,4,COMPLETE,2000-03-21,2022-07-27,2022-09-21,2024-12-18,180,19,6.840738039840937,2.615480460611575,2.292247043901882,0.581150471501415,,,,1.0,38.53713153909997,
gemini2,original,three_pc_length,legacy_199_train_and_99_eval_v1,0,COMPLETE,2000-03-21,2012-08-01,2012-09-13,2015-01-28,100,20,4.153172983631585,2.0379335081477965,1.6338667839748553,0.604077077035378,,,,1.0,4.7997634871810995,
gemini2,original,three_pc_length,legacy_199_train_and_99_eval_v1,1,COMPLETE,2000-03-21,2015-01-28,2015-03-18,2017-07-26,120,20,9.662153460237963,3.1084004665161733,2.6745903606123713,0.4107079634088804,,,,0.01,4.998229244248983,
gemini2,original,three_pc_length,legacy_199_train_and_99_eval_v1,2,COMPLETE,2000-03-21,2017-07-26,2017-09-20,2020-01-29,140,20,6.27600836328992,2.505196272408595,1.7486008770099262,0.6260347621579456,,,,0.0001,4.999984738882812,
gemini2,original,three_pc_length,legacy_199_train_and_99_eval_v1,3,COMPLETE,2000-03-21,2020-01-29,2020-03-15,2022-07-27,160,20,38.12298534461415,6.174381373434439,4.489284836348806,0.4033488003481416,,,,0.1,4.98664414585196,
gemini2,original,three_pc_length,legacy_199_train_and_99_eval_v1,4,COMPLETE,2000-03-21,2022-07-27,2022-09-21,2024-12-18,180,19,8.810053438181953,2.968173417807988,2.65604914276467,0.4605718407665188,,,,0.0001,4.999987912908384,
historical_mean,original,historical_mean,legacy_199_train_and_99_eval_v1,0,COMPLETE,2000-03-21,2012-08-01,2012-09-13,2015-01-28,100,20,10.489852298859432,3.2388041464187722,2.629850661075776,0.0,,,,,1.0,
historical_mean,original,historical_mean,legacy_199_train_and_99_eval_v1,1,COMPLETE,2000-03-21,2015-01-28,2015-03-18,2017-07-26,120,20,16.396205718527384,4.049222853650733,3.2010703512917984,0.0,,,,,1.0,
historical_mean,original,historical_mean,legacy_199_train_and_99_eval_v1,2,COMPLETE,2000-03-21,2017-07-26,2017-09-20,2020-01-29,140,20,16.78233089124882,4.096624328791794,3.335930694686323,0.0,,,,,1.0,
historical_mean,original,historical_mean,legacy_199_train_and_99_eval_v1,3,COMPLETE,2000-03-21,2020-01-29,2020-03-15,2022-07-27,160,20,63.8949278353226,7.993430292141328,6.141899268574462,0.0,,,,,1.0,
historical_mean,original,historical_mean,legacy_199_train_and_99_eval_v1,4,COMPLETE,2000-03-21,2022-07-27,2022-09-21,2024-12-18,180,19,16.332209002030776,4.04131278200918,3.5587344149899565,0.0,,,,,1.0,
legacy_gemini,original,full_vector_length,legacy_199_train_and_99_eval_v1,0,COMPLETE,2000-03-21,2012-08-01,2012-09-13,2015-01-28,100,20,3.8819495624839306,1.9702663684090866,1.5432650765591345,0.6299328673192074,,,,1.0,24.164287003139485,
legacy_gemini,original,full_vector_length,legacy_199_train_and_99_eval_v1,1,COMPLETE,2000-03-21,2015-01-28,2015-03-18,2017-07-26,120,20,9.928097127362346,3.150888307662197,2.8211357300431725,0.3944881335476418,,,,1.0,28.232275705912762,
legacy_gemini,original,full_vector_length,legacy_199_train_and_99_eval_v1,2,COMPLETE,2000-03-21,2017-07-26,2017-09-20,2020-01-29,140,20,6.69748927373292,2.58795078657476,1.8132218404216764,0.6009201989203217,,,,1.0,32.13482628300361,
legacy_gemini,original,full_vector_length,legacy_199_train_and_99_eval_v1,3,COMPLETE,2000-03-21,2020-01-29,2020-03-15,2022-07-27,160,20,34.054994500067316,5.835665728952209,4.138750645921246,0.46701568256188053,,,,1.0,35.86551423165521,
legacy_gemini,original,full_vector_length,legacy_199_train_and_99_eval_v1,4,COMPLETE,2000-03-21,2022-07-27,2022-09-21,2024-12-18,180,19,7.190989245711451,2.681601992412642,2.4338577572191697,0.5597050438910431,,,,1.0,39.530664407578655,
legacy_gemini,original,three_pc_length,legacy_199_train_and_99_eval_v1,0,COMPLETE,2000-03-21,2012-08-01,2012-09-13,2015-01-28,100,20,3.8186543148415533,1.9541377420339523,1.481226851858528,0.6359668176398673,,,,1.0,4.798356902506354,
legacy_gemini,original,three_pc_length,legacy_199_train_and_99_eval_v1,1,COMPLETE,2000-03-21,2015-01-28,2015-03-18,2017-07-26,120,20,9.154150836086846,3.0255827266969324,2.724796053143391,0.44169090134415434,,,,1.0,4.829412757521052,
legacy_gemini,original,three_pc_length,legacy_199_train_and_99_eval_v1,2,COMPLETE,2000-03-21,2017-07-26,2017-09-20,2020-01-29,140,20,7.048111987271565,2.6548280522985976,1.9967879072458043,0.5800278261140221,,,,1.0,4.852309880130516,
legacy_gemini,original,three_pc_length,legacy_199_train_and_99_eval_v1,3,COMPLETE,2000-03-21,2020-01-29,2020-03-15,2022-07-27,160,20,36.6681102173639,6.055419904297628,4.237222639611076,0.42611860659942835,,,,1.0,4.870150144012191,
legacy_gemini,original,three_pc_length,legacy_199_train_and_99_eval_v1,4,COMPLETE,2000-03-21,2022-07-27,2022-09-21,2024-12-18,180,19,8.716725046178615,2.9524100403193683,2.6498602948416847,0.4662862173087081,,,,0.0001,4.999987883758658,
tfidf_bigram_only,numbers_masked,tfidf_bigram_length,legacy_199_train_and_99_eval_v1,0,COMPLETE,2000-03-21,2012-08-01,2012-09-13,2015-01-28,100,20,7.819164740154228,2.796276942678287,2.2709179958386794,0.2545972510018648,,,,0.0001,99.9776416817984,
tfidf_bigram_only,numbers_masked,tfidf_bigram_length,legacy_199_train_and_99_eval_v1,1,COMPLETE,2000-03-21,2015-01-28,2015-03-18,2017-07-26,120,20,13.326597998497201,3.6505613264944885,2.8498941556935207,0.18721451613415585,,,,0.0001,119.97323779572132,
tfidf_bigram_only,numbers_masked,tfidf_bigram_length,legacy_199_train_and_99_eval_v1,2,COMPLETE,2000-03-21,2017-07-26,2017-09-20,2020-01-29,140,20,16.78267593015447,4.096666441163409,3.3359661964873473,-2.0559653357121732e-05,,,,10000.0,1.013949930183921,
tfidf_bigram_only,numbers_masked,tfidf_bigram_length,legacy_199_train_and_99_eval_v1,3,COMPLETE,2000-03-21,2020-01-29,2020-03-15,2022-07-27,160,20,57.1621620396498,7.56056625125723,5.582495135197121,0.10537246106647558,,,,0.1,131.27847482871852,
tfidf_bigram_only,numbers_masked,tfidf_bigram_length,legacy_199_train_and_99_eval_v1,4,COMPLETE,2000-03-21,2022-07-27,2022-09-21,2024-12-18,180,19,11.089296134193148,3.3300594790773856,2.766077747781859,0.32101676308365357,,,,0.0001,179.9598016506653,
tfidf_bigram_only,original,tfidf_bigram_length,legacy_199_train_and_99_eval_v1,0,COMPLETE,2000-03-21,2012-08-01,2012-09-13,2015-01-28,100,20,7.801189329438715,2.793060924763138,2.25182924779566,0.2563108509843419,,,,0.0001,99.9776096944997,
tfidf_bigram_only,original,tfidf_bigram_length,legacy_199_train_and_99_eval_v1,1,COMPLETE,2000-03-21,2015-01-28,2015-03-18,2017-07-26,120,20,13.255198731423246,3.640768975288496,2.8376812977234045,0.1915691374593369,,,,0.0001,119.97320770229305,
tfidf_bigram_only,original,tfidf_bigram_length,legacy_199_train_and_99_eval_v1,2,COMPLETE,2000-03-21,2017-07-26,2017-09-20,2020-01-29,140,20,16.782668930279993,4.09666558682546,3.3359652409826843,-2.0142555486657443e-05,,,,10000.0,1.0139499269500138,
tfidf_bigram_only,original,tfidf_bigram_length,legacy_199_train_and_99_eval_v1,3,COMPLETE,2000-03-21,2020-01-29,2020-03-15,2022-07-27,160,20,57.04568565401917,7.552859435605773,5.550731807843184,0.10719539740237427,,,,0.1,131.25996408198387,
tfidf_bigram_only,original,tfidf_bigram_length,legacy_199_train_and_99_eval_v1,4,COMPLETE,2000-03-21,2022-07-27,2022-09-21,2024-12-18,180,19,10.982650992643702,3.314008297008881,2.7802475538620524,0.32754650694966614,,,,0.0001,179.95976675405413,
voyage_context,numbers_masked,full_vector_length,legacy_199_train_and_99_eval_v1,0,COMPLETE,2000-03-21,2012-08-01,2012-09-13,2015-01-28,100,20,6.81823763444485,2.61117552731425,2.0973880519645065,0.35001585911879796,,,,0.1,70.63298320303377,
voyage_context,numbers_masked,full_vector_length,legacy_199_train_and_99_eval_v1,1,COMPLETE,2000-03-21,2015-01-28,2015-03-18,2017-07-26,120,20,17.907014167440746,4.231668012432065,3.3835719931994204,-0.09214378465660378,,,,0.1,83.50260012147785,
voyage_context,numbers_masked,full_vector_length,legacy_199_train_and_99_eval_v1,2,COMPLETE,2000-03-21,2017-07-26,2017-09-20,2020-01-29,140,20,8.417047819634705,2.9012148868421836,2.182091515982315,0.4984577604757041,,,,1.0,35.282332910865364,
voyage_context,numbers_masked,full_vector_length,legacy_199_train_and_99_eval_v1,3,COMPLETE,2000-03-21,2020-01-29,2020-03-15,2022-07-27,160,20,42.840616391653725,6.545274355720601,4.75883636287462,0.3295145977460445,,,,1.0,39.32871158661773,
voyage_context,numbers_masked,full_vector_length,legacy_199_train_and_99_eval_v1,4,COMPLETE,2000-03-21,2022-07-27,2022-09-21,2024-12-18,180,19,8.027317509818536,2.8332521084115574,2.5662028419475673,0.5084977476824841,,,,1.0,43.40280859687991,
voyage_context,original,full_vector_length,legacy_199_train_and_99_eval_v1,0,COMPLETE,2000-03-21,2012-08-01,2012-09-13,2015-01-28,100,20,8.227242606624374,2.8683170338413384,2.2583764971307714,0.21569509539053022,,,,0.1,70.65060929851816,
voyage_context,original,full_vector_length,legacy_199_train_and_99_eval_v1,1,COMPLETE,2000-03-21,2015-01-28,2015-03-18,2017-07-26,120,20,17.474826049713702,4.18029018726137,3.4717905719067033,-0.06578475225932912,,,,0.1,83.5153760882425,
voyage_context,original,full_vector_length,legacy_199_train_and_99_eval_v1,2,COMPLETE,2000-03-21,2017-07-26,2017-09-20,2020-01-29,140,20,8.294987841063888,2.880102053932098,2.0928957605613556,0.5057308847730249,,,,1.0,35.27448281838686,
voyage_context,original,full_vector_length,legacy_199_train_and_99_eval_v1,3,COMPLETE,2000-03-21,2020-01-29,2020-03-15,2022-07-27,160,20,41.93474194304069,6.475703972777067,4.735439725775066,0.343692162058313,,,,1.0,39.305428118330106,
voyage_context,original,full_vector_length,legacy_199_train_and_99_eval_v1,4,COMPLETE,2000-03-21,2022-07-27,2022-09-21,2024-12-18,180,19,10.433943315833657,3.23016149996152,2.6552814827248885,0.3611431671896752,,,,0.1,119.17248839404012,
voyage_context,original,three_pc_length,legacy_199_train_and_99_eval_v1,0,COMPLETE,2000-03-21,2012-08-01,2012-09-13,2015-01-28,100,20,10.08524430214333,3.1757273658397267,2.5765013574809426,0.03857137214030126,,,,100.0,1.7522543545801554,
voyage_context,original,three_pc_length,legacy_199_train_and_99_eval_v1,1,COMPLETE,2000-03-21,2015-01-28,2015-03-18,2017-07-26,120,20,13.576461174597124,3.684624970685229,2.841584117013581,0.1719754309220458,,,,10.0,3.8161444653281844,
voyage_context,original,three_pc_length,legacy_199_train_and_99_eval_v1,2,COMPLETE,2000-03-21,2017-07-26,2017-09-20,2020-01-29,140,20,16.77704753363655,4.095979435206743,3.3357279185422444,0.00031481667513910683,,,,10000.0,1.0139304612591393,
voyage_context,original,three_pc_length,legacy_199_train_and_99_eval_v1,3,COMPLETE,2000-03-21,2020-01-29,2020-03-15,2022-07-27,160,20,62.80486552196119,7.924952083259632,6.038100292759035,0.017060232326591596,,,,100.0,2.056450080127723,
voyage_context,original,three_pc_length,legacy_199_train_and_99_eval_v1,4,COMPLETE,2000-03-21,2022-07-27,2022-09-21,2024-12-18,180,19,15.491499806152957,3.9359242632643423,3.4223071790902426,0.05147553498570123,,,,10.0,4.10301234641916,
voyage_isolated,numbers_masked,full_vector_length,legacy_199_train_and_99_eval_v1,0,COMPLETE,2000-03-21,2012-08-01,2012-09-13,2015-01-28,100,20,6.096693443445959,2.4691483235006273,2.0905734535895553,0.4188008305790105,,,,0.1,65.83071263823608,
voyage_isolated,numbers_masked,full_vector_length,legacy_199_train_and_99_eval_v1,1,COMPLETE,2000-03-21,2015-01-28,2015-03-18,2017-07-26,120,20,11.436433011886015,3.381779562876033,2.9086524521420563,0.3024951499014754,,,,1.0,28.196666748852,
voyage_isolated,numbers_masked,full_vector_length,legacy_199_train_and_99_eval_v1,2,COMPLETE,2000-03-21,2017-07-26,2017-09-20,2020-01-29,140,20,6.85598453192119,2.6183935021155986,1.7797846815257365,0.5914760246148968,,,,1.0,32.061702621115145,
voyage_isolated,numbers_masked,full_vector_length,legacy_199_train_and_99_eval_v1,3,COMPLETE,2000-03-21,2020-01-29,2020-03-15,2022-07-27,160,20,38.0312725407517,6.166950019316818,4.427667708495553,0.4047841694293748,,,,1.0,35.747781690235975,
voyage_isolated,numbers_masked,full_vector_length,legacy_199_train_and_99_eval_v1,4,COMPLETE,2000-03-21,2022-07-27,2022-09-21,2024-12-18,180,19,7.008606305186161,2.647377250258482,2.4171537124113893,0.5708721150755114,,,,1.0,39.3537747577968,
voyage_isolated,original,full_vector_length,legacy_199_train_and_99_eval_v1,0,COMPLETE,2000-03-21,2012-08-01,2012-09-13,2015-01-28,100,20,6.331864262970811,2.516319586811423,2.0200785106189194,0.3963819429889134,,,,0.1,65.88136392593225,
voyage_isolated,original,full_vector_length,legacy_199_train_and_99_eval_v1,1,COMPLETE,2000-03-21,2015-01-28,2015-03-18,2017-07-26,120,20,11.623185732009969,3.4092793566984163,2.9374673322384783,0.2911051537444421,,,,1.0,28.213515569275415,
voyage_isolated,original,full_vector_length,legacy_199_train_and_99_eval_v1,2,COMPLETE,2000-03-21,2017-07-26,2017-09-20,2020-01-29,140,20,6.821314212639374,2.611764578333846,1.7583377505627158,0.5935419068517853,,,,1.0,32.07029761046664,
voyage_isolated,original,full_vector_length,legacy_199_train_and_99_eval_v1,3,COMPLETE,2000-03-21,2020-01-29,2020-03-15,2022-07-27,160,20,37.564055723015855,6.128952253282437,4.386125881141183,0.4120964371408278,,,,1.0,35.75502230631461,
voyage_isolated,original,full_vector_length,legacy_199_train_and_99_eval_v1,4,COMPLETE,2000-03-21,2022-07-27,2022-09-21,2024-12-18,180,19,6.891835181574563,2.625230500656002,2.4101305922909866,0.5780218597057128,,,,1.0,39.35290404704983,
voyage_isolated,original,three_pc_length,legacy_199_train_and_99_eval_v1,0,COMPLETE,2000-03-21,2012-08-01,2012-09-13,2015-01-28,100,20,3.8520312356675497,1.9626592255579036,1.556472704111909,0.6327849882036582,,,,1.0,4.799473904016394,
voyage_isolated,original,three_pc_length,legacy_199_train_and_99_eval_v1,1,COMPLETE,2000-03-21,2015-01-28,2015-03-18,2017-07-26,120,20,11.695860576570194,3.419921136016179,3.0044268886813628,0.2866727353052111,,,,1.0,4.8304857104292385,
voyage_isolated,original,three_pc_length,legacy_199_train_and_99_eval_v1,2,COMPLETE,2000-03-21,2017-07-26,2017-09-20,2020-01-29,140,20,5.991867727986921,2.4478291868484043,1.8276947874781981,0.6429657020341917,,,,1.0,4.853005991910195,
voyage_isolated,original,three_pc_length,legacy_199_train_and_99_eval_v1,3,COMPLETE,2000-03-21,2020-01-29,2020-03-15,2022-07-27,160,20,39.33338089571451,6.271633032609172,4.426014512701407,0.3844052692713097,,,,1.0,4.8699434475112096,
voyage_isolated,original,three_pc_length,legacy_199_train_and_99_eval_v1,4,COMPLETE,2000-03-21,2022-07-27,2022-09-21,2024-12-18,180,19,7.549151196191439,2.747571872798133,2.4875922315818797,0.5377752516360301,,,,0.0001,4.999987813337693,
