arm_id,variant,readout,sample_id,outer_fold,alpha,inner_validation_n,pooled_inner_mse,selected
legacy_gemini,original,full_vector_length,legacy_199_train_and_99_eval_v1,0,0.0001,75,54.58191009089505,False
legacy_gemini,original,full_vector_length,legacy_199_train_and_99_eval_v1,0,0.001,75,54.257612131524205,False
legacy_gemini,original,full_vector_length,legacy_199_train_and_99_eval_v1,0,0.01,75,51.37738191763067,False
legacy_gemini,original,full_vector_length,legacy_199_train_and_99_eval_v1,0,0.1,75,38.256642152110416,False
legacy_gemini,original,full_vector_length,legacy_199_train_and_99_eval_v1,0,1.0,75,30.347447621483006,True
legacy_gemini,original,full_vector_length,legacy_199_train_and_99_eval_v1,0,10.0,75,38.53387292513544,False
legacy_gemini,original,full_vector_length,legacy_199_train_and_99_eval_v1,0,100.0,75,41.89531788446465,False
legacy_gemini,original,full_vector_length,legacy_199_train_and_99_eval_v1,0,1000.0,75,42.134790469763196,False
legacy_gemini,original,full_vector_length,legacy_199_train_and_99_eval_v1,0,10000.0,75,42.151611446966655,False
legacy_gemini,original,full_vector_length,legacy_199_train_and_99_eval_v1,1,0.0001,90,43.31187020644957,False
legacy_gemini,original,full_vector_length,legacy_199_train_and_99_eval_v1,1,0.001,90,43.01959618547243,False
legacy_gemini,original,full_vector_length,legacy_199_train_and_99_eval_v1,1,0.01,90,40.463196898874806,False
legacy_gemini,original,full_vector_length,legacy_199_train_and_99_eval_v1,1,0.1,90,29.692078824704563,False
legacy_gemini,original,full_vector_length,legacy_199_train_and_99_eval_v1,1,1.0,90,23.043554016372788,True
legacy_gemini,original,full_vector_length,legacy_199_train_and_99_eval_v1,1,10.0,90,29.414503676450366,False
legacy_gemini,original,full_vector_length,legacy_199_train_and_99_eval_v1,1,100.0,90,32.79878546838947,False
legacy_gemini,original,full_vector_length,legacy_199_train_and_99_eval_v1,1,1000.0,90,33.10251212238287,False
legacy_gemini,original,full_vector_length,legacy_199_train_and_99_eval_v1,1,10000.0,90,33.12785192489071,False
legacy_gemini,original,full_vector_length,legacy_199_train_and_99_eval_v1,2,0.0001,105,39.62014969994368,False
legacy_gemini,original,full_vector_length,legacy_199_train_and_99_eval_v1,2,0.001,105,39.37038611107875,False
legacy_gemini,original,full_vector_length,legacy_199_train_and_99_eval_v1,2,0.01,105,37.223784963029566,False
legacy_gemini,original,full_vector_length,legacy_199_train_and_99_eval_v1,2,0.1,105,28.68623276323763,False
legacy_gemini,original,full_vector_length,legacy_199_train_and_99_eval_v1,2,1.0,105,22.841960486610354,True
legacy_gemini,original,full_vector_length,legacy_199_train_and_99_eval_v1,2,10.0,105,27.286737980423286,False
legacy_gemini,original,full_vector_length,legacy_199_train_and_99_eval_v1,2,100.0,105,29.92498543713875,False
legacy_gemini,original,full_vector_length,legacy_199_train_and_99_eval_v1,2,1000.0,105,30.270993489306907,False
legacy_gemini,original,full_vector_length,legacy_199_train_and_99_eval_v1,2,10000.0,105,30.306851962885727,False
legacy_gemini,original,full_vector_length,legacy_199_train_and_99_eval_v1,3,0.0001,120,34.32477674459118,False
legacy_gemini,original,full_vector_length,legacy_199_train_and_99_eval_v1,3,0.001,120,34.0356108600507,False
legacy_gemini,original,full_vector_length,legacy_199_train_and_99_eval_v1,3,0.01,120,31.64167297122642,False
legacy_gemini,original,full_vector_length,legacy_199_train_and_99_eval_v1,3,0.1,120,23.51915311287475,False
legacy_gemini,original,full_vector_length,legacy_199_train_and_99_eval_v1,3,1.0,120,19.054767197144812,True
legacy_gemini,original,full_vector_length,legacy_199_train_and_99_eval_v1,3,10.0,120,24.308944349108284,False
legacy_gemini,original,full_vector_length,legacy_199_train_and_99_eval_v1,3,100.0,120,28.020441165554406,False
legacy_gemini,original,full_vector_length,legacy_199_train_and_99_eval_v1,3,1000.0,120,28.578959392374724,False
legacy_gemini,original,full_vector_length,legacy_199_train_and_99_eval_v1,3,10000.0,120,28.63681548212207,False
legacy_gemini,original,full_vector_length,legacy_199_train_and_99_eval_v1,4,0.0001,135,34.62253857807489,False
legacy_gemini,original,full_vector_length,legacy_199_train_and_99_eval_v1,4,0.001,135,34.395463274341616,False
legacy_gemini,original,full_vector_length,legacy_199_train_and_99_eval_v1,4,0.01,135,32.50536942536509,False
legacy_gemini,original,full_vector_length,legacy_199_train_and_99_eval_v1,4,0.1,135,25.803982286739735,False
legacy_gemini,original,full_vector_length,legacy_199_train_and_99_eval_v1,4,1.0,135,22.29591353780837,True
legacy_gemini,original,full_vector_length,legacy_199_train_and_99_eval_v1,4,10.0,135,28.41359720627785,False
legacy_gemini,original,full_vector_length,legacy_199_train_and_99_eval_v1,4,100.0,135,33.424833815856026,False
legacy_gemini,original,full_vector_length,legacy_199_train_and_99_eval_v1,4,1000.0,135,34.2802744824226,False
legacy_gemini,original,full_vector_length,legacy_199_train_and_99_eval_v1,4,10000.0,135,34.3706763788461,False
audited_reconstruction_split,original,full_count_length,legacy_199_train_and_99_eval_v1,0,0.0001,75,26.351340560033215,True
audited_reconstruction_split,original,full_count_length,legacy_199_train_and_99_eval_v1,0,0.001,75,26.35158210325934,False
audited_reconstruction_split,original,full_count_length,legacy_199_train_and_99_eval_v1,0,0.01,75,26.354005938832294,False
audited_reconstruction_split,original,full_count_length,legacy_199_train_and_99_eval_v1,0,0.1,75,26.379062032220666,False
audited_reconstruction_split,original,full_count_length,legacy_199_train_and_99_eval_v1,0,1.0,75,26.6931819782355,False
audited_reconstruction_split,original,full_count_length,legacy_199_train_and_99_eval_v1,0,10.0,75,30.478080571043712,False
audited_reconstruction_split,original,full_count_length,legacy_199_train_and_99_eval_v1,0,100.0,75,38.90308979403759,False
audited_reconstruction_split,original,full_count_length,legacy_199_train_and_99_eval_v1,0,1000.0,75,41.752835423141335,False
audited_reconstruction_split,original,full_count_length,legacy_199_train_and_99_eval_v1,0,10000.0,75,42.11235344216709,False
audited_reconstruction_split,original,full_count_length,legacy_199_train_and_99_eval_v1,1,0.0001,90,21.613495208677225,False
audited_reconstruction_split,original,full_count_length,legacy_199_train_and_99_eval_v1,1,0.001,90,21.61338336437006,False
audited_reconstruction_split,original,full_count_length,legacy_199_train_and_99_eval_v1,1,0.01,90,21.61227589696261,False
audited_reconstruction_split,original,full_count_length,legacy_199_train_and_99_eval_v1,1,0.1,90,21.60227430238513,False
audited_reconstruction_split,original,full_count_length,legacy_199_train_and_99_eval_v1,1,1.0,90,21.589103582347022,True
audited_reconstruction_split,original,full_count_length,legacy_199_train_and_99_eval_v1,1,10.0,90,23.489208642112146,False
audited_reconstruction_split,original,full_count_length,legacy_199_train_and_99_eval_v1,1,100.0,90,30.00854600157401,False
audited_reconstruction_split,original,full_count_length,legacy_199_train_and_99_eval_v1,1,1000.0,90,32.7260420966184,False
audited_reconstruction_split,original,full_count_length,legacy_199_train_and_99_eval_v1,1,10000.0,90,33.08889702805173,False
audited_reconstruction_split,original,full_count_length,legacy_199_train_and_99_eval_v1,2,0.0001,105,23.443452596123265,False
audited_reconstruction_split,original,full_count_length,legacy_199_train_and_99_eval_v1,2,0.001,105,23.443357717234342,False
audited_reconstruction_split,original,full_count_length,legacy_199_train_and_99_eval_v1,2,0.01,105,23.442410773696274,False
audited_reconstruction_split,original,full_count_length,legacy_199_train_and_99_eval_v1,2,0.1,105,23.43312423944629,False
audited_reconstruction_split,original,full_count_length,legacy_199_train_and_99_eval_v1,2,1.0,105,23.356743372195268,True
audited_reconstruction_split,original,full_count_length,legacy_199_train_and_99_eval_v1,2,10.0,105,23.41450859968692,False
audited_reconstruction_split,original,full_count_length,legacy_199_train_and_99_eval_v1,2,100.0,105,27.130392796793625,False
audited_reconstruction_split,original,full_count_length,legacy_199_train_and_99_eval_v1,2,1000.0,105,29.855019454866977,False
audited_reconstruction_split,original,full_count_length,legacy_199_train_and_99_eval_v1,2,10000.0,105,30.263295942527872,False
audited_reconstruction_split,original,full_count_length,legacy_199_train_and_99_eval_v1,3,0.0001,120,20.26520575917186,False
audited_reconstruction_split,original,full_count_length,legacy_199_train_and_99_eval_v1,3,0.001,120,20.265204749009165,False
audited_reconstruction_split,original,full_count_length,legacy_199_train_and_99_eval_v1,3,0.01,120,20.265196589362926,True
audited_reconstruction_split,original,full_count_length,legacy_199_train_and_99_eval_v1,3,0.1,120,20.26530584375907,False
audited_reconstruction_split,original,full_count_length,legacy_199_train_and_99_eval_v1,3,1.0,120,20.282458449455078,False
audited_reconstruction_split,original,full_count_length,legacy_199_train_and_99_eval_v1,3,10.0,120,20.965593447563432,False
audited_reconstruction_split,original,full_count_length,legacy_199_train_and_99_eval_v1,3,100.0,120,25.2316520663245,False
audited_reconstruction_split,original,full_count_length,legacy_199_train_and_99_eval_v1,3,1000.0,120,28.14367075303766,False
audited_reconstruction_split,original,full_count_length,legacy_199_train_and_99_eval_v1,3,10000.0,120,28.590934245695177,False
audited_reconstruction_split,original,full_count_length,legacy_199_train_and_99_eval_v1,4,0.0001,135,23.82699410488445,True
audited_reconstruction_split,original,full_count_length,legacy_199_train_and_99_eval_v1,4,0.001,135,23.827080655534708,False
audited_reconstruction_split,original,full_count_length,legacy_199_train_and_99_eval_v1,4,0.01,135,23.82794723498286,False
audited_reconstruction_split,original,full_count_length,legacy_199_train_and_99_eval_v1,4,0.1,135,23.83671822120464,False
audited_reconstruction_split,original,full_count_length,legacy_199_train_and_99_eval_v1,4,1.0,135,23.93309665134193,False
audited_reconstruction_split,original,full_count_length,legacy_199_train_and_99_eval_v1,4,10.0,135,25.084051730106776,False
audited_reconstruction_split,original,full_count_length,legacy_199_train_and_99_eval_v1,4,100.0,135,30.29905636309651,False
audited_reconstruction_split,original,full_count_length,legacy_199_train_and_99_eval_v1,4,1000.0,135,33.775772418951725,False
audited_reconstruction_split,original,full_count_length,legacy_199_train_and_99_eval_v1,4,10000.0,135,34.31725952757061,False
tfidf_bigram_only,original,tfidf_bigram_length,legacy_199_train_and_99_eval_v1,0,0.0001,75,40.083054330399925,True
tfidf_bigram_only,original,tfidf_bigram_length,legacy_199_train_and_99_eval_v1,0,0.001,75,40.08939901779263,False
tfidf_bigram_only,original,tfidf_bigram_length,legacy_199_train_and_99_eval_v1,0,0.01,75,40.15196126037605,False
tfidf_bigram_only,original,tfidf_bigram_length,legacy_199_train_and_99_eval_v1,0,0.1,75,40.69954618410081,False
tfidf_bigram_only,original,tfidf_bigram_length,legacy_199_train_and_99_eval_v1,0,1.0,75,42.839763762095075,False
tfidf_bigram_only,original,tfidf_bigram_length,legacy_199_train_and_99_eval_v1,0,10.0,75,43.73480698228895,False
tfidf_bigram_only,original,tfidf_bigram_length,legacy_199_train_and_99_eval_v1,0,100.0,75,42.62499938087322,False
tfidf_bigram_only,original,tfidf_bigram_length,legacy_199_train_and_99_eval_v1,0,1000.0,75,42.21023434498584,False
tfidf_bigram_only,original,tfidf_bigram_length,legacy_199_train_and_99_eval_v1,0,10000.0,75,42.15917843101456,False
tfidf_bigram_only,original,tfidf_bigram_length,legacy_199_train_and_99_eval_v1,1,0.0001,90,31.805005384392587,True
tfidf_bigram_only,original,tfidf_bigram_length,legacy_199_train_and_99_eval_v1,1,0.001,90,31.807399889851695,False
tfidf_bigram_only,original,tfidf_bigram_length,legacy_199_train_and_99_eval_v1,1,0.01,90,31.831068012791057,False
tfidf_bigram_only,original,tfidf_bigram_length,legacy_199_train_and_99_eval_v1,1,0.1,90,32.048228782713515,False
tfidf_bigram_only,original,tfidf_bigram_length,legacy_199_train_and_99_eval_v1,1,1.0,90,33.31820358095703,False
tfidf_bigram_only,original,tfidf_bigram_length,legacy_199_train_and_99_eval_v1,1,10.0,90,34.42163544978369,False
tfidf_bigram_only,original,tfidf_bigram_length,legacy_199_train_and_99_eval_v1,1,100.0,90,33.54022085082798,False
tfidf_bigram_only,original,tfidf_bigram_length,legacy_199_train_and_99_eval_v1,1,1000.0,90,33.17993397844633,False
tfidf_bigram_only,original,tfidf_bigram_length,legacy_199_train_and_99_eval_v1,1,10000.0,90,33.13562575824093,False
tfidf_bigram_only,original,tfidf_bigram_length,legacy_199_train_and_99_eval_v1,2,0.0001,105,37.47220204394259,False
tfidf_bigram_only,original,tfidf_bigram_length,legacy_199_train_and_99_eval_v1,2,0.001,105,37.46287201014322,False
tfidf_bigram_only,original,tfidf_bigram_length,legacy_199_train_and_99_eval_v1,2,0.01,105,37.37118595790032,False
tfidf_bigram_only,original,tfidf_bigram_length,legacy_199_train_and_99_eval_v1,2,0.1,105,36.60135520165235,False
tfidf_bigram_only,original,tfidf_bigram_length,legacy_199_train_and_99_eval_v1,2,1.0,105,34.20521503143415,False
tfidf_bigram_only,original,tfidf_bigram_length,legacy_199_train_and_99_eval_v1,2,10.0,105,32.35252984832314,False
tfidf_bigram_only,original,tfidf_bigram_length,legacy_199_train_and_99_eval_v1,2,100.0,105,30.696977469000405,False
tfidf_bigram_only,original,tfidf_bigram_length,legacy_199_train_and_99_eval_v1,2,1000.0,105,30.352556588649527,False
tfidf_bigram_only,original,tfidf_bigram_length,legacy_199_train_and_99_eval_v1,2,10000.0,105,30.315054918312434,True
tfidf_bigram_only,original,tfidf_bigram_length,legacy_199_train_and_99_eval_v1,3,0.0001,120,28.570538811781642,False
tfidf_bigram_only,original,tfidf_bigram_length,legacy_199_train_and_99_eval_v1,3,0.001,120,28.567741777045345,False
tfidf_bigram_only,original,tfidf_bigram_length,legacy_199_train_and_99_eval_v1,3,0.01,120,28.541008152614257,False
tfidf_bigram_only,original,tfidf_bigram_length,legacy_199_train_and_99_eval_v1,3,0.1,120,28.369759795066454,True
tfidf_bigram_only,original,tfidf_bigram_length,legacy_199_train_and_99_eval_v1,3,1.0,120,28.658225598357557,False
tfidf_bigram_only,original,tfidf_bigram_length,legacy_199_train_and_99_eval_v1,3,10.0,120,29.475349545549754,False
tfidf_bigram_only,original,tfidf_bigram_length,legacy_199_train_and_99_eval_v1,3,100.0,120,28.875829502251186,False
tfidf_bigram_only,original,tfidf_bigram_length,legacy_199_train_and_99_eval_v1,3,1000.0,120,28.67025289547048,False
tfidf_bigram_only,original,tfidf_bigram_length,legacy_199_train_and_99_eval_v1,3,10000.0,120,28.64600511593993,False
tfidf_bigram_only,original,tfidf_bigram_length,legacy_199_train_and_99_eval_v1,4,0.0001,135,32.72461112135171,True
tfidf_bigram_only,original,tfidf_bigram_length,legacy_199_train_and_99_eval_v1,4,0.001,135,32.724916306299306,False
tfidf_bigram_only,original,tfidf_bigram_length,legacy_199_train_and_99_eval_v1,4,0.01,135,32.728376864313944,False
tfidf_bigram_only,original,tfidf_bigram_length,legacy_199_train_and_99_eval_v1,4,0.1,135,32.792766985284445,False
tfidf_bigram_only,original,tfidf_bigram_length,legacy_199_train_and_99_eval_v1,4,1.0,135,33.662968096933454,False
tfidf_bigram_only,original,tfidf_bigram_length,legacy_199_train_and_99_eval_v1,4,10.0,135,34.85676064734848,False
tfidf_bigram_only,original,tfidf_bigram_length,legacy_199_train_and_99_eval_v1,4,100.0,135,34.55799033450307,False
tfidf_bigram_only,original,tfidf_bigram_length,legacy_199_train_and_99_eval_v1,4,1000.0,135,34.4026920460415,False
tfidf_bigram_only,original,tfidf_bigram_length,legacy_199_train_and_99_eval_v1,4,10000.0,135,34.38301539979161,False
tfidf_bigram_only,numbers_masked,tfidf_bigram_length,legacy_199_train_and_99_eval_v1,0,0.0001,75,39.77888482249961,True
tfidf_bigram_only,numbers_masked,tfidf_bigram_length,legacy_199_train_and_99_eval_v1,0,0.001,75,39.785810134646276,False
tfidf_bigram_only,numbers_masked,tfidf_bigram_length,legacy_199_train_and_99_eval_v1,0,0.01,75,39.85405742615796,False
tfidf_bigram_only,numbers_masked,tfidf_bigram_length,legacy_199_train_and_99_eval_v1,0,0.1,75,40.44856570146438,False
tfidf_bigram_only,numbers_masked,tfidf_bigram_length,legacy_199_train_and_99_eval_v1,0,1.0,75,42.744061990423745,False
tfidf_bigram_only,numbers_masked,tfidf_bigram_length,legacy_199_train_and_99_eval_v1,0,10.0,75,43.72297295964357,False
tfidf_bigram_only,numbers_masked,tfidf_bigram_length,legacy_199_train_and_99_eval_v1,0,100.0,75,42.62396764596728,False
tfidf_bigram_only,numbers_masked,tfidf_bigram_length,legacy_199_train_and_99_eval_v1,0,1000.0,75,42.21013700457101,False
tfidf_bigram_only,numbers_masked,tfidf_bigram_length,legacy_199_train_and_99_eval_v1,0,10000.0,75,42.15916876942297,False
tfidf_bigram_only,numbers_masked,tfidf_bigram_length,legacy_199_train_and_99_eval_v1,1,0.0001,90,31.568323564654293,True
tfidf_bigram_only,numbers_masked,tfidf_bigram_length,legacy_199_train_and_99_eval_v1,1,0.001,90,31.571041913360265,False
tfidf_bigram_only,numbers_masked,tfidf_bigram_length,legacy_199_train_and_99_eval_v1,1,0.01,90,31.597926247669292,False
tfidf_bigram_only,numbers_masked,tfidf_bigram_length,legacy_199_train_and_99_eval_v1,1,0.1,90,31.844214275048238,False
tfidf_bigram_only,numbers_masked,tfidf_bigram_length,legacy_199_train_and_99_eval_v1,1,1.0,90,33.22915753396413,False
tfidf_bigram_only,numbers_masked,tfidf_bigram_length,legacy_199_train_and_99_eval_v1,1,10.0,90,34.40914754838404,False
tfidf_bigram_only,numbers_masked,tfidf_bigram_length,legacy_199_train_and_99_eval_v1,1,100.0,90,33.539132650239,False
tfidf_bigram_only,numbers_masked,tfidf_bigram_length,legacy_199_train_and_99_eval_v1,1,1000.0,90,33.17983312315662,False
tfidf_bigram_only,numbers_masked,tfidf_bigram_length,legacy_199_train_and_99_eval_v1,1,10000.0,90,33.13561577753541,False
tfidf_bigram_only,numbers_masked,tfidf_bigram_length,legacy_199_train_and_99_eval_v1,2,0.0001,105,38.028676964725044,False
tfidf_bigram_only,numbers_masked,tfidf_bigram_length,legacy_199_train_and_99_eval_v1,2,0.001,105,38.01760063587545,False
tfidf_bigram_only,numbers_masked,tfidf_bigram_length,legacy_199_train_and_99_eval_v1,2,0.01,105,37.908946175463946,False
tfidf_bigram_only,numbers_masked,tfidf_bigram_length,legacy_199_train_and_99_eval_v1,2,0.1,105,37.00803267202417,False
tfidf_bigram_only,numbers_masked,tfidf_bigram_length,legacy_199_train_and_99_eval_v1,2,1.0,105,34.298198093000025,False
tfidf_bigram_only,numbers_masked,tfidf_bigram_length,legacy_199_train_and_99_eval_v1,2,10.0,105,32.36143971609984,False
tfidf_bigram_only,numbers_masked,tfidf_bigram_length,legacy_199_train_and_99_eval_v1,2,100.0,105,30.698099592390204,False
tfidf_bigram_only,numbers_masked,tfidf_bigram_length,legacy_199_train_and_99_eval_v1,2,1000.0,105,30.35267457329376,False
tfidf_bigram_only,numbers_masked,tfidf_bigram_length,legacy_199_train_and_99_eval_v1,2,10000.0,105,30.3150667799304,True
tfidf_bigram_only,numbers_masked,tfidf_bigram_length,legacy_199_train_and_99_eval_v1,3,0.0001,120,28.412942804266745,False
tfidf_bigram_only,numbers_masked,tfidf_bigram_length,legacy_199_train_and_99_eval_v1,3,0.001,120,28.410574472302937,False
tfidf_bigram_only,numbers_masked,tfidf_bigram_length,legacy_199_train_and_99_eval_v1,3,0.01,120,28.38802714292923,False
tfidf_bigram_only,numbers_masked,tfidf_bigram_length,legacy_199_train_and_99_eval_v1,3,0.1,120,28.25043684337074,True
tfidf_bigram_only,numbers_masked,tfidf_bigram_length,legacy_199_train_and_99_eval_v1,3,1.0,120,28.634812597550724,False
tfidf_bigram_only,numbers_masked,tfidf_bigram_length,legacy_199_train_and_99_eval_v1,3,10.0,120,29.479082983698444,False
tfidf_bigram_only,numbers_masked,tfidf_bigram_length,legacy_199_train_and_99_eval_v1,3,100.0,120,28.876573509589395,False
tfidf_bigram_only,numbers_masked,tfidf_bigram_length,legacy_199_train_and_99_eval_v1,3,1000.0,120,28.670334107297204,False
tfidf_bigram_only,numbers_masked,tfidf_bigram_length,legacy_199_train_and_99_eval_v1,3,10000.0,120,28.646013313748465,False
tfidf_bigram_only,numbers_masked,tfidf_bigram_length,legacy_199_train_and_99_eval_v1,4,0.0001,135,32.579174362059184,True
tfidf_bigram_only,numbers_masked,tfidf_bigram_length,legacy_199_train_and_99_eval_v1,4,0.001,135,32.579786782890224,False
tfidf_bigram_only,numbers_masked,tfidf_bigram_length,legacy_199_train_and_99_eval_v1,4,0.01,135,32.58626350450554,False
tfidf_bigram_only,numbers_masked,tfidf_bigram_length,legacy_199_train_and_99_eval_v1,4,0.1,135,32.67581102120434,False
tfidf_bigram_only,numbers_masked,tfidf_bigram_length,legacy_199_train_and_99_eval_v1,4,1.0,135,33.62561391083101,False
tfidf_bigram_only,numbers_masked,tfidf_bigram_length,legacy_199_train_and_99_eval_v1,4,10.0,135,34.85563604192224,False
tfidf_bigram_only,numbers_masked,tfidf_bigram_length,legacy_199_train_and_99_eval_v1,4,100.0,135,34.55818870979992,False
tfidf_bigram_only,numbers_masked,tfidf_bigram_length,legacy_199_train_and_99_eval_v1,4,1000.0,135,34.4027194332416,False
tfidf_bigram_only,numbers_masked,tfidf_bigram_length,legacy_199_train_and_99_eval_v1,4,10000.0,135,34.383018230199525,False
gemini001_refresh,original,full_vector_length,legacy_199_train_and_99_eval_v1,0,0.0001,75,54.58190893337624,False
gemini001_refresh,original,full_vector_length,legacy_199_train_and_99_eval_v1,0,0.001,75,54.257610987500556,False
gemini001_refresh,original,full_vector_length,legacy_199_train_and_99_eval_v1,0,0.01,75,51.37738089909795,False
gemini001_refresh,original,full_vector_length,legacy_199_train_and_99_eval_v1,0,0.1,75,38.25664176979739,False
gemini001_refresh,original,full_vector_length,legacy_199_train_and_99_eval_v1,0,1.0,75,30.347447637117778,True
gemini001_refresh,original,full_vector_length,legacy_199_train_and_99_eval_v1,0,10.0,75,38.53387292472656,False
gemini001_refresh,original,full_vector_length,legacy_199_train_and_99_eval_v1,0,100.0,75,41.89531788356516,False
gemini001_refresh,original,full_vector_length,legacy_199_train_and_99_eval_v1,0,1000.0,75,42.13479046965659,False
gemini001_refresh,original,full_vector_length,legacy_199_train_and_99_eval_v1,0,10000.0,75,42.15161144695581,False
gemini001_refresh,original,full_vector_length,legacy_199_train_and_99_eval_v1,1,0.0001,90,43.31186987538956,False
gemini001_refresh,original,full_vector_length,legacy_199_train_and_99_eval_v1,1,0.001,90,43.019595852958055,False
gemini001_refresh,original,full_vector_length,legacy_199_train_and_99_eval_v1,1,0.01,90,40.463196564140965,False
gemini001_refresh,original,full_vector_length,legacy_199_train_and_99_eval_v1,1,0.1,90,29.69207862552256,False
gemini001_refresh,original,full_vector_length,legacy_199_train_and_99_eval_v1,1,1.0,90,23.043554010741193,True
gemini001_refresh,original,full_vector_length,legacy_199_train_and_99_eval_v1,1,10.0,90,29.414503684606718,False
gemini001_refresh,original,full_vector_length,legacy_199_train_and_99_eval_v1,1,100.0,90,32.79878546889633,False
gemini001_refresh,original,full_vector_length,legacy_199_train_and_99_eval_v1,1,1000.0,90,33.10251212241646,False
gemini001_refresh,original,full_vector_length,legacy_199_train_and_99_eval_v1,1,10000.0,90,33.12785192489388,False
gemini001_refresh,original,full_vector_length,legacy_199_train_and_99_eval_v1,2,0.0001,105,39.620149587823676,False
gemini001_refresh,original,full_vector_length,legacy_199_train_and_99_eval_v1,2,0.001,105,39.37038600278779,False
gemini001_refresh,original,full_vector_length,legacy_199_train_and_99_eval_v1,2,0.01,105,37.22378488824219,False
gemini001_refresh,original,full_vector_length,legacy_199_train_and_99_eval_v1,2,0.1,105,28.68623279123136,False
gemini001_refresh,original,full_vector_length,legacy_199_train_and_99_eval_v1,2,1.0,105,22.841960498309046,True
gemini001_refresh,original,full_vector_length,legacy_199_train_and_99_eval_v1,2,10.0,105,27.28673799500146,False
gemini001_refresh,original,full_vector_length,legacy_199_train_and_99_eval_v1,2,100.0,105,29.92498543960648,False
gemini001_refresh,original,full_vector_length,legacy_199_train_and_99_eval_v1,2,1000.0,105,30.27099348956369,False
gemini001_refresh,original,full_vector_length,legacy_199_train_and_99_eval_v1,2,10000.0,105,30.306851962911495,False
gemini001_refresh,original,full_vector_length,legacy_199_train_and_99_eval_v1,3,0.0001,120,34.324776652190735,False
gemini001_refresh,original,full_vector_length,legacy_199_train_and_99_eval_v1,3,0.001,120,34.03561076531365,False
gemini001_refresh,original,full_vector_length,legacy_199_train_and_99_eval_v1,3,0.01,120,31.64167286184129,False
gemini001_refresh,original,full_vector_length,legacy_199_train_and_99_eval_v1,3,0.1,120,23.519153009535426,False
gemini001_refresh,original,full_vector_length,legacy_199_train_and_99_eval_v1,3,1.0,120,19.054767180892206,True
gemini001_refresh,original,full_vector_length,legacy_199_train_and_99_eval_v1,3,10.0,120,24.308944362437934,False
gemini001_refresh,original,full_vector_length,legacy_199_train_and_99_eval_v1,3,100.0,120,28.02044116781575,False
gemini001_refresh,original,full_vector_length,legacy_199_train_and_99_eval_v1,3,1000.0,120,28.57895939260934,False
gemini001_refresh,original,full_vector_length,legacy_199_train_and_99_eval_v1,3,10000.0,120,28.636815482145614,False
gemini001_refresh,original,full_vector_length,legacy_199_train_and_99_eval_v1,4,0.0001,135,34.62253818429867,False
gemini001_refresh,original,full_vector_length,legacy_199_train_and_99_eval_v1,4,0.001,135,34.39546288663781,False
gemini001_refresh,original,full_vector_length,legacy_199_train_and_99_eval_v1,4,0.01,135,32.50536909102017,False
gemini001_refresh,original,full_vector_length,legacy_199_train_and_99_eval_v1,4,0.1,135,25.803982140578107,False
gemini001_refresh,original,full_vector_length,legacy_199_train_and_99_eval_v1,4,1.0,135,22.295913508523824,True
gemini001_refresh,original,full_vector_length,legacy_199_train_and_99_eval_v1,4,10.0,135,28.413597211226293,False
gemini001_refresh,original,full_vector_length,legacy_199_train_and_99_eval_v1,4,100.0,135,33.424833817118646,False
gemini001_refresh,original,full_vector_length,legacy_199_train_and_99_eval_v1,4,1000.0,135,34.280274482556926,False
gemini001_refresh,original,full_vector_length,legacy_199_train_and_99_eval_v1,4,10000.0,135,34.370676378859635,False
gemini001_refresh,numbers_masked,full_vector_length,legacy_199_train_and_99_eval_v1,0,0.0001,75,54.9521167137785,False
gemini001_refresh,numbers_masked,full_vector_length,legacy_199_train_and_99_eval_v1,0,0.001,75,54.63070126392734,False
gemini001_refresh,numbers_masked,full_vector_length,legacy_199_train_and_99_eval_v1,0,0.01,75,51.768857505559765,False
gemini001_refresh,numbers_masked,full_vector_length,legacy_199_train_and_99_eval_v1,0,0.1,75,38.55944958735333,False
gemini001_refresh,numbers_masked,full_vector_length,legacy_199_train_and_99_eval_v1,0,1.0,75,30.34646732995441,True
gemini001_refresh,numbers_masked,full_vector_length,legacy_199_train_and_99_eval_v1,0,10.0,75,38.50998453984595,False
gemini001_refresh,numbers_masked,full_vector_length,legacy_199_train_and_99_eval_v1,0,100.0,75,41.89068568185892,False
gemini001_refresh,numbers_masked,full_vector_length,legacy_199_train_and_99_eval_v1,0,1000.0,75,42.13428226359207,False
gemini001_refresh,numbers_masked,full_vector_length,legacy_199_train_and_99_eval_v1,0,10000.0,75,42.15156012952982,False
gemini001_refresh,numbers_masked,full_vector_length,legacy_199_train_and_99_eval_v1,1,0.0001,90,43.70513774026786,False
gemini001_refresh,numbers_masked,full_vector_length,legacy_199_train_and_99_eval_v1,1,0.001,90,43.4120097314687,False
gemini001_refresh,numbers_masked,full_vector_length,legacy_199_train_and_99_eval_v1,1,0.01,90,40.83955880278367,False
gemini001_refresh,numbers_masked,full_vector_length,legacy_199_train_and_99_eval_v1,1,0.1,90,29.884367632404484,False
gemini001_refresh,numbers_masked,full_vector_length,legacy_199_train_and_99_eval_v1,1,1.0,90,23.05726207195775,True
gemini001_refresh,numbers_masked,full_vector_length,legacy_199_train_and_99_eval_v1,1,10.0,90,29.401015665065955,False
gemini001_refresh,numbers_masked,full_vector_length,legacy_199_train_and_99_eval_v1,1,100.0,90,32.79539637461522,False
gemini001_refresh,numbers_masked,full_vector_length,legacy_199_train_and_99_eval_v1,1,1000.0,90,33.10212996486062,False
gemini001_refresh,numbers_masked,full_vector_length,legacy_199_train_and_99_eval_v1,1,10000.0,90,33.12781323526857,False
gemini001_refresh,numbers_masked,full_vector_length,legacy_199_train_and_99_eval_v1,2,0.0001,105,40.79382206383095,False
gemini001_refresh,numbers_masked,full_vector_length,legacy_199_train_and_99_eval_v1,2,0.001,105,40.519896247036115,False
gemini001_refresh,numbers_masked,full_vector_length,legacy_199_train_and_99_eval_v1,2,0.01,105,38.16376621786203,False
gemini001_refresh,numbers_masked,full_vector_length,legacy_199_train_and_99_eval_v1,2,0.1,105,28.8534384766759,False
gemini001_refresh,numbers_masked,full_vector_length,legacy_199_train_and_99_eval_v1,2,1.0,105,22.765130356467047,True
gemini001_refresh,numbers_masked,full_vector_length,legacy_199_train_and_99_eval_v1,2,10.0,105,27.261470422689953,False
gemini001_refresh,numbers_masked,full_vector_length,legacy_199_train_and_99_eval_v1,2,100.0,105,29.920976667924908,False
gemini001_refresh,numbers_masked,full_vector_length,legacy_199_train_and_99_eval_v1,2,1000.0,105,30.270560489579445,False
gemini001_refresh,numbers_masked,full_vector_length,legacy_199_train_and_99_eval_v1,2,10000.0,105,30.306808300769593,False
gemini001_refresh,numbers_masked,full_vector_length,legacy_199_train_and_99_eval_v1,3,0.0001,120,34.8570283342481,False
gemini001_refresh,numbers_masked,full_vector_length,legacy_199_train_and_99_eval_v1,3,0.001,120,34.56214304188243,False
gemini001_refresh,numbers_masked,full_vector_length,legacy_199_train_and_99_eval_v1,3,0.01,120,32.12197934827882,False
gemini001_refresh,numbers_masked,full_vector_length,legacy_199_train_and_99_eval_v1,3,0.1,120,23.80730319746782,False
gemini001_refresh,numbers_masked,full_vector_length,legacy_199_train_and_99_eval_v1,3,1.0,120,19.08888506088522,True
gemini001_refresh,numbers_masked,full_vector_length,legacy_199_train_and_99_eval_v1,3,10.0,120,24.293935527379173,False
gemini001_refresh,numbers_masked,full_vector_length,legacy_199_train_and_99_eval_v1,3,100.0,120,28.01681993455345,False
gemini001_refresh,numbers_masked,full_vector_length,legacy_199_train_and_99_eval_v1,3,1000.0,120,28.578550849874592,False
gemini001_refresh,numbers_masked,full_vector_length,legacy_199_train_and_99_eval_v1,3,10000.0,120,28.63677411957692,False
gemini001_refresh,numbers_masked,full_vector_length,legacy_199_train_and_99_eval_v1,4,0.0001,135,34.6479646202398,False
gemini001_refresh,numbers_masked,full_vector_length,legacy_199_train_and_99_eval_v1,4,0.001,135,34.42789023493797,False
gemini001_refresh,numbers_masked,full_vector_length,legacy_199_train_and_99_eval_v1,4,0.01,135,32.59036003254275,False
gemini001_refresh,numbers_masked,full_vector_length,legacy_199_train_and_99_eval_v1,4,0.1,135,25.960186243336516,False
gemini001_refresh,numbers_masked,full_vector_length,legacy_199_train_and_99_eval_v1,4,1.0,135,22.29908994211414,True
gemini001_refresh,numbers_masked,full_vector_length,legacy_199_train_and_99_eval_v1,4,10.0,135,28.372613053398858,False
gemini001_refresh,numbers_masked,full_vector_length,legacy_199_train_and_99_eval_v1,4,100.0,135,33.41542146635703,False
gemini001_refresh,numbers_masked,full_vector_length,legacy_199_train_and_99_eval_v1,4,1000.0,135,34.27921832164034,False
gemini001_refresh,numbers_masked,full_vector_length,legacy_199_train_and_99_eval_v1,4,10000.0,135,34.37056950173393,False
voyage_isolated,original,full_vector_length,legacy_199_train_and_99_eval_v1,0,0.0001,75,37.09802996070913,False
voyage_isolated,original,full_vector_length,legacy_199_train_and_99_eval_v1,0,0.001,75,36.969298144632525,False
voyage_isolated,original,full_vector_length,legacy_199_train_and_99_eval_v1,0,0.01,75,35.85024168193375,False
voyage_isolated,original,full_vector_length,legacy_199_train_and_99_eval_v1,0,0.1,75,31.39561184472487,True
voyage_isolated,original,full_vector_length,legacy_199_train_and_99_eval_v1,0,1.0,75,33.50434104067755,False
voyage_isolated,original,full_vector_length,legacy_199_train_and_99_eval_v1,0,10.0,75,41.17221147550805,False
voyage_isolated,original,full_vector_length,legacy_199_train_and_99_eval_v1,0,100.0,75,42.282001229886276,False
voyage_isolated,original,full_vector_length,legacy_199_train_and_99_eval_v1,0,1000.0,75,42.17492054302878,False
voyage_isolated,original,full_vector_length,legacy_199_train_and_99_eval_v1,0,10000.0,75,42.15563888567507,False
voyage_isolated,original,full_vector_length,legacy_199_train_and_99_eval_v1,1,0.0001,90,31.41497299081876,False
voyage_isolated,original,full_vector_length,legacy_199_train_and_99_eval_v1,1,0.001,90,31.27029989952603,False
voyage_isolated,original,full_vector_length,legacy_199_train_and_99_eval_v1,1,0.01,90,30.01591145469122,False
voyage_isolated,original,full_vector_length,legacy_199_train_and_99_eval_v1,1,0.1,90,24.96379595282352,False
voyage_isolated,original,full_vector_length,legacy_199_train_and_99_eval_v1,1,1.0,90,24.228135413417753,True
voyage_isolated,original,full_vector_length,legacy_199_train_and_99_eval_v1,1,10.0,90,31.21410014128683,False
voyage_isolated,original,full_vector_length,legacy_199_train_and_99_eval_v1,1,100.0,90,33.093502400713284,False
voyage_isolated,original,full_vector_length,legacy_199_train_and_99_eval_v1,1,1000.0,90,33.133452805814784,False
voyage_isolated,original,full_vector_length,legacy_199_train_and_99_eval_v1,1,10000.0,90,33.13096061294417,False
voyage_isolated,original,full_vector_length,legacy_199_train_and_99_eval_v1,2,0.0001,105,38.23772457374367,False
voyage_isolated,original,full_vector_length,legacy_199_train_and_99_eval_v1,2,0.001,105,38.000865645859456,False
voyage_isolated,original,full_vector_length,legacy_199_train_and_99_eval_v1,2,0.01,105,35.96563307356865,False
voyage_isolated,original,full_vector_length,legacy_199_train_and_99_eval_v1,2,0.1,105,27.940445577215183,False
voyage_isolated,original,full_vector_length,legacy_199_train_and_99_eval_v1,2,1.0,105,24.744299727437937,True
voyage_isolated,original,full_vector_length,legacy_199_train_and_99_eval_v1,2,10.0,105,29.181768655647588,False
voyage_isolated,original,full_vector_length,legacy_199_train_and_99_eval_v1,2,100.0,105,30.256617583798665,False
voyage_isolated,original,full_vector_length,legacy_199_train_and_99_eval_v1,2,1000.0,105,30.306705019800294,False
voyage_isolated,original,full_vector_length,legacy_199_train_and_99_eval_v1,2,10000.0,105,30.310450860879484,False
voyage_isolated,original,full_vector_length,legacy_199_train_and_99_eval_v1,3,0.0001,120,28.88172270083218,False
voyage_isolated,original,full_vector_length,legacy_199_train_and_99_eval_v1,3,0.001,120,28.72205310652375,False
voyage_isolated,original,full_vector_length,legacy_199_train_and_99_eval_v1,3,0.01,120,27.371857280305,False
voyage_isolated,original,full_vector_length,legacy_199_train_and_99_eval_v1,3,0.1,120,22.146213692221288,False
voyage_isolated,original,full_vector_length,legacy_199_train_and_99_eval_v1,3,1.0,120,20.094618174933643,True
voyage_isolated,original,full_vector_length,legacy_199_train_and_99_eval_v1,3,10.0,120,25.98940464135301,False
voyage_isolated,original,full_vector_length,legacy_199_train_and_99_eval_v1,3,100.0,120,28.351485929447602,False
voyage_isolated,original,full_vector_length,legacy_199_train_and_99_eval_v1,3,1000.0,120,28.615115809476492,False
voyage_isolated,original,full_vector_length,legacy_199_train_and_99_eval_v1,3,10000.0,120,28.640464247721123,False
voyage_isolated,original,full_vector_length,legacy_199_train_and_99_eval_v1,4,0.0001,135,32.273661875124496,False
voyage_isolated,original,full_vector_length,legacy_199_train_and_99_eval_v1,4,0.001,135,32.089775120290575,False
voyage_isolated,original,full_vector_length,legacy_199_train_and_99_eval_v1,4,0.01,135,30.58068796140077,False
voyage_isolated,original,full_vector_length,legacy_199_train_and_99_eval_v1,4,0.1,135,25.473465924058736,False
voyage_isolated,original,full_vector_length,legacy_199_train_and_99_eval_v1,4,1.0,135,23.8366926656264,True
voyage_isolated,original,full_vector_length,legacy_199_train_and_99_eval_v1,4,10.0,135,30.258313876909313,False
voyage_isolated,original,full_vector_length,legacy_199_train_and_99_eval_v1,4,100.0,135,33.830883236187205,False
voyage_isolated,original,full_vector_length,legacy_199_train_and_99_eval_v1,4,1000.0,135,34.325510195583796,False
voyage_isolated,original,full_vector_length,legacy_199_train_and_99_eval_v1,4,10000.0,135,34.37525104557485,False
voyage_isolated,numbers_masked,full_vector_length,legacy_199_train_and_99_eval_v1,0,0.0001,75,37.31007418300407,False
voyage_isolated,numbers_masked,full_vector_length,legacy_199_train_and_99_eval_v1,0,0.001,75,37.19269075959252,False
voyage_isolated,numbers_masked,full_vector_length,legacy_199_train_and_99_eval_v1,0,0.01,75,36.16198293004347,False
voyage_isolated,numbers_masked,full_vector_length,legacy_199_train_and_99_eval_v1,0,0.1,75,31.791344626029847,True
voyage_isolated,numbers_masked,full_vector_length,legacy_199_train_and_99_eval_v1,0,1.0,75,33.46032807030921,False
voyage_isolated,numbers_masked,full_vector_length,legacy_199_train_and_99_eval_v1,0,10.0,75,41.12042981186918,False
voyage_isolated,numbers_masked,full_vector_length,legacy_199_train_and_99_eval_v1,0,100.0,75,42.27478326279199,False
voyage_isolated,numbers_masked,full_vector_length,legacy_199_train_and_99_eval_v1,0,1000.0,75,42.17416478495657,False
voyage_isolated,numbers_masked,full_vector_length,legacy_199_train_and_99_eval_v1,0,10000.0,75,42.15556291226575,False
voyage_isolated,numbers_masked,full_vector_length,legacy_199_train_and_99_eval_v1,1,0.0001,90,31.971300012182613,False
voyage_isolated,numbers_masked,full_vector_length,legacy_199_train_and_99_eval_v1,1,0.001,90,31.802135534953404,False
voyage_isolated,numbers_masked,full_vector_length,legacy_199_train_and_99_eval_v1,1,0.01,90,30.354541686389705,False
voyage_isolated,numbers_masked,full_vector_length,legacy_199_train_and_99_eval_v1,1,0.1,90,24.86618998451879,False
voyage_isolated,numbers_masked,full_vector_length,legacy_199_train_and_99_eval_v1,1,1.0,90,24.152079923121896,True
voyage_isolated,numbers_masked,full_vector_length,legacy_199_train_and_99_eval_v1,1,10.0,90,31.182652107264882,False
voyage_isolated,numbers_masked,full_vector_length,legacy_199_train_and_99_eval_v1,1,100.0,90,33.08912753088812,False
voyage_isolated,numbers_masked,full_vector_length,legacy_199_train_and_99_eval_v1,1,1000.0,90,33.13300112266121,False
voyage_isolated,numbers_masked,full_vector_length,legacy_199_train_and_99_eval_v1,1,10000.0,90,33.13091533064151,False
voyage_isolated,numbers_masked,full_vector_length,legacy_199_train_and_99_eval_v1,2,0.0001,105,42.04665722291551,False
voyage_isolated,numbers_masked,full_vector_length,legacy_199_train_and_99_eval_v1,2,0.001,105,41.74813852308318,False
voyage_isolated,numbers_masked,full_vector_length,legacy_199_train_and_99_eval_v1,2,0.01,105,39.18499430763867,False
voyage_isolated,numbers_masked,full_vector_length,legacy_199_train_and_99_eval_v1,2,0.1,105,29.20658955878741,False
voyage_isolated,numbers_masked,full_vector_length,legacy_199_train_and_99_eval_v1,2,1.0,105,24.843614235523805,True
voyage_isolated,numbers_masked,full_vector_length,legacy_199_train_and_99_eval_v1,2,10.0,105,29.164029107998843,False
voyage_isolated,numbers_masked,full_vector_length,legacy_199_train_and_99_eval_v1,2,100.0,105,30.253347093542885,False
voyage_isolated,numbers_masked,full_vector_length,legacy_199_train_and_99_eval_v1,2,1000.0,105,30.306343098632617,False
voyage_isolated,numbers_masked,full_vector_length,legacy_199_train_and_99_eval_v1,2,10000.0,105,30.310414247647138,False
voyage_isolated,numbers_masked,full_vector_length,legacy_199_train_and_99_eval_v1,3,0.0001,120,29.292533231027104,False
voyage_isolated,numbers_masked,full_vector_length,legacy_199_train_and_99_eval_v1,3,0.001,120,29.1193484146379,False
voyage_isolated,numbers_masked,full_vector_length,legacy_199_train_and_99_eval_v1,3,0.01,120,27.671039450954027,False
voyage_isolated,numbers_masked,full_vector_length,legacy_199_train_and_99_eval_v1,3,0.1,120,22.272838855640043,False
voyage_isolated,numbers_masked,full_vector_length,legacy_199_train_and_99_eval_v1,3,1.0,120,20.113262699276408,True
voyage_isolated,numbers_masked,full_vector_length,legacy_199_train_and_99_eval_v1,3,10.0,120,25.978240551514894,False
voyage_isolated,numbers_masked,full_vector_length,legacy_199_train_and_99_eval_v1,3,100.0,120,28.348196893406133,False
voyage_isolated,numbers_masked,full_vector_length,legacy_199_train_and_99_eval_v1,3,1000.0,120,28.614719721034703,False
voyage_isolated,numbers_masked,full_vector_length,legacy_199_train_and_99_eval_v1,3,10000.0,120,28.64042378902064,False
voyage_isolated,numbers_masked,full_vector_length,legacy_199_train_and_99_eval_v1,4,0.0001,135,32.9290396740645,False
voyage_isolated,numbers_masked,full_vector_length,legacy_199_train_and_99_eval_v1,4,0.001,135,32.73090537771019,False
voyage_isolated,numbers_masked,full_vector_length,legacy_199_train_and_99_eval_v1,4,0.01,135,31.118139118471408,False
voyage_isolated,numbers_masked,full_vector_length,legacy_199_train_and_99_eval_v1,4,0.1,135,25.815098502460376,False
voyage_isolated,numbers_masked,full_vector_length,legacy_199_train_and_99_eval_v1,4,1.0,135,23.917012464255276,True
voyage_isolated,numbers_masked,full_vector_length,legacy_199_train_and_99_eval_v1,4,10.0,135,30.236062058118126,False
voyage_isolated,numbers_masked,full_vector_length,legacy_199_train_and_99_eval_v1,4,100.0,135,33.82547341846132,False
voyage_isolated,numbers_masked,full_vector_length,legacy_199_train_and_99_eval_v1,4,1000.0,135,34.32489250909165,False
voyage_isolated,numbers_masked,full_vector_length,legacy_199_train_and_99_eval_v1,4,10000.0,135,34.375188358724614,False
voyage_context,original,full_vector_length,legacy_199_train_and_99_eval_v1,0,0.0001,75,34.64763950093794,False
voyage_context,original,full_vector_length,legacy_199_train_and_99_eval_v1,0,0.001,75,34.62968909508453,False
voyage_context,original,full_vector_length,legacy_199_train_and_99_eval_v1,0,0.01,75,34.47369337288763,False
voyage_context,original,full_vector_length,legacy_199_train_and_99_eval_v1,0,0.1,75,33.98972948676173,True
voyage_context,original,full_vector_length,legacy_199_train_and_99_eval_v1,0,1.0,75,37.18486210575789,False
voyage_context,original,full_vector_length,legacy_199_train_and_99_eval_v1,0,10.0,75,42.21498342110293,False
voyage_context,original,full_vector_length,legacy_199_train_and_99_eval_v1,0,100.0,75,42.434265034743866,False
voyage_context,original,full_vector_length,legacy_199_train_and_99_eval_v1,0,1000.0,75,42.190927036063925,False
voyage_context,original,full_vector_length,legacy_199_train_and_99_eval_v1,0,10000.0,75,42.15724697560788,False
voyage_context,original,full_vector_length,legacy_199_train_and_99_eval_v1,1,0.0001,90,27.3532787020167,False
voyage_context,original,full_vector_length,legacy_199_train_and_99_eval_v1,1,0.001,90,27.31643810126004,False
voyage_context,original,full_vector_length,legacy_199_train_and_99_eval_v1,1,0.01,90,26.990745092788085,False
voyage_context,original,full_vector_length,legacy_199_train_and_99_eval_v1,1,0.1,90,25.60845623850666,True
voyage_context,original,full_vector_length,legacy_199_train_and_99_eval_v1,1,1.0,90,26.874180710332066,False
voyage_context,original,full_vector_length,legacy_199_train_and_99_eval_v1,1,10.0,90,32.3617659491004,False
voyage_context,original,full_vector_length,legacy_199_train_and_99_eval_v1,1,100.0,90,33.26915349523137,False
voyage_context,original,full_vector_length,legacy_199_train_and_99_eval_v1,1,1000.0,90,33.151993107304676,False
voyage_context,original,full_vector_length,legacy_199_train_and_99_eval_v1,1,10000.0,90,33.13282389844129,False
voyage_context,original,full_vector_length,legacy_199_train_and_99_eval_v1,2,0.0001,105,29.652244993104116,False
voyage_context,original,full_vector_length,legacy_199_train_and_99_eval_v1,2,0.001,105,29.62168803062915,False
voyage_context,original,full_vector_length,legacy_199_train_and_99_eval_v1,2,0.01,105,29.347052510115923,False
voyage_context,original,full_vector_length,legacy_199_train_and_99_eval_v1,2,0.1,105,27.996308390191484,False
voyage_context,original,full_vector_length,legacy_199_train_and_99_eval_v1,2,1.0,105,27.80661923711982,True
voyage_context,original,full_vector_length,legacy_199_train_and_99_eval_v1,2,10.0,105,30.410242533524556,False
voyage_context,original,full_vector_length,legacy_199_train_and_99_eval_v1,2,100.0,105,30.445453149509987,False
voyage_context,original,full_vector_length,legacy_199_train_and_99_eval_v1,2,1000.0,105,30.326642927656867,False
voyage_context,original,full_vector_length,legacy_199_train_and_99_eval_v1,2,10000.0,105,30.312455617914324,False
voyage_context,original,full_vector_length,legacy_199_train_and_99_eval_v1,3,0.0001,120,29.92625097219403,False
voyage_context,original,full_vector_length,legacy_199_train_and_99_eval_v1,3,0.001,120,29.845823327594488,False
voyage_context,original,full_vector_length,legacy_199_train_and_99_eval_v1,3,0.01,120,29.11314260451229,False
voyage_context,original,full_vector_length,legacy_199_train_and_99_eval_v1,3,0.1,120,25.318550907389213,False
voyage_context,original,full_vector_length,legacy_199_train_and_99_eval_v1,3,1.0,120,22.941414472084965,True
voyage_context,original,full_vector_length,legacy_199_train_and_99_eval_v1,3,10.0,120,27.320520569611144,False
voyage_context,original,full_vector_length,legacy_199_train_and_99_eval_v1,3,100.0,120,28.579004947137957,False
voyage_context,original,full_vector_length,legacy_199_train_and_99_eval_v1,3,1000.0,120,28.639434625404967,False
voyage_context,original,full_vector_length,legacy_199_train_and_99_eval_v1,3,10000.0,120,28.642911640021815,False
voyage_context,original,full_vector_length,legacy_199_train_and_99_eval_v1,4,0.0001,135,29.352000019116606,False
voyage_context,original,full_vector_length,legacy_199_train_and_99_eval_v1,4,0.001,135,29.280707493719046,False
voyage_context,original,full_vector_length,legacy_199_train_and_99_eval_v1,4,0.01,135,28.654113761070196,False
voyage_context,original,full_vector_length,legacy_199_train_and_99_eval_v1,4,0.1,135,26.037620216832963,True
voyage_context,original,full_vector_length,legacy_199_train_and_99_eval_v1,4,1.0,135,26.190489949057856,False
voyage_context,original,full_vector_length,legacy_199_train_and_99_eval_v1,4,10.0,135,31.971738223219884,False
voyage_context,original,full_vector_length,legacy_199_train_and_99_eval_v1,4,100.0,135,34.145783978547435,False
voyage_context,original,full_vector_length,legacy_199_train_and_99_eval_v1,4,1000.0,135,34.35943986480194,False
voyage_context,original,full_vector_length,legacy_199_train_and_99_eval_v1,4,10000.0,135,34.378668021959854,False
voyage_context,numbers_masked,full_vector_length,legacy_199_train_and_99_eval_v1,0,0.0001,75,39.88884276476326,False
voyage_context,numbers_masked,full_vector_length,legacy_199_train_and_99_eval_v1,0,0.001,75,39.83731790240276,False
voyage_context,numbers_masked,full_vector_length,legacy_199_train_and_99_eval_v1,0,0.01,75,39.368846820202926,False
voyage_context,numbers_masked,full_vector_length,legacy_199_train_and_99_eval_v1,0,0.1,75,37.111142668354155,True
voyage_context,numbers_masked,full_vector_length,legacy_199_train_and_99_eval_v1,0,1.0,75,37.90928829740497,False
voyage_context,numbers_masked,full_vector_length,legacy_199_train_and_99_eval_v1,0,10.0,75,42.25075197212371,False
voyage_context,numbers_masked,full_vector_length,legacy_199_train_and_99_eval_v1,0,100.0,75,42.435161922691115,False
voyage_context,numbers_masked,full_vector_length,legacy_199_train_and_99_eval_v1,0,1000.0,75,42.190957365340495,False
voyage_context,numbers_masked,full_vector_length,legacy_199_train_and_99_eval_v1,0,10000.0,75,42.157249253018584,False
voyage_context,numbers_masked,full_vector_length,legacy_199_train_and_99_eval_v1,1,0.0001,90,29.535259393834853,False
voyage_context,numbers_masked,full_vector_length,legacy_199_train_and_99_eval_v1,1,0.001,90,29.484992282654538,False
voyage_context,numbers_masked,full_vector_length,legacy_199_train_and_99_eval_v1,1,0.01,90,29.027140217779074,False
voyage_context,numbers_masked,full_vector_length,legacy_199_train_and_99_eval_v1,1,0.1,90,26.774733230978214,True
voyage_context,numbers_masked,full_vector_length,legacy_199_train_and_99_eval_v1,1,1.0,90,27.055373622210933,False
voyage_context,numbers_masked,full_vector_length,legacy_199_train_and_99_eval_v1,1,10.0,90,32.37536629089802,False
voyage_context,numbers_masked,full_vector_length,legacy_199_train_and_99_eval_v1,1,100.0,90,33.27176730811919,False
voyage_context,numbers_masked,full_vector_length,legacy_199_train_and_99_eval_v1,1,1000.0,90,33.15229716192451,False
voyage_context,numbers_masked,full_vector_length,legacy_199_train_and_99_eval_v1,1,10000.0,90,33.132854813659804,False
voyage_context,numbers_masked,full_vector_length,legacy_199_train_and_99_eval_v1,2,0.0001,105,37.57134640677162,False
voyage_context,numbers_masked,full_vector_length,legacy_199_train_and_99_eval_v1,2,0.001,105,37.485215996261424,False
voyage_context,numbers_masked,full_vector_length,legacy_199_train_and_99_eval_v1,2,0.01,105,36.69097326884153,False
voyage_context,numbers_masked,full_vector_length,legacy_199_train_and_99_eval_v1,2,0.1,105,32.369028147189894,False
voyage_context,numbers_masked,full_vector_length,legacy_199_train_and_99_eval_v1,2,1.0,105,28.60794030648135,True
voyage_context,numbers_masked,full_vector_length,legacy_199_train_and_99_eval_v1,2,10.0,105,30.48605428876898,False
voyage_context,numbers_masked,full_vector_length,legacy_199_train_and_99_eval_v1,2,100.0,105,30.453290407365962,False
voyage_context,numbers_masked,full_vector_length,legacy_199_train_and_99_eval_v1,2,1000.0,105,30.327417840771865,False
voyage_context,numbers_masked,full_vector_length,legacy_199_train_and_99_eval_v1,2,10000.0,105,30.312532948240438,False
voyage_context,numbers_masked,full_vector_length,legacy_199_train_and_99_eval_v1,3,0.0001,120,31.28815161287106,False
voyage_context,numbers_masked,full_vector_length,legacy_199_train_and_99_eval_v1,3,0.001,120,31.207881583807776,False
voyage_context,numbers_masked,full_vector_length,legacy_199_train_and_99_eval_v1,3,0.01,120,30.46851165199304,False
voyage_context,numbers_masked,full_vector_length,legacy_199_train_and_99_eval_v1,3,0.1,120,26.44092166815982,False
voyage_context,numbers_masked,full_vector_length,legacy_199_train_and_99_eval_v1,3,1.0,120,23.287692648137725,True
voyage_context,numbers_masked,full_vector_length,legacy_199_train_and_99_eval_v1,3,10.0,120,27.355957651980663,False
voyage_context,numbers_masked,full_vector_length,legacy_199_train_and_99_eval_v1,3,100.0,120,28.581686999009808,False
voyage_context,numbers_masked,full_vector_length,legacy_199_train_and_99_eval_v1,3,1000.0,120,28.639651735225684,False
voyage_context,numbers_masked,full_vector_length,legacy_199_train_and_99_eval_v1,3,10000.0,120,28.642932589522825,False
voyage_context,numbers_masked,full_vector_length,legacy_199_train_and_99_eval_v1,4,0.0001,135,31.243793522869087,False
voyage_context,numbers_masked,full_vector_length,legacy_199_train_and_99_eval_v1,4,0.001,135,31.164753038865307,False
voyage_context,numbers_masked,full_vector_length,legacy_199_train_and_99_eval_v1,4,0.01,135,30.466970635909792,False
voyage_context,numbers_masked,full_vector_length,legacy_199_train_and_99_eval_v1,4,0.1,135,27.44100109985779,False
voyage_context,numbers_masked,full_vector_length,legacy_199_train_and_99_eval_v1,4,1.0,135,26.599661212933185,True
voyage_context,numbers_masked,full_vector_length,legacy_199_train_and_99_eval_v1,4,10.0,135,32.001470062865714,False
voyage_context,numbers_masked,full_vector_length,legacy_199_train_and_99_eval_v1,4,100.0,135,34.148554119103544,False
voyage_context,numbers_masked,full_vector_length,legacy_199_train_and_99_eval_v1,4,1000.0,135,34.35969590742445,False
voyage_context,numbers_masked,full_vector_length,legacy_199_train_and_99_eval_v1,4,10000.0,135,34.378693236052904,False
gemini2,original,full_vector_length,legacy_199_train_and_99_eval_v1,0,0.0001,75,44.34847293852013,False
gemini2,original,full_vector_length,legacy_199_train_and_99_eval_v1,0,0.001,75,44.09813611477127,False
gemini2,original,full_vector_length,legacy_199_train_and_99_eval_v1,0,0.01,75,41.943995019097514,False
gemini2,original,full_vector_length,legacy_199_train_and_99_eval_v1,0,0.1,75,33.46364998367254,False
gemini2,original,full_vector_length,legacy_199_train_and_99_eval_v1,0,1.0,75,32.10880123590307,True
gemini2,original,full_vector_length,legacy_199_train_and_99_eval_v1,0,10.0,75,40.28850289413647,False
gemini2,original,full_vector_length,legacy_199_train_and_99_eval_v1,0,100.0,75,42.164081657771206,False
gemini2,original,full_vector_length,legacy_199_train_and_99_eval_v1,0,1000.0,75,42.162945733336336,False
gemini2,original,full_vector_length,legacy_199_train_and_99_eval_v1,0,10000.0,75,42.15444021133935,False
gemini2,original,full_vector_length,legacy_199_train_and_99_eval_v1,1,0.0001,90,38.29755415695912,False
gemini2,original,full_vector_length,legacy_199_train_and_99_eval_v1,1,0.001,90,38.050846798289875,False
gemini2,original,full_vector_length,legacy_199_train_and_99_eval_v1,1,0.01,90,35.932613532388544,False
gemini2,original,full_vector_length,legacy_199_train_and_99_eval_v1,1,0.1,90,27.76917558523836,False
gemini2,original,full_vector_length,legacy_199_train_and_99_eval_v1,1,1.0,90,24.202411801561453,True
gemini2,original,full_vector_length,legacy_199_train_and_99_eval_v1,1,10.0,90,30.556251675807776,False
gemini2,original,full_vector_length,legacy_199_train_and_99_eval_v1,1,100.0,90,32.98819303622398,False
gemini2,original,full_vector_length,legacy_199_train_and_99_eval_v1,1,1000.0,90,33.12256000304933,False
gemini2,original,full_vector_length,legacy_199_train_and_99_eval_v1,1,10000.0,90,33.129868253521494,False
gemini2,original,full_vector_length,legacy_199_train_and_99_eval_v1,2,0.0001,105,37.05628251292554,False
gemini2,original,full_vector_length,legacy_199_train_and_99_eval_v1,2,0.001,105,36.80930545738951,False
gemini2,original,full_vector_length,legacy_199_train_and_99_eval_v1,2,0.01,105,34.75975835317043,False
gemini2,original,full_vector_length,legacy_199_train_and_99_eval_v1,2,0.1,105,27.799216821009374,False
gemini2,original,full_vector_length,legacy_199_train_and_99_eval_v1,2,1.0,105,24.684952094760654,True
gemini2,original,full_vector_length,legacy_199_train_and_99_eval_v1,2,10.0,105,28.600269459121805,False
gemini2,original,full_vector_length,legacy_199_train_and_99_eval_v1,2,100.0,105,30.15022830964675,False
gemini2,original,full_vector_length,legacy_199_train_and_99_eval_v1,2,1000.0,105,30.295225167894507,False
gemini2,original,full_vector_length,legacy_199_train_and_99_eval_v1,2,10000.0,105,30.3092937460521,False
gemini2,original,full_vector_length,legacy_199_train_and_99_eval_v1,3,0.0001,120,33.937179469900386,False
gemini2,original,full_vector_length,legacy_199_train_and_99_eval_v1,3,0.001,120,33.70668573829017,False
gemini2,original,full_vector_length,legacy_199_train_and_99_eval_v1,3,0.01,120,31.758660100318934,False
gemini2,original,full_vector_length,legacy_199_train_and_99_eval_v1,3,0.1,120,24.336065785303006,False
gemini2,original,full_vector_length,legacy_199_train_and_99_eval_v1,3,1.0,120,20.1295716457173,True
gemini2,original,full_vector_length,legacy_199_train_and_99_eval_v1,3,10.0,120,25.478192843658295,False
gemini2,original,full_vector_length,legacy_199_train_and_99_eval_v1,3,100.0,120,28.253945990176494,False
gemini2,original,full_vector_length,legacy_199_train_and_99_eval_v1,3,1000.0,120,28.60455564540426,False
gemini2,original,full_vector_length,legacy_199_train_and_99_eval_v1,3,10000.0,120,28.63939954717987,False
gemini2,original,full_vector_length,legacy_199_train_and_99_eval_v1,4,0.0001,135,38.952295590377425,False
gemini2,original,full_vector_length,legacy_199_train_and_99_eval_v1,4,0.001,135,38.662975352021085,False
gemini2,original,full_vector_length,legacy_199_train_and_99_eval_v1,4,0.01,135,36.29638937512018,False
gemini2,original,full_vector_length,legacy_199_train_and_99_eval_v1,4,0.1,135,28.266722781895382,False
gemini2,original,full_vector_length,legacy_199_train_and_99_eval_v1,4,1.0,135,23.813207455610616,True
gemini2,original,full_vector_length,legacy_199_train_and_99_eval_v1,4,10.0,135,29.647024561791646,False
gemini2,original,full_vector_length,legacy_199_train_and_99_eval_v1,4,100.0,135,33.699218607940686,False
gemini2,original,full_vector_length,legacy_199_train_and_99_eval_v1,4,1000.0,135,34.310961499220745,False
gemini2,original,full_vector_length,legacy_199_train_and_99_eval_v1,4,10000.0,135,34.3737809694302,False
gemini2,numbers_masked,full_vector_length,legacy_199_train_and_99_eval_v1,0,0.0001,75,46.602920825296465,False
gemini2,numbers_masked,full_vector_length,legacy_199_train_and_99_eval_v1,0,0.001,75,46.313678579889995,False
gemini2,numbers_masked,full_vector_length,legacy_199_train_and_99_eval_v1,0,0.01,75,43.84498484955289,False
gemini2,numbers_masked,full_vector_length,legacy_199_train_and_99_eval_v1,0,0.1,75,34.41054118189056,False
gemini2,numbers_masked,full_vector_length,legacy_199_train_and_99_eval_v1,0,1.0,75,32.33880566234602,True
gemini2,numbers_masked,full_vector_length,legacy_199_train_and_99_eval_v1,0,10.0,75,40.280413281586895,False
gemini2,numbers_masked,full_vector_length,legacy_199_train_and_99_eval_v1,0,100.0,75,42.16101449117334,False
gemini2,numbers_masked,full_vector_length,legacy_199_train_and_99_eval_v1,0,1000.0,75,42.16262760509682,False
gemini2,numbers_masked,full_vector_length,legacy_199_train_and_99_eval_v1,0,10000.0,75,42.15440838663016,False
gemini2,numbers_masked,full_vector_length,legacy_199_train_and_99_eval_v1,1,0.0001,90,38.45467907214268,False
gemini2,numbers_masked,full_vector_length,legacy_199_train_and_99_eval_v1,1,0.001,90,38.19721174123932,False
gemini2,numbers_masked,full_vector_length,legacy_199_train_and_99_eval_v1,1,0.01,90,35.99875957398638,False
gemini2,numbers_masked,full_vector_length,legacy_199_train_and_99_eval_v1,1,0.1,90,27.716078886555028,False
gemini2,numbers_masked,full_vector_length,legacy_199_train_and_99_eval_v1,1,1.0,90,24.197596095403252,True
gemini2,numbers_masked,full_vector_length,legacy_199_train_and_99_eval_v1,1,10.0,90,30.54998009531989,False
gemini2,numbers_masked,full_vector_length,legacy_199_train_and_99_eval_v1,1,100.0,90,32.986604362061605,False
gemini2,numbers_masked,full_vector_length,legacy_199_train_and_99_eval_v1,1,1000.0,90,33.122374709077796,False
gemini2,numbers_masked,full_vector_length,legacy_199_train_and_99_eval_v1,1,10000.0,90,33.12984944663459,False
gemini2,numbers_masked,full_vector_length,legacy_199_train_and_99_eval_v1,2,0.0001,105,37.456871717459,False
gemini2,numbers_masked,full_vector_length,legacy_199_train_and_99_eval_v1,2,0.001,105,37.20457187446648,False
gemini2,numbers_masked,full_vector_length,legacy_199_train_and_99_eval_v1,2,0.01,105,35.099848893351336,False
gemini2,numbers_masked,full_vector_length,legacy_199_train_and_99_eval_v1,2,0.1,105,27.770996212830266,False
gemini2,numbers_masked,full_vector_length,legacy_199_train_and_99_eval_v1,2,1.0,105,24.487176714268454,True
gemini2,numbers_masked,full_vector_length,legacy_199_train_and_99_eval_v1,2,10.0,105,28.51669326084843,False
gemini2,numbers_masked,full_vector_length,legacy_199_train_and_99_eval_v1,2,100.0,105,30.13874262354469,False
gemini2,numbers_masked,full_vector_length,legacy_199_train_and_99_eval_v1,2,1000.0,105,30.29405567967201,False
gemini2,numbers_masked,full_vector_length,legacy_199_train_and_99_eval_v1,2,10000.0,105,30.309176702886916,False
gemini2,numbers_masked,full_vector_length,legacy_199_train_and_99_eval_v1,3,0.0001,120,34.22220538158672,False
gemini2,numbers_masked,full_vector_length,legacy_199_train_and_99_eval_v1,3,0.001,120,33.96451273392642,False
gemini2,numbers_masked,full_vector_length,legacy_199_train_and_99_eval_v1,3,0.01,120,31.820038372088998,False
gemini2,numbers_masked,full_vector_length,legacy_199_train_and_99_eval_v1,3,0.1,120,24.131880370894724,False
gemini2,numbers_masked,full_vector_length,legacy_199_train_and_99_eval_v1,3,1.0,120,20.043416405800464,True
gemini2,numbers_masked,full_vector_length,legacy_199_train_and_99_eval_v1,3,10.0,120,25.415981659545388,False
gemini2,numbers_masked,full_vector_length,legacy_199_train_and_99_eval_v1,3,100.0,120,28.243201061342795,False
gemini2,numbers_masked,full_vector_length,legacy_199_train_and_99_eval_v1,3,1000.0,120,28.603420165091865,False
gemini2,numbers_masked,full_vector_length,legacy_199_train_and_99_eval_v1,3,10000.0,120,28.63928545698218,False
gemini2,numbers_masked,full_vector_length,legacy_199_train_and_99_eval_v1,4,0.0001,135,39.111800745813674,False
gemini2,numbers_masked,full_vector_length,legacy_199_train_and_99_eval_v1,4,0.001,135,38.81417596923185,False
gemini2,numbers_masked,full_vector_length,legacy_199_train_and_99_eval_v1,4,0.01,135,36.383002300419825,False
gemini2,numbers_masked,full_vector_length,legacy_199_train_and_99_eval_v1,4,0.1,135,28.17709146064539,False
gemini2,numbers_masked,full_vector_length,legacy_199_train_and_99_eval_v1,4,1.0,135,23.65476322080068,True
gemini2,numbers_masked,full_vector_length,legacy_199_train_and_99_eval_v1,4,10.0,135,29.541315825633365,False
gemini2,numbers_masked,full_vector_length,legacy_199_train_and_99_eval_v1,4,100.0,135,33.68078481927943,False
gemini2,numbers_masked,full_vector_length,legacy_199_train_and_99_eval_v1,4,1000.0,135,34.30900046726972,False
gemini2,numbers_masked,full_vector_length,legacy_199_train_and_99_eval_v1,4,10000.0,135,34.37358383171832,False
flash,original,five_class_counts_length,legacy_199_train_and_99_eval_v1,0,0.0001,75,18.650804201253084,False
flash,original,five_class_counts_length,legacy_199_train_and_99_eval_v1,0,0.001,75,18.64790741048813,False
flash,original,five_class_counts_length,legacy_199_train_and_99_eval_v1,0,0.01,75,18.619453930796134,False
flash,original,five_class_counts_length,legacy_199_train_and_99_eval_v1,0,0.1,75,18.38152335453877,False
flash,original,five_class_counts_length,legacy_199_train_and_99_eval_v1,0,1.0,75,18.21518465976741,True
flash,original,five_class_counts_length,legacy_199_train_and_99_eval_v1,0,10.0,75,26.876206774845592,False
flash,original,five_class_counts_length,legacy_199_train_and_99_eval_v1,0,100.0,75,39.01095253541784,False
flash,original,five_class_counts_length,legacy_199_train_and_99_eval_v1,0,1000.0,75,41.803080713041005,False
flash,original,five_class_counts_length,legacy_199_train_and_99_eval_v1,0,10000.0,75,42.11794331504232,False
flash,original,five_class_counts_length,legacy_199_train_and_99_eval_v1,1,0.0001,90,15.604763421133251,False
flash,original,five_class_counts_length,legacy_199_train_and_99_eval_v1,1,0.001,90,15.603968613723946,False
flash,original,five_class_counts_length,legacy_199_train_and_99_eval_v1,1,0.01,90,15.596099008030802,False
flash,original,five_class_counts_length,legacy_199_train_and_99_eval_v1,1,0.1,90,15.524914772115158,False
flash,original,five_class_counts_length,legacy_199_train_and_99_eval_v1,1,1.0,90,15.330368454604562,True
flash,original,five_class_counts_length,legacy_199_train_and_99_eval_v1,1,10.0,90,20.38387760044238,False
flash,original,five_class_counts_length,legacy_199_train_and_99_eval_v1,1,100.0,90,30.322296347582324,False
flash,original,five_class_counts_length,legacy_199_train_and_99_eval_v1,1,1000.0,90,32.811852829661504,False
flash,original,five_class_counts_length,legacy_199_train_and_99_eval_v1,1,10000.0,90,33.09828081264424,False
flash,original,five_class_counts_length,legacy_199_train_and_99_eval_v1,2,0.0001,105,16.64254425833392,False
flash,original,five_class_counts_length,legacy_199_train_and_99_eval_v1,2,0.001,105,16.642226290177145,False
flash,original,five_class_counts_length,legacy_199_train_and_99_eval_v1,2,0.01,105,16.639078275320855,False
flash,original,five_class_counts_length,legacy_199_train_and_99_eval_v1,2,0.1,105,16.61058922859044,False
flash,original,five_class_counts_length,legacy_199_train_and_99_eval_v1,2,1.0,105,16.51364083171321,True
flash,original,five_class_counts_length,legacy_199_train_and_99_eval_v1,2,10.0,105,18.517986074564835,False
flash,original,five_class_counts_length,legacy_199_train_and_99_eval_v1,2,100.0,105,26.823206212988943,False
flash,original,five_class_counts_length,legacy_199_train_and_99_eval_v1,2,1000.0,105,29.88803792520138,False
flash,original,five_class_counts_length,legacy_199_train_and_99_eval_v1,2,10000.0,105,30.267672869365178,False
flash,original,five_class_counts_length,legacy_199_train_and_99_eval_v1,3,0.0001,120,15.69672974082842,False
flash,original,five_class_counts_length,legacy_199_train_and_99_eval_v1,3,0.001,120,15.695760348412442,False
flash,original,five_class_counts_length,legacy_199_train_and_99_eval_v1,3,0.01,120,15.686120592751077,False
flash,original,five_class_counts_length,legacy_199_train_and_99_eval_v1,3,0.1,120,15.594935312999295,False
flash,original,five_class_counts_length,legacy_199_train_and_99_eval_v1,3,1.0,120,15.05614923805656,True
flash,original,five_class_counts_length,legacy_199_train_and_99_eval_v1,3,10.0,120,16.630436376880272,False
flash,original,five_class_counts_length,legacy_199_train_and_99_eval_v1,3,100.0,120,24.994092764487423,False
flash,original,five_class_counts_length,legacy_199_train_and_99_eval_v1,3,1000.0,120,28.19437186652558,False
flash,original,five_class_counts_length,legacy_199_train_and_99_eval_v1,3,10000.0,120,28.59733408843878,False
flash,original,five_class_counts_length,legacy_199_train_and_99_eval_v1,4,0.0001,135,17.758771159074573,False
flash,original,five_class_counts_length,legacy_199_train_and_99_eval_v1,4,0.001,135,17.757974264424835,False
flash,original,five_class_counts_length,legacy_199_train_and_99_eval_v1,4,0.01,135,17.750053077774876,False
flash,original,five_class_counts_length,legacy_199_train_and_99_eval_v1,4,0.1,135,17.67545620945927,False
flash,original,five_class_counts_length,legacy_199_train_and_99_eval_v1,4,1.0,135,17.269227005983414,True
flash,original,five_class_counts_length,legacy_199_train_and_99_eval_v1,4,10.0,135,19.6722810735906,False
flash,original,five_class_counts_length,legacy_199_train_and_99_eval_v1,4,100.0,135,29.87075727654444,False
flash,original,five_class_counts_length,legacy_199_train_and_99_eval_v1,4,1000.0,135,33.82179251240595,False
flash,original,five_class_counts_length,legacy_199_train_and_99_eval_v1,4,10000.0,135,34.323522455839395,False
flash,numbers_masked,five_class_counts_length,legacy_199_train_and_99_eval_v1,0,0.0001,75,16.904405656364315,False
flash,numbers_masked,five_class_counts_length,legacy_199_train_and_99_eval_v1,0,0.001,75,16.902748569953676,False
flash,numbers_masked,five_class_counts_length,legacy_199_train_and_99_eval_v1,0,0.01,75,16.88650146098124,False
flash,numbers_masked,five_class_counts_length,legacy_199_train_and_99_eval_v1,0,0.1,75,16.753887814062985,True
flash,numbers_masked,five_class_counts_length,legacy_199_train_and_99_eval_v1,0,1.0,75,16.985149955315322,False
flash,numbers_masked,five_class_counts_length,legacy_199_train_and_99_eval_v1,0,10.0,75,26.355165268575846,False
flash,numbers_masked,five_class_counts_length,legacy_199_train_and_99_eval_v1,0,100.0,75,38.95179111463254,False
flash,numbers_masked,five_class_counts_length,legacy_199_train_and_99_eval_v1,0,1000.0,75,41.79776390199163,False
flash,numbers_masked,five_class_counts_length,legacy_199_train_and_99_eval_v1,0,10000.0,75,42.117420605849816,False
flash,numbers_masked,five_class_counts_length,legacy_199_train_and_99_eval_v1,1,0.0001,90,14.583493131935013,False
flash,numbers_masked,five_class_counts_length,legacy_199_train_and_99_eval_v1,1,0.001,90,14.582846966593053,False
flash,numbers_masked,five_class_counts_length,legacy_199_train_and_99_eval_v1,1,0.01,90,14.576462707589108,False
flash,numbers_masked,five_class_counts_length,legacy_199_train_and_99_eval_v1,1,0.1,90,14.519997760812975,False
flash,numbers_masked,five_class_counts_length,legacy_199_train_and_99_eval_v1,1,1.0,90,14.453128110223314,True
flash,numbers_masked,five_class_counts_length,legacy_199_train_and_99_eval_v1,1,10.0,90,19.955909345486802,False
flash,numbers_masked,five_class_counts_length,legacy_199_train_and_99_eval_v1,1,100.0,90,30.23508694257891,False
flash,numbers_masked,five_class_counts_length,legacy_199_train_and_99_eval_v1,1,1000.0,90,32.802035978993764,False
flash,numbers_masked,five_class_counts_length,legacy_199_train_and_99_eval_v1,1,10000.0,90,33.09728669160347,False
flash,numbers_masked,five_class_counts_length,legacy_199_train_and_99_eval_v1,2,0.0001,105,15.69359973936676,False
flash,numbers_masked,five_class_counts_length,legacy_199_train_and_99_eval_v1,2,0.001,105,15.693401697390238,False
flash,numbers_masked,five_class_counts_length,legacy_199_train_and_99_eval_v1,2,0.01,105,15.691451168722717,False
flash,numbers_masked,five_class_counts_length,legacy_199_train_and_99_eval_v1,2,0.1,105,15.674771752042822,True
flash,numbers_masked,five_class_counts_length,legacy_199_train_and_99_eval_v1,2,1.0,105,15.685523285773447,False
flash,numbers_masked,five_class_counts_length,legacy_199_train_and_99_eval_v1,2,10.0,105,18.18193458662463,False
flash,numbers_masked,five_class_counts_length,legacy_199_train_and_99_eval_v1,2,100.0,105,26.77541582106519,False
flash,numbers_masked,five_class_counts_length,legacy_199_train_and_99_eval_v1,2,1000.0,105,29.88304519164796,False
flash,numbers_masked,five_class_counts_length,legacy_199_train_and_99_eval_v1,2,10000.0,105,30.267171560414187,False
flash,numbers_masked,five_class_counts_length,legacy_199_train_and_99_eval_v1,3,0.0001,120,14.802301761378418,False
flash,numbers_masked,five_class_counts_length,legacy_199_train_and_99_eval_v1,3,0.001,120,14.801602981051985,False
flash,numbers_masked,five_class_counts_length,legacy_199_train_and_99_eval_v1,3,0.01,120,14.794653505198994,False
flash,numbers_masked,five_class_counts_length,legacy_199_train_and_99_eval_v1,3,0.1,120,14.72886369767793,False
flash,numbers_masked,five_class_counts_length,legacy_199_train_and_99_eval_v1,3,1.0,120,14.347327150540774,True
flash,numbers_masked,five_class_counts_length,legacy_199_train_and_99_eval_v1,3,10.0,120,16.26498984351105,False
flash,numbers_masked,five_class_counts_length,legacy_199_train_and_99_eval_v1,3,100.0,120,24.942089782689152,False
flash,numbers_masked,five_class_counts_length,legacy_199_train_and_99_eval_v1,3,1000.0,120,28.18972012833999,False
flash,numbers_masked,five_class_counts_length,legacy_199_train_and_99_eval_v1,3,10000.0,120,28.5968790188657,False
flash,numbers_masked,five_class_counts_length,legacy_199_train_and_99_eval_v1,4,0.0001,135,16.977092901040674,False
flash,numbers_masked,five_class_counts_length,legacy_199_train_and_99_eval_v1,4,0.001,135,16.976553100365326,False
flash,numbers_masked,five_class_counts_length,legacy_199_train_and_99_eval_v1,4,0.01,135,16.971190406429564,False
flash,numbers_masked,five_class_counts_length,legacy_199_train_and_99_eval_v1,4,0.1,135,16.9209774590397,False
flash,numbers_masked,five_class_counts_length,legacy_199_train_and_99_eval_v1,4,1.0,135,16.674118157873117,True
flash,numbers_masked,five_class_counts_length,legacy_199_train_and_99_eval_v1,4,10.0,135,19.407385461304248,False
flash,numbers_masked,five_class_counts_length,legacy_199_train_and_99_eval_v1,4,100.0,135,29.85905731036024,False
flash,numbers_masked,five_class_counts_length,legacy_199_train_and_99_eval_v1,4,1000.0,135,33.822673548387236,False
flash,numbers_masked,five_class_counts_length,legacy_199_train_and_99_eval_v1,4,10000.0,135,34.3236411906703,False
