meeting_date,source_path,word_count,sentence_count,author_method_total_classified,author_method_negative_count,author_method_positive_count,author_method_ambiguous_or_unclassified_phrase_count,staff_negative_count,staff_positive_count,participants_negative_count,participants_positive_count,section_assignment_method
2000-02-02,/mnt/data/FOMC_CVJ_Benchmark_Update_20260919/data/minutes/Minutes/2000/fomcminutes20000202.txt,8529,462,6,1,5,0,0,0,0,0,unavailable_original_manual_assignment
2000-03-21,/mnt/data/FOMC_CVJ_Benchmark_Update_20260919/data/minutes/Minutes/2000/fomcminutes20000321.txt,4525,241,3,0,3,0,0,0,0,0,unavailable_original_manual_assignment
2000-05-16,/mnt/data/FOMC_CVJ_Benchmark_Update_20260919/data/minutes/Minutes/2000/fomcminutes20000516.txt,4149,234,8,3,5,0,0,0,0,0,unavailable_original_manual_assignment
2000-06-28,/mnt/data/FOMC_CVJ_Benchmark_Update_20260919/data/minutes/Minutes/2000/fomcminutes20000628.txt,4482,256,6,1,5,0,0,0,0,0,unavailable_original_manual_assignment
2000-08-22,/mnt/data/FOMC_CVJ_Benchmark_Update_20260919/data/minutes/Minutes/2000/fomcminutes20000822.txt,4284,239,4,0,4,0,0,0,0,0,unavailable_original_manual_assignment
2000-10-03,/mnt/data/FOMC_CVJ_Benchmark_Update_20260919/data/minutes/Minutes/2000/fomcminutes20001003.txt,3840,225,4,3,1,0,0,0,0,0,unavailable_original_manual_assignment
2000-11-15,/mnt/data/FOMC_CVJ_Benchmark_Update_20260919/data/minutes/Minutes/2000/fomcminutes20001115.txt,4470,257,4,1,3,0,0,0,0,0,unavailable_original_manual_assignment
2000-12-19,/mnt/data/FOMC_CVJ_Benchmark_Update_20260919/data/minutes/Minutes/2000/fomcminutes20001219.txt,5222,267,8,7,1,0,0,0,0,0,unavailable_original_manual_assignment
2001-01-31,/mnt/data/FOMC_CVJ_Benchmark_Update_20260919/data/minutes/Minutes/2001/fomcminutes20010131.txt,9150,493,5,4,1,0,0,0,0,0,unavailable_original_manual_assignment
2001-03-20,/mnt/data/FOMC_CVJ_Benchmark_Update_20260919/data/minutes/Minutes/2001/fomcminutes20010320.txt,4902,268,7,7,0,0,0,0,0,0,unavailable_original_manual_assignment
2001-05-15,/mnt/data/FOMC_CVJ_Benchmark_Update_20260919/data/minutes/Minutes/2001/fomcminutes20010515.txt,5066,266,9,7,2,0,0,0,0,0,unavailable_original_manual_assignment
2001-06-27,/mnt/data/FOMC_CVJ_Benchmark_Update_20260919/data/minutes/Minutes/2001/fomcminutes20010627.txt,5056,287,9,9,0,0,0,0,0,0,unavailable_original_manual_assignment
2001-08-21,/mnt/data/FOMC_CVJ_Benchmark_Update_20260919/data/minutes/Minutes/2001/fomcminutes20010821.txt,4884,313,7,7,0,0,0,0,0,0,unavailable_original_manual_assignment
2001-10-02,/mnt/data/FOMC_CVJ_Benchmark_Update_20260919/data/minutes/Minutes/2001/fomcminutes20011002.txt,4463,262,6,6,0,0,0,0,0,0,unavailable_original_manual_assignment
2001-11-06,/mnt/data/FOMC_CVJ_Benchmark_Update_20260919/data/minutes/Minutes/2001/fomcminutes20011106.txt,4326,253,3,2,1,0,0,0,0,0,unavailable_original_manual_assignment
2001-12-11,/mnt/data/FOMC_CVJ_Benchmark_Update_20260919/data/minutes/Minutes/2001/fomcminutes20011211.txt,4637,274,2,1,1,0,0,0,0,0,unavailable_original_manual_assignment
2002-01-30,/mnt/data/FOMC_CVJ_Benchmark_Update_20260919/data/minutes/Minutes/2002/fomcminutes20020130.txt,8028,474,5,4,1,0,0,0,0,0,unavailable_original_manual_assignment
2002-03-19,/mnt/data/FOMC_CVJ_Benchmark_Update_20260919/data/minutes/Minutes/2002/fomcminutes20020319.txt,4669,255,2,1,1,0,0,0,0,0,unavailable_original_manual_assignment
2002-05-07,/mnt/data/FOMC_CVJ_Benchmark_Update_20260919/data/minutes/Minutes/2002/fomcminutes20020507.txt,4000,243,1,1,0,0,0,0,0,0,unavailable_original_manual_assignment
2002-06-26,/mnt/data/FOMC_CVJ_Benchmark_Update_20260919/data/minutes/Minutes/2002/fomcminutes20020626.txt,4347,247,4,4,0,0,0,0,0,0,unavailable_original_manual_assignment
2002-08-13,/mnt/data/FOMC_CVJ_Benchmark_Update_20260919/data/minutes/Minutes/2002/fomcminutes20020813.txt,4094,231,5,5,0,0,0,0,0,0,unavailable_original_manual_assignment
2002-09-24,/mnt/data/FOMC_CVJ_Benchmark_Update_20260919/data/minutes/Minutes/2002/fomcminutes20020924.txt,3857,530,4,3,1,0,0,0,0,0,unavailable_original_manual_assignment
2002-11-06,/mnt/data/FOMC_CVJ_Benchmark_Update_20260919/data/minutes/Minutes/2002/fomcminutes20021106.txt,4604,268,3,2,1,0,0,0,0,0,unavailable_original_manual_assignment
2002-12-10,/mnt/data/FOMC_CVJ_Benchmark_Update_20260919/data/minutes/Minutes/2002/fomcminutes20021210.txt,3326,221,1,1,0,0,0,0,0,0,unavailable_original_manual_assignment
2003-01-29,/mnt/data/FOMC_CVJ_Benchmark_Update_20260919/data/minutes/Minutes/2003/fomcminutes20030129.txt,7585,455,2,2,0,0,0,0,0,0,unavailable_original_manual_assignment
2003-03-18,/mnt/data/FOMC_CVJ_Benchmark_Update_20260919/data/minutes/Minutes/2003/fomcminutes20030318.txt,3715,238,2,1,1,0,0,0,0,0,unavailable_original_manual_assignment
2003-05-06,/mnt/data/FOMC_CVJ_Benchmark_Update_20260919/data/minutes/Minutes/2003/fomcminutes20030506.txt,3998,249,1,0,1,0,0,0,0,0,unavailable_original_manual_assignment
2003-06-25,/mnt/data/FOMC_CVJ_Benchmark_Update_20260919/data/minutes/Minutes/2003/fomcminutes20030625.txt,5057,276,3,0,3,0,0,0,0,0,unavailable_original_manual_assignment
2003-08-12,/mnt/data/FOMC_CVJ_Benchmark_Update_20260919/data/minutes/Minutes/2003/fomcminutes20030812.txt,3889,239,1,0,1,0,0,0,0,0,unavailable_original_manual_assignment
2003-09-16,/mnt/data/FOMC_CVJ_Benchmark_Update_20260919/data/minutes/Minutes/2003/fomcminutes20030916.txt,3987,247,1,0,1,0,0,0,0,0,unavailable_original_manual_assignment
2003-10-28,/mnt/data/FOMC_CVJ_Benchmark_Update_20260919/data/minutes/Minutes/2003/fomcminutes20031028.txt,3798,240,1,0,1,0,0,0,0,0,unavailable_original_manual_assignment
2003-12-09,/mnt/data/FOMC_CVJ_Benchmark_Update_20260919/data/minutes/Minutes/2003/fomcminutes20031209.txt,4318,580,3,0,3,0,0,0,0,0,unavailable_original_manual_assignment
2004-01-28,/mnt/data/FOMC_CVJ_Benchmark_Update_20260919/data/minutes/Minutes/2004/fomcminutes20040128.txt,8675,1161,2,0,2,0,0,0,0,0,unavailable_original_manual_assignment
2004-03-16,/mnt/data/FOMC_CVJ_Benchmark_Update_20260919/data/minutes/Minutes/2004/fomcminutes20040316.txt,3971,253,6,1,5,0,0,0,0,0,unavailable_original_manual_assignment
2004-05-04,/mnt/data/FOMC_CVJ_Benchmark_Update_20260919/data/minutes/Minutes/2004/fomcminutes20040504.txt,4831,282,0,0,0,0,0,0,0,0,unavailable_original_manual_assignment
2004-06-30,/mnt/data/FOMC_CVJ_Benchmark_Update_20260919/data/minutes/Minutes/2004/fomcminutes20040630.txt,4624,290,1,0,1,0,0,0,0,0,unavailable_original_manual_assignment
2004-08-10,/mnt/data/FOMC_CVJ_Benchmark_Update_20260919/data/minutes/Minutes/2004/fomcminutes20040810.txt,3913,241,1,1,0,0,0,0,0,0,unavailable_original_manual_assignment
2004-09-21,/mnt/data/FOMC_CVJ_Benchmark_Update_20260919/data/minutes/Minutes/2004/fomcminutes20040921.txt,4128,274,0,0,0,0,0,0,0,0,unavailable_original_manual_assignment
2004-11-10,/mnt/data/FOMC_CVJ_Benchmark_Update_20260919/data/minutes/Minutes/2004/fomcminutes20041110.txt,3622,260,0,0,0,0,0,0,0,0,unavailable_original_manual_assignment
2004-12-14,/mnt/data/FOMC_CVJ_Benchmark_Update_20260919/data/minutes/Minutes/2004/fomcminutes20041214.txt,4030,255,3,0,3,0,0,0,0,0,unavailable_original_manual_assignment
2005-02-02,/mnt/data/FOMC_CVJ_Benchmark_Update_20260919/data/minutes/Minutes/2005/fomcminutes20050202.txt,7236,838,2,1,1,0,0,0,0,0,unavailable_original_manual_assignment
2005-03-22,/mnt/data/FOMC_CVJ_Benchmark_Update_20260919/data/minutes/Minutes/2005/fomcminutes20050322.txt,4333,281,3,0,3,0,0,0,0,0,unavailable_original_manual_assignment
2005-05-03,/mnt/data/FOMC_CVJ_Benchmark_Update_20260919/data/minutes/Minutes/2005/fomcminutes20050503.txt,4240,587,2,2,0,0,0,0,0,0,unavailable_original_manual_assignment
2005-06-30,/mnt/data/FOMC_CVJ_Benchmark_Update_20260919/data/minutes/Minutes/2005/fomcminutes20050630.txt,4414,600,3,0,3,0,0,0,0,0,unavailable_original_manual_assignment
2005-08-09,/mnt/data/FOMC_CVJ_Benchmark_Update_20260919/data/minutes/Minutes/2005/fomcminutes20050809.txt,3325,233,1,0,1,0,0,0,0,0,unavailable_original_manual_assignment
2005-09-20,/mnt/data/FOMC_CVJ_Benchmark_Update_20260919/data/minutes/Minutes/2005/fomcminutes20050920.txt,3506,242,0,0,0,0,0,0,0,0,unavailable_original_manual_assignment
2005-11-01,/mnt/data/FOMC_CVJ_Benchmark_Update_20260919/data/minutes/Minutes/2005/fomcminutes20051101.txt,3757,246,0,0,0,0,0,0,0,0,unavailable_original_manual_assignment
2005-12-13,/mnt/data/FOMC_CVJ_Benchmark_Update_20260919/data/minutes/Minutes/2005/fomcminutes20051213.txt,3574,514,2,0,2,0,0,0,0,0,unavailable_original_manual_assignment
2006-01-31,/mnt/data/FOMC_CVJ_Benchmark_Update_20260919/data/minutes/Minutes/2006/fomcminutes20060131.txt,6871,441,2,0,2,0,0,0,0,0,unavailable_original_manual_assignment
2006-03-28,/mnt/data/FOMC_CVJ_Benchmark_Update_20260919/data/minutes/Minutes/2006/fomcminutes20060328.txt,4099,288,1,0,1,0,0,0,0,0,unavailable_original_manual_assignment
2006-05-10,/mnt/data/FOMC_CVJ_Benchmark_Update_20260919/data/minutes/Minutes/2006/fomcminutes20060510.txt,4398,286,3,0,3,0,0,0,0,0,unavailable_original_manual_assignment
2006-06-29,/mnt/data/FOMC_CVJ_Benchmark_Update_20260919/data/minutes/Minutes/2006/fomcminutes20060629.txt,4283,265,3,2,1,0,0,0,0,0,unavailable_original_manual_assignment
2006-08-08,/mnt/data/FOMC_CVJ_Benchmark_Update_20260919/data/minutes/Minutes/2006/fomcminutes20060808.txt,3767,258,1,0,1,0,0,0,0,0,unavailable_original_manual_assignment
2006-09-20,/mnt/data/FOMC_CVJ_Benchmark_Update_20260919/data/minutes/Minutes/2006/fomcminutes20060920.txt,3787,261,1,0,1,0,0,0,0,0,unavailable_original_manual_assignment
2006-10-25,/mnt/data/FOMC_CVJ_Benchmark_Update_20260919/data/minutes/Minutes/2006/fomcminutes20061025.txt,4527,295,2,0,2,0,0,0,0,0,unavailable_original_manual_assignment
2006-12-12,/mnt/data/FOMC_CVJ_Benchmark_Update_20260919/data/minutes/Minutes/2006/fomcminutes20061212.txt,4211,278,1,0,1,0,0,0,0,0,unavailable_original_manual_assignment
2007-01-31,/mnt/data/FOMC_CVJ_Benchmark_Update_20260919/data/minutes/Minutes/2007/fomcminutes20070131.txt,7795,504,1,0,1,0,0,0,0,0,unavailable_original_manual_assignment
2007-03-21,/mnt/data/FOMC_CVJ_Benchmark_Update_20260919/data/minutes/Minutes/2007/fomcminutes20070321.txt,4227,299,4,4,0,0,0,0,0,0,unavailable_original_manual_assignment
2007-05-09,/mnt/data/FOMC_CVJ_Benchmark_Update_20260919/data/minutes/Minutes/2007/fomcminutes20070509.txt,4328,278,2,0,2,0,0,0,0,0,unavailable_original_manual_assignment
2007-06-28,/mnt/data/FOMC_CVJ_Benchmark_Update_20260919/data/minutes/Minutes/2007/fomcminutes20070628.txt,4789,284,3,1,2,0,0,0,0,0,unavailable_original_manual_assignment
2007-08-07,/mnt/data/FOMC_CVJ_Benchmark_Update_20260919/data/minutes/Minutes/2007/fomcminutes20070807.txt,4444,279,3,2,1,0,0,0,0,0,unavailable_original_manual_assignment
2007-09-18,/mnt/data/FOMC_CVJ_Benchmark_Update_20260919/data/minutes/Minutes/2007/fomcminutes20070918.txt,5659,348,1,1,0,0,0,0,0,0,unavailable_original_manual_assignment
2007-10-31,/mnt/data/FOMC_CVJ_Benchmark_Update_20260919/data/minutes/Minutes/2007/fomcminutes20071031.txt,5611,330,1,0,1,0,0,0,0,0,unavailable_original_manual_assignment
2007-12-11,/mnt/data/FOMC_CVJ_Benchmark_Update_20260919/data/minutes/Minutes/2007/fomcminutes20071211.txt,6078,342,1,1,0,0,0,0,0,0,unavailable_original_manual_assignment
2008-01-30,/mnt/data/FOMC_CVJ_Benchmark_Update_20260919/data/minutes/Minutes/2008/fomcminutes20080130.txt,9747,592,7,7,0,0,0,0,0,0,unavailable_original_manual_assignment
2008-03-18,/mnt/data/FOMC_CVJ_Benchmark_Update_20260919/data/minutes/Minutes/2008/fomcminutes20080318.txt,6149,363,5,5,0,0,0,0,0,0,unavailable_original_manual_assignment
2008-04-30,/mnt/data/FOMC_CVJ_Benchmark_Update_20260919/data/minutes/Minutes/2008/fomcminutes20080430.txt,7131,395,0,0,0,0,0,0,0,0,unavailable_original_manual_assignment
2008-06-25,/mnt/data/FOMC_CVJ_Benchmark_Update_20260919/data/minutes/Minutes/2008/fomcminutes20080625.txt,9745,1307,2,2,0,0,0,0,0,0,unavailable_original_manual_assignment
2008-08-05,/mnt/data/FOMC_CVJ_Benchmark_Update_20260919/data/minutes/Minutes/2008/fomcminutes20080805.txt,5250,313,5,4,1,0,0,0,0,0,unavailable_original_manual_assignment
2008-09-16,/mnt/data/FOMC_CVJ_Benchmark_Update_20260919/data/minutes/Minutes/2008/fomcminutes20080916.txt,4651,299,3,3,0,0,0,0,0,0,unavailable_original_manual_assignment
2008-10-29,/mnt/data/FOMC_CVJ_Benchmark_Update_20260919/data/minutes/Minutes/2008/fomcminutes20081029.txt,8051,440,5,5,0,1,0,0,0,0,unavailable_original_manual_assignment
2008-12-16,/mnt/data/FOMC_CVJ_Benchmark_Update_20260919/data/minutes/Minutes/2008/fomcminutes20081216.txt,7659,410,9,9,0,1,0,0,0,0,unavailable_original_manual_assignment
2009-01-28,/mnt/data/FOMC_CVJ_Benchmark_Update_20260919/data/minutes/Minutes/2009/fomcminutes20090128.txt,11016,632,4,4,0,0,1,0,0,0,explicit_heading
2009-03-18,/mnt/data/FOMC_CVJ_Benchmark_Update_20260919/data/minutes/Minutes/2009/fomcminutes20090318.txt,7115,382,5,5,0,0,1,0,2,0,explicit_heading
2009-04-29,/mnt/data/FOMC_CVJ_Benchmark_Update_20260919/data/minutes/Minutes/2009/fomcminutes20090429.txt,6672,363,5,2,3,2,0,0,2,3,explicit_heading
2009-06-24,/mnt/data/FOMC_CVJ_Benchmark_Update_20260919/data/minutes/Minutes/2009/fomcminutes20090624.txt,8417,434,5,2,3,0,0,2,2,1,explicit_heading
2009-08-12,/mnt/data/FOMC_CVJ_Benchmark_Update_20260919/data/minutes/Minutes/2009/fomcminutes20090812.txt,7129,385,7,0,7,1,0,5,0,2,explicit_heading
2009-09-23,/mnt/data/FOMC_CVJ_Benchmark_Update_20260919/data/minutes/Minutes/2009/fomcminutes20090923.txt,7660,388,10,5,5,0,4,3,1,2,explicit_heading
2009-11-04,/mnt/data/FOMC_CVJ_Benchmark_Update_20260919/data/minutes/Minutes/2009/fomcminutes20091104.txt,7167,379,4,3,1,0,3,0,0,1,explicit_heading
2009-12-16,/mnt/data/FOMC_CVJ_Benchmark_Update_20260919/data/minutes/Minutes/2009/fomcminutes20091216.txt,8147,430,4,1,3,0,1,0,0,3,explicit_heading
2010-01-27,/mnt/data/FOMC_CVJ_Benchmark_Update_20260919/data/minutes/Minutes/2010/fomcminutes20100127.txt,11540,606,1,0,1,0,0,0,0,1,explicit_heading
2010-03-16,/mnt/data/FOMC_CVJ_Benchmark_Update_20260919/data/minutes/Minutes/2010/fomcminutes20100316.txt,6751,341,0,0,0,0,0,0,0,0,explicit_heading
2010-04-28,/mnt/data/FOMC_CVJ_Benchmark_Update_20260919/data/minutes/Minutes/2010/fomcminutes20100428.txt,7185,377,3,0,3,0,0,2,0,1,explicit_heading
2010-06-23,/mnt/data/FOMC_CVJ_Benchmark_Update_20260919/data/minutes/Minutes/2010/fomcminutes20100623.txt,8061,418,7,7,0,0,5,0,2,0,explicit_heading
2010-08-10,/mnt/data/FOMC_CVJ_Benchmark_Update_20260919/data/minutes/Minutes/2010/fomcminutes20100810.txt,6822,373,2,1,1,0,0,1,1,0,explicit_heading
2010-09-21,/mnt/data/FOMC_CVJ_Benchmark_Update_20260919/data/minutes/Minutes/2010/fomcminutes20100921.txt,6151,335,2,2,0,0,2,0,0,0,explicit_heading
2010-11-03,/mnt/data/FOMC_CVJ_Benchmark_Update_20260919/data/minutes/Minutes/2010/fomcminutes20101103.txt,7222,373,4,0,4,0,0,2,0,2,explicit_heading
2010-12-14,/mnt/data/FOMC_CVJ_Benchmark_Update_20260919/data/minutes/Minutes/2010/fomcminutes20101214.txt,6825,360,5,1,4,0,0,3,1,1,explicit_heading
2011-01-26,/mnt/data/FOMC_CVJ_Benchmark_Update_20260919/data/minutes/Minutes/2011/fomcminutes20110126.txt,10650,607,5,0,5,0,0,4,0,1,explicit_heading
2011-03-15,/mnt/data/FOMC_CVJ_Benchmark_Update_20260919/data/minutes/Minutes/2011/fomcminutes20110315.txt,6896,353,5,1,4,0,1,4,0,0,explicit_heading
2011-04-27,/mnt/data/FOMC_CVJ_Benchmark_Update_20260919/data/minutes/Minutes/2011/fomcminutes20110427.txt,7891,384,2,0,2,0,0,1,0,1,explicit_heading
2011-06-22,/mnt/data/FOMC_CVJ_Benchmark_Update_20260919/data/minutes/Minutes/2011/fomcminutes20110622.txt,7596,382,0,0,0,0,0,0,0,0,explicit_heading
2011-08-09,/mnt/data/FOMC_CVJ_Benchmark_Update_20260919/data/minutes/Minutes/2011/fomcminutes20110809.txt,6736,353,2,2,0,0,1,0,1,0,explicit_heading
2011-09-21,/mnt/data/FOMC_CVJ_Benchmark_Update_20260919/data/minutes/Minutes/2011/fomcminutes20110921.txt,8566,408,1,1,0,0,1,0,0,0,explicit_heading
2011-11-02,/mnt/data/FOMC_CVJ_Benchmark_Update_20260919/data/minutes/Minutes/2011/fomcminutes20111102.txt,7805,386,2,1,1,0,1,1,0,0,explicit_heading
2011-12-13,/mnt/data/FOMC_CVJ_Benchmark_Update_20260919/data/minutes/Minutes/2011/fomcminutes20111213.txt,7737,391,0,0,0,0,0,0,0,0,explicit_heading
2012-01-25,/mnt/data/FOMC_CVJ_Benchmark_Update_20260919/data/minutes/Minutes/2012/fomcminutes20120125.txt,10873,601,2,0,2,0,0,1,0,1,explicit_heading
2012-03-13,/mnt/data/FOMC_CVJ_Benchmark_Update_20260919/data/minutes/Minutes/2012/fomcminutes20120313.txt,6455,322,4,0,4,0,0,2,0,2,explicit_heading
2012-04-25,/mnt/data/FOMC_CVJ_Benchmark_Update_20260919/data/minutes/Minutes/2012/fomcminutes20120425.txt,7137,345,6,2,4,0,2,1,0,3,explicit_heading
2012-06-20,/mnt/data/FOMC_CVJ_Benchmark_Update_20260919/data/minutes/Minutes/2012/fomcminutes20120620.txt,8124,407,4,3,1,0,3,1,0,0,explicit_heading
2012-08-01,/mnt/data/FOMC_CVJ_Benchmark_Update_20260919/data/minutes/Minutes/2012/fomcminutes20120801.txt,7258,358,1,0,1,0,0,1,0,0,explicit_heading
2012-09-13,/mnt/data/FOMC_CVJ_Benchmark_Update_20260919/data/minutes/Minutes/2012/fomcminutes20120913.txt,7628,390,5,0,5,0,0,4,0,1,explicit_heading
2012-10-24,/mnt/data/FOMC_CVJ_Benchmark_Update_20260919/data/minutes/Minutes/2012/fomcminutes20121024.txt,6680,362,1,0,1,0,0,0,0,1,explicit_heading
2012-12-12,/mnt/data/FOMC_CVJ_Benchmark_Update_20260919/data/minutes/Minutes/2012/fomcminutes20121212.txt,7702,379,5,1,4,0,1,4,0,0,explicit_heading
2013-01-30,/mnt/data/FOMC_CVJ_Benchmark_Update_20260919/data/minutes/Minutes/2013/fomcminutes20130130.txt,11150,623,3,0,3,0,0,3,0,0,explicit_heading
2013-03-20,/mnt/data/FOMC_CVJ_Benchmark_Update_20260919/data/minutes/Minutes/2013/fomcminutes20130320.txt,7336,369,4,0,4,0,0,4,0,0,explicit_heading
2013-05-01,/mnt/data/FOMC_CVJ_Benchmark_Update_20260919/data/minutes/Minutes/2013/fomcminutes20130501.txt,6977,336,6,1,5,0,1,3,0,2,explicit_heading
2013-06-19,/mnt/data/FOMC_CVJ_Benchmark_Update_20260919/data/minutes/Minutes/2013/fomcminutes20130619.txt,8279,394,4,2,2,0,2,0,0,2,explicit_heading
2013-07-31,/mnt/data/FOMC_CVJ_Benchmark_Update_20260919/data/minutes/Minutes/2013/fomcminutes20130731.txt,7282,345,7,0,7,0,0,3,0,4,explicit_heading
2013-09-18,/mnt/data/FOMC_CVJ_Benchmark_Update_20260919/data/minutes/Minutes/2013/fomcminutes20130918.txt,8360,353,1,0,1,0,0,0,0,1,explicit_heading
2013-10-30,/mnt/data/FOMC_CVJ_Benchmark_Update_20260919/data/minutes/Minutes/2013/fomcminutes20131030.txt,7740,361,4,0,4,0,0,2,0,2,explicit_heading
2013-12-18,/mnt/data/FOMC_CVJ_Benchmark_Update_20260919/data/minutes/Minutes/2013/fomcminutes20131218.txt,8950,387,4,1,3,0,1,1,0,2,explicit_heading
2014-01-29,/mnt/data/FOMC_CVJ_Benchmark_Update_20260919/data/minutes/Minutes/2014/fomcminutes20140129.txt,12202,663,3,0,3,0,0,3,0,0,explicit_heading
2014-03-19,/mnt/data/FOMC_CVJ_Benchmark_Update_20260919/data/minutes/Minutes/2014/fomcminutes20140319.txt,8466,382,3,1,2,1,1,2,0,0,explicit_heading
2014-04-30,/mnt/data/FOMC_CVJ_Benchmark_Update_20260919/data/minutes/Minutes/2014/fomcminutes20140430.txt,6890,363,3,1,2,0,1,2,0,0,explicit_heading
2014-06-18,/mnt/data/FOMC_CVJ_Benchmark_Update_20260919/data/minutes/Minutes/2014/fomcminutes20140618.txt,8732,408,4,0,4,0,0,2,0,2,explicit_heading
2014-07-30,/mnt/data/FOMC_CVJ_Benchmark_Update_20260919/data/minutes/Minutes/2014/fomcminutes20140730.txt,8152,393,3,1,2,1,0,2,1,0,explicit_heading
2014-09-17,/mnt/data/FOMC_CVJ_Benchmark_Update_20260919/data/minutes/Minutes/2014/fomcminutes20140917.txt,9296,412,5,0,5,0,0,3,0,2,explicit_heading
2014-10-29,/mnt/data/FOMC_CVJ_Benchmark_Update_20260919/data/minutes/Minutes/2014/fomcminutes20141029.txt,8468,412,6,6,0,0,6,0,0,0,explicit_heading
2014-12-17,/mnt/data/FOMC_CVJ_Benchmark_Update_20260919/data/minutes/Minutes/2014/fomcminutes20141217.txt,7703,365,1,1,0,0,1,0,0,0,explicit_heading
2015-01-28,/mnt/data/FOMC_CVJ_Benchmark_Update_20260919/data/minutes/Minutes/2015/fomcminutes20150128.txt,14641,798,2,0,2,0,0,2,0,0,explicit_heading
2015-03-18,/mnt/data/FOMC_CVJ_Benchmark_Update_20260919/data/minutes/Minutes/2015/fomcminutes20150318.txt,8693,401,4,0,4,0,0,4,0,0,explicit_heading
2015-04-29,/mnt/data/FOMC_CVJ_Benchmark_Update_20260919/data/minutes/Minutes/2015/fomcminutes20150429.txt,7737,383,5,1,4,0,1,4,0,0,explicit_heading
2015-06-17,/mnt/data/FOMC_CVJ_Benchmark_Update_20260919/data/minutes/Minutes/2015/fomcminutes20150617.txt,8232,410,3,2,1,0,2,1,0,0,explicit_heading
2015-07-29,/mnt/data/FOMC_CVJ_Benchmark_Update_20260919/data/minutes/Minutes/2015/fomcminutes20150729.txt,8587,417,5,3,2,0,2,1,1,1,explicit_heading
2015-09-17,/mnt/data/FOMC_CVJ_Benchmark_Update_20260919/data/minutes/Minutes/2015/fomcminutes20150917.txt,7579,380,6,5,1,0,3,1,2,0,explicit_heading
2015-10-28,/mnt/data/FOMC_CVJ_Benchmark_Update_20260919/data/minutes/Minutes/2015/fomcminutes20151028.txt,8209,419,2,1,1,0,1,1,0,0,explicit_heading
2015-12-16,/mnt/data/FOMC_CVJ_Benchmark_Update_20260919/data/minutes/Minutes/2015/fomcminutes20151216.txt,7794,397,3,2,1,0,2,1,0,0,explicit_heading
2016-01-27,/mnt/data/FOMC_CVJ_Benchmark_Update_20260919/data/minutes/Minutes/2016/fomcminutes20160127.txt,13867,757,5,5,0,0,3,0,2,0,explicit_heading
2016-03-16,/mnt/data/FOMC_CVJ_Benchmark_Update_20260919/data/minutes/Minutes/2016/fomcminutes20160316.txt,7900,391,5,1,4,0,0,4,1,0,explicit_heading
2016-04-27,/mnt/data/FOMC_CVJ_Benchmark_Update_20260919/data/minutes/Minutes/2016/fomcminutes20160427.txt,9475,434,9,1,8,0,1,5,0,3,explicit_heading
2016-06-15,/mnt/data/FOMC_CVJ_Benchmark_Update_20260919/data/minutes/Minutes/2016/fomcminutes20160615.txt,8490,413,1,1,0,0,1,0,0,0,explicit_heading
2016-07-27,/mnt/data/FOMC_CVJ_Benchmark_Update_20260919/data/minutes/Minutes/2016/fomcminutes20160727.txt,10483,480,10,6,4,0,2,1,3,2,explicit_heading
2016-09-21,/mnt/data/FOMC_CVJ_Benchmark_Update_20260919/data/minutes/Minutes/2016/fomcminutes20160921.txt,10960,548,2,0,2,0,0,2,0,0,explicit_heading
2016-11-02,/mnt/data/FOMC_CVJ_Benchmark_Update_20260919/data/minutes/Minutes/2016/fomcminutes20161102.txt,9437,451,1,0,1,0,0,0,0,1,explicit_heading
2016-12-14,/mnt/data/FOMC_CVJ_Benchmark_Update_20260919/data/minutes/Minutes/2016/fomcminutes20161214.txt,8566,425,7,2,5,0,2,2,0,2,explicit_heading
2017-02-01,/mnt/data/FOMC_CVJ_Benchmark_Update_20260919/data/minutes/Minutes/2017/fomcminutes20170201.txt,12701,730,3,1,2,1,0,0,1,2,explicit_heading
2017-03-15,/mnt/data/FOMC_CVJ_Benchmark_Update_20260919/data/minutes/Minutes/2017/fomcminutes20170315.txt,9208,445,5,0,5,0,0,4,0,1,explicit_heading
2017-05-03,/mnt/data/FOMC_CVJ_Benchmark_Update_20260919/data/minutes/Minutes/2017/fomcminutes20170503.txt,8759,423,4,2,2,1,1,2,0,0,explicit_heading
2017-06-14,/mnt/data/FOMC_CVJ_Benchmark_Update_20260919/data/minutes/Minutes/2017/fomcminutes20170614.txt,9040,455,5,0,5,0,0,2,0,3,explicit_heading
2017-07-26,/mnt/data/FOMC_CVJ_Benchmark_Update_20260919/data/minutes/Minutes/2017/fomcminutes20170726.txt,7678,390,11,1,10,0,1,4,0,5,explicit_heading
2017-09-20,/mnt/data/FOMC_CVJ_Benchmark_Update_20260919/data/minutes/Minutes/2017/fomcminutes20170920.txt,8912,426,4,0,4,0,0,2,0,1,explicit_heading
2017-11-01,/mnt/data/FOMC_CVJ_Benchmark_Update_20260919/data/minutes/Minutes/2017/fomcminutes20171101.txt,7757,397,7,1,6,0,1,4,0,2,explicit_heading
2017-12-13,/mnt/data/FOMC_CVJ_Benchmark_Update_20260919/data/minutes/Minutes/2017/fomcminutes20171213.txt,7640,385,7,1,6,1,1,2,0,3,explicit_heading
2018-01-31,/mnt/data/FOMC_CVJ_Benchmark_Update_20260919/data/minutes/Minutes/2018/fomcminutes20180131.txt,12482,726,8,2,6,1,1,1,1,5,explicit_heading
2018-03-21,/mnt/data/FOMC_CVJ_Benchmark_Update_20260919/data/minutes/Minutes/2018/fomcminutes20180321.txt,7538,379,4,4,0,0,3,0,0,0,explicit_heading
2018-05-02,/mnt/data/FOMC_CVJ_Benchmark_Update_20260919/data/minutes/Minutes/2018/fomcminutes20180502.txt,8222,406,5,5,0,1,3,0,0,0,explicit_heading
2018-06-13,/mnt/data/FOMC_CVJ_Benchmark_Update_20260919/data/minutes/Minutes/2018/fomcminutes20180613.txt,7392,370,2,1,1,0,1,1,0,0,explicit_heading
2018-08-01,/mnt/data/FOMC_CVJ_Benchmark_Update_20260919/data/minutes/Minutes/2018/fomcminutes20180801.txt,8509,436,2,2,0,0,2,0,0,0,explicit_heading
2018-09-26,/mnt/data/FOMC_CVJ_Benchmark_Update_20260919/data/minutes/Minutes/2018/fomcminutes20180926.txt,7354,380,5,1,4,0,1,3,0,1,explicit_heading
2018-11-08,/mnt/data/FOMC_CVJ_Benchmark_Update_20260919/data/minutes/Minutes/2018/fomcminutes20181108.txt,8474,422,7,6,1,0,4,1,0,0,explicit_heading
2018-12-19,/mnt/data/FOMC_CVJ_Benchmark_Update_20260919/data/minutes/Minutes/2018/fomcminutes20181219.txt,8643,435,6,5,1,0,2,1,2,0,explicit_heading
2019-01-30,/mnt/data/FOMC_CVJ_Benchmark_Update_20260919/data/minutes/Minutes/2019/fomcminutes20190130.txt,14433,801,6,5,1,0,3,1,1,0,explicit_heading
2019-03-20,/mnt/data/FOMC_CVJ_Benchmark_Update_20260919/data/minutes/Minutes/2019/fomcminutes20190320.txt,9854,446,4,0,4,0,0,3,0,0,explicit_heading
2019-05-01,/mnt/data/FOMC_CVJ_Benchmark_Update_20260919/data/minutes/Minutes/2019/fomcminutes20190501.txt,9623,456,5,2,3,0,2,3,0,0,explicit_heading
2019-06-19,/mnt/data/FOMC_CVJ_Benchmark_Update_20260919/data/minutes/Minutes/2019/fomcminutes20190619.txt,8513,416,5,4,1,0,4,0,0,1,explicit_heading
2019-07-31,/mnt/data/FOMC_CVJ_Benchmark_Update_20260919/data/minutes/Minutes/2019/fomcminutes20190731.txt,10990,491,5,1,4,0,1,3,0,1,explicit_heading
2019-09-18,/mnt/data/FOMC_CVJ_Benchmark_Update_20260919/data/minutes/Minutes/2019/fomcminutes20190918.txt,10943,489,4,4,0,1,3,0,0,0,explicit_heading
2019-10-30,/mnt/data/FOMC_CVJ_Benchmark_Update_20260919/data/minutes/Minutes/2019/fomcminutes20191030.txt,12881,559,0,0,0,0,0,0,0,0,explicit_heading
2019-12-11,/mnt/data/FOMC_CVJ_Benchmark_Update_20260919/data/minutes/Minutes/2019/fomcminutes20191211.txt,8684,452,1,0,1,0,0,1,0,0,explicit_heading
2020-01-29,/mnt/data/FOMC_CVJ_Benchmark_Update_20260919/data/minutes/Minutes/2020/fomcminutes20200129.txt,13440,763,8,3,5,0,3,3,0,0,explicit_heading
2020-03-15,/mnt/data/FOMC_CVJ_Benchmark_Update_20260919/data/minutes/Minutes/2020/fomcminutes20200315.txt,10207,465,3,3,0,0,2,0,1,0,explicit_heading
2020-04-29,/mnt/data/FOMC_CVJ_Benchmark_Update_20260919/data/minutes/Minutes/2020/fomcminutes20200429.txt,9518,449,2,1,1,0,1,0,0,0,explicit_heading
2020-06-10,/mnt/data/FOMC_CVJ_Benchmark_Update_20260919/data/minutes/Minutes/2020/fomcminutes20200610.txt,10290,465,2,0,2,0,0,2,0,0,explicit_heading
2020-07-29,/mnt/data/FOMC_CVJ_Benchmark_Update_20260919/data/minutes/Minutes/2020/fomcminutes20200729.txt,9201,460,1,1,0,0,1,0,0,0,explicit_heading
2020-09-16,/mnt/data/FOMC_CVJ_Benchmark_Update_20260919/data/minutes/Minutes/2020/fomcminutes20200916.txt,10242,503,4,0,4,0,0,2,0,0,explicit_heading
2020-11-05,/mnt/data/FOMC_CVJ_Benchmark_Update_20260919/data/minutes/Minutes/2020/fomcminutes20201105.txt,9642,455,5,2,3,0,2,2,0,0,explicit_heading
2020-12-16,/mnt/data/FOMC_CVJ_Benchmark_Update_20260919/data/minutes/Minutes/2020/fomcminutes20201216.txt,8448,428,4,0,4,0,0,3,0,1,explicit_heading
2021-01-27,/mnt/data/FOMC_CVJ_Benchmark_Update_20260919/data/minutes/Minutes/2021/fomcminutes20210127.txt,12875,762,6,1,5,0,1,4,0,1,explicit_heading
2021-03-17,/mnt/data/FOMC_CVJ_Benchmark_Update_20260919/data/minutes/Minutes/2021/fomcminutes20210317.txt,8918,440,4,0,4,0,0,3,0,0,explicit_heading
2021-04-28,/mnt/data/FOMC_CVJ_Benchmark_Update_20260919/data/minutes/Minutes/2021/fomcminutes20210428.txt,8951,443,6,2,4,0,1,2,1,1,explicit_heading
2021-06-16,/mnt/data/FOMC_CVJ_Benchmark_Update_20260919/data/minutes/Minutes/2021/fomcminutes20210616.txt,9747,473,3,0,3,0,0,2,0,0,explicit_heading
2021-07-28,/mnt/data/FOMC_CVJ_Benchmark_Update_20260919/data/minutes/Minutes/2021/fomcminutes20210728.txt,10778,494,5,2,3,0,2,2,0,1,explicit_heading
2021-09-22,/mnt/data/FOMC_CVJ_Benchmark_Update_20260919/data/minutes/Minutes/2021/fomcminutes20210922.txt,9008,441,2,1,1,0,1,0,0,1,explicit_heading
2021-11-03,/mnt/data/FOMC_CVJ_Benchmark_Update_20260919/data/minutes/Minutes/2021/fomcminutes20211103.txt,8516,416,6,0,6,0,0,1,0,3,explicit_heading
2021-12-15,/mnt/data/FOMC_CVJ_Benchmark_Update_20260919/data/minutes/Minutes/2021/fomcminutes20211215.txt,9601,469,2,2,0,0,2,0,0,0,explicit_heading
2022-01-26,/mnt/data/FOMC_CVJ_Benchmark_Update_20260919/data/minutes/Minutes/2022/fomcminutes20220126.txt,13769,778,7,5,2,0,5,0,0,2,explicit_heading
2022-03-16,/mnt/data/FOMC_CVJ_Benchmark_Update_20260919/data/minutes/Minutes/2022/fomcminutes20220316.txt,8839,433,5,3,2,1,2,2,0,0,explicit_heading
2022-05-04,/mnt/data/FOMC_CVJ_Benchmark_Update_20260919/data/minutes/Minutes/2022/fomcminutes20220504.txt,8020,411,6,4,2,0,4,2,0,0,explicit_heading
2022-06-15,/mnt/data/FOMC_CVJ_Benchmark_Update_20260919/data/minutes/Minutes/2022/fomcminutes20220615.txt,8190,413,5,5,0,0,5,0,0,0,explicit_heading
2022-07-27,/mnt/data/FOMC_CVJ_Benchmark_Update_20260919/data/minutes/Minutes/2022/fomcminutes20220727.txt,8759,447,3,1,2,0,0,2,1,0,explicit_heading
2022-09-21,/mnt/data/FOMC_CVJ_Benchmark_Update_20260919/data/minutes/Minutes/2022/fomcminutes20220921.txt,8016,433,3,3,0,0,3,0,0,0,explicit_heading
2022-11-02,/mnt/data/FOMC_CVJ_Benchmark_Update_20260919/data/minutes/Minutes/2022/fomcminutes20221102.txt,8220,451,1,1,0,0,1,0,0,0,explicit_heading
2022-12-14,/mnt/data/FOMC_CVJ_Benchmark_Update_20260919/data/minutes/Minutes/2022/fomcminutes20221214.txt,7935,449,2,0,2,0,0,1,0,0,explicit_heading
2023-02-01,/mnt/data/FOMC_CVJ_Benchmark_Update_20260919/data/minutes/Minutes/2023/fomcminutes20230201.txt,8925,518,4,3,1,0,3,1,0,0,explicit_heading
2023-03-22,/mnt/data/FOMC_CVJ_Benchmark_Update_20260919/data/minutes/Minutes/2023/fomcminutes20230322.txt,7669,436,5,4,1,0,3,1,0,0,explicit_heading
2023-05-03,/mnt/data/FOMC_CVJ_Benchmark_Update_20260919/data/minutes/Minutes/2023/fomcminutes20230503.txt,8444,468,3,2,1,0,1,1,0,0,explicit_heading
2023-06-14,/mnt/data/FOMC_CVJ_Benchmark_Update_20260919/data/minutes/Minutes/2023/fomcminutes20230614.txt,7271,423,4,0,4,0,0,1,0,1,explicit_heading
2023-07-26,/mnt/data/FOMC_CVJ_Benchmark_Update_20260919/data/minutes/Minutes/2023/fomcminutes20230726.txt,7134,412,5,1,4,0,1,3,0,0,explicit_heading
2023-09-20,/mnt/data/FOMC_CVJ_Benchmark_Update_20260919/data/minutes/Minutes/2023/fomcminutes20230920.txt,6790,409,5,5,0,0,3,0,0,0,explicit_heading
2023-11-01,/mnt/data/FOMC_CVJ_Benchmark_Update_20260919/data/minutes/Minutes/2023/fomcminutes20231101.txt,7100,423,4,4,0,0,3,0,0,0,explicit_heading
2023-12-13,/mnt/data/FOMC_CVJ_Benchmark_Update_20260919/data/minutes/Minutes/2023/fomcminutes20231213.txt,7064,398,3,0,3,0,0,1,0,0,explicit_heading
2024-01-31,/mnt/data/FOMC_CVJ_Benchmark_Update_20260919/data/minutes/Minutes/2024/fomcminutes20240131.txt,7767,496,2,1,1,0,1,1,0,0,explicit_heading
2024-03-20,/mnt/data/FOMC_CVJ_Benchmark_Update_20260919/data/minutes/Minutes/2024/fomcminutes20240320.txt,7500,443,2,0,2,0,0,0,0,0,explicit_heading
2024-05-01,/mnt/data/FOMC_CVJ_Benchmark_Update_20260919/data/minutes/Minutes/2024/fomcminutes20240501.txt,7351,433,3,2,1,0,0,0,0,1,explicit_heading
2024-06-12,/mnt/data/FOMC_CVJ_Benchmark_Update_20260919/data/minutes/Minutes/2024/fomcminutes20240612.txt,6760,411,3,0,3,0,0,0,0,1,explicit_heading
2024-07-31,/mnt/data/FOMC_CVJ_Benchmark_Update_20260919/data/minutes/Minutes/2024/fomcminutes20240731.txt,6912,425,5,2,3,0,1,0,1,1,explicit_heading
2024-09-18,/mnt/data/FOMC_CVJ_Benchmark_Update_20260919/data/minutes/Minutes/2024/fomcminutes20240918.txt,6914,396,1,1,0,0,1,0,0,0,explicit_heading
2024-11-07,/mnt/data/FOMC_CVJ_Benchmark_Update_20260919/data/minutes/Minutes/2024/fomcminutes20241107.txt,7518,439,8,4,4,0,3,2,1,1,explicit_heading
2024-12-18,/mnt/data/FOMC_CVJ_Benchmark_Update_20260919/data/minutes/Minutes/2024/fomcminutes20241218.txt,7076,416,3,0,3,0,0,2,0,1,explicit_heading
