meeting_date,negative_count,positive_count,classified_total,noun_hits_total,ambiguous_count,unclassified_count,scope,cleaned_sha256,uploaded_negative,uploaded_positive,dictionary_only_negative,dictionary_only_positive,negative_change,positive_change
2000-02-02,1,5,6,12,0,6,whole_document,279d03a7731b0a2ca47eabd16f1ddc10e7319851a8db48489ab3cc64ea8844be,1,5,1,5,0,0
2000-03-21,0,3,3,12,0,9,whole_document,10d26bf85d3fd0cadff2ffb583f801793a4ee83957ffb6ad053889a84066663d,0,3,0,3,0,0
2000-05-16,3,5,8,12,0,4,whole_document,be779227a94c04ed8d20f79965a65e9610a96dcd46840738012e20f4b6d2158d,3,5,3,5,0,0
2000-06-28,1,5,6,13,0,7,whole_document,64fd1b091661e16f206294c4b1ea795997cb98b435b5715c3586cd06d6adb7b0,1,5,1,5,0,0
2000-08-22,0,4,4,12,0,8,whole_document,8ca8db0bf0acc50872be72fbc6b51dff82d0c1db4e1f252a258e82f20724cd24,0,4,0,4,0,0
2000-10-03,3,1,4,8,0,4,whole_document,220a612066138665b2822d76f9c64e6e4df3ce9fadd6f21d72b471fc50a91e45,3,1,3,1,0,0
2000-11-15,1,2,3,9,0,6,whole_document,6920c6f8ae6a031c29fb4771cba2b9e7cec2794c5d9c51ff1b7a4f7e8490fde6,1,3,1,3,0,-1
2000-12-19,7,1,8,13,0,5,whole_document,602931614f57399db69a000564a1bb953ede76277364a51c4a20d47aae14463c,7,1,7,1,0,0
2001-01-31,4,1,5,7,0,2,whole_document,63fd58dc022700c5f55ebcdd76f1e5b36360ed48b6938b18e001e7f45868db30,4,1,4,1,0,0
2001-03-20,7,0,7,11,0,4,whole_document,f7b743fcf8def1be3b31597a7a2cb2f71e3f2ce5fcb73099f5819f181eccf0d7,7,0,7,0,0,0
2001-05-15,7,2,9,13,0,4,whole_document,d9968e9aa6ded41121f3acbd8c9db96c30e8fafb08ab0ee22b778f22f9e48f8a,7,2,7,2,0,0
2001-06-27,9,0,9,11,0,2,whole_document,d24b414bce2e774c86307c3f5e66909a9ff8850924400a7f706551b4be47ee1c,9,0,9,0,0,0
2001-08-21,6,0,6,10,0,4,whole_document,880264a6922b0902953d270fc757e5f4d4b95c542cdbff684eb5dc9c6b2d93e1,7,0,7,0,-1,0
2001-10-02,6,0,6,13,0,7,whole_document,3829082e5878b3e57e189ef38065908e29e6c05dde0e993561e3cd206ce13a9d,6,0,6,0,0,0
2001-11-06,2,1,3,4,0,1,whole_document,028d7b83821616ec765f96686731eee596a81bf1ee2d2bf0cf51cb40b3fda8a9,2,1,2,1,0,0
2001-12-11,1,1,2,5,0,3,whole_document,da8e07013d9f3a1d8096e72b0e3988a87f50f54ce55ca539c13614bdce435e9e,1,1,1,1,0,0
2002-01-30,4,1,5,9,0,4,whole_document,6c35983f39bb8742bab7d6662f807157bcd42bf68c40086d7fa041140a174172,4,1,4,1,0,0
2002-03-19,0,1,1,3,0,2,whole_document,9f324bc8f4aa37fe66e583f8bb0aba9319eef7d4ae01590e09466295773f72e9,1,1,1,1,-1,0
2002-05-07,1,0,1,1,0,0,whole_document,39ff740e4e1ec4820d2b36760c804adb68fa2eefb3bb650d2182d1762972ebf7,1,0,1,0,0,0
2002-06-26,5,0,5,6,0,1,whole_document,f2e32fb5811b87b5f94b75793450e3e5b47b6c7311ab76a4623a0bddacfcf974,4,0,4,0,1,0
2002-08-13,5,0,5,14,0,9,whole_document,8afc23f17feb70fb66e94c1f5940095dd7fecdc289252450ab0f322018d1e6b2,5,0,5,0,0,0
2002-09-24,3,1,4,9,0,5,whole_document,19daafc5f3cb2f2355a17fd7d32dc899ecb24f27f2552a3df9689d35f2cfb170,3,1,3,1,0,0
2002-11-06,2,1,3,7,0,4,whole_document,2d00a118c0c612d9e5e9a9c0058ff40f1bab265a24ed06ecb5172dab16b49aa9,2,1,2,1,0,0
2002-12-10,1,0,1,4,0,3,whole_document,aa865cacd5872c0c9cb33631406f2783202c6dc3f9acc0527fa29dd2062e75bb,1,0,1,0,0,0
2003-01-29,2,0,2,3,0,1,whole_document,91832fa5311b6ab7a812d822d8eacd1bb693839c628fc37982aa42219a7068f7,2,0,2,0,0,0
2003-03-18,2,1,3,6,0,3,whole_document,ff0d258f4b9e7688bff18e67d2c0d8621a75c661ca3642b5aa116fef38834cba,1,1,1,1,1,0
2003-05-06,0,1,1,4,0,3,whole_document,19365d0846441491f0cc9ed1822f507744ba535a334a74ab6b3997d696eeac3e,0,1,0,1,0,0
2003-06-25,0,3,3,6,0,3,whole_document,034a0ae37d66f88ee472cc6a8f5e2efe332bae9c6eac882706d4a3d5c56fc6dc,0,3,0,3,0,0
2003-08-12,0,1,1,4,0,3,whole_document,092d12828080e16fb3b839813abd838480fe2b55f012d380d2304bf8408f5e39,0,1,0,1,0,0
2003-09-16,0,1,1,2,0,1,whole_document,18f324a3f142f1c335901ff4d7fbc318ea713febe54f098079c3be050a0cbe40,0,1,0,1,0,0
2003-10-28,0,1,1,1,0,0,whole_document,f9c1dfb95c67b3fcf0cd5a74a7c945f00e04d6031de9a9f8444f29a99e202f7e,0,1,0,1,0,0
2003-12-09,0,3,3,3,0,0,whole_document,9c1da13daee330be095ea47358d9aa06a1767883012534e893dfb6a5c3e3454b,0,3,0,3,0,0
2004-01-28,0,2,2,5,0,3,whole_document,8a22f222e2a2528d974d03e0ae2eefbc90eac4fe37542cfe76442610e7d790c3,0,2,0,2,0,0
2004-03-16,1,5,6,7,0,1,whole_document,9d7ef187544c1c91e38d8e825b1e490b77a897dff5064e81729a57a2b5636016,1,5,1,5,0,0
2004-05-04,0,0,0,1,0,1,whole_document,c00d25025094af610839f72ea6a49f4eff57adcfc9a51ff6fda5db3b266fab3e,0,0,0,0,0,0
2004-06-30,0,1,1,3,0,2,whole_document,b01e16869aa638528101fb9c35c9fc9bb25d948f7e958777d9b4a15ddaaaebd2,0,1,0,1,0,0
2004-08-10,1,0,1,2,0,1,whole_document,d2c0faf9d569d2eddb3a2a10ae39c3579a1bdd99de3ae9c0eec7e81c19d6c557,1,0,1,0,0,0
2004-09-21,0,0,0,1,0,1,whole_document,a8510adfcef3377fb5325528679622cd1c4d0b6909e0e61d38028dd2012ab17b,0,0,0,0,0,0
2004-11-10,0,0,0,1,0,1,whole_document,2ede13052f3a4ac6fa06f827009cc9ec6b131c13a0f26aae83b0fbe093b56314,0,0,0,0,0,0
2004-12-14,0,3,3,3,0,0,whole_document,530c4e5c6ed4a231061f250ba7aef83dc86b25b7d11ff0b108f6fa959e2b53d9,0,3,0,3,0,0
2005-02-02,1,1,2,3,0,1,whole_document,ccb9823b580d79d6a6e8e92be383a161ee65fdeb256e676c717d23bcf4fc52d4,1,1,1,1,0,0
2005-03-22,0,3,3,3,0,0,whole_document,dd59bc7e75446e34fb4241ab931fafee13ae7a75a263a2012c63d499fa8be2f9,0,3,0,3,0,0
2005-05-03,2,0,2,4,0,2,whole_document,901b66e8260795c357b884a1212cabd3ad960fee2974be99f598cd220909fb87,2,0,2,0,0,0
2005-06-30,0,3,3,7,0,4,whole_document,75f4cc7d567ef93f82b558db49cd34e059c515e3e8c501c6e2e88fa155dbc06c,0,3,0,3,0,0
2005-08-09,0,1,1,1,0,0,whole_document,d17822e478f99726e7b8399f34e3a562060a9218a2678a049fb3a8e5aad8752b,0,1,0,1,0,0
2005-09-20,0,0,0,1,0,1,whole_document,9015d2a88254d9f0da054ef5dbc20bb02a2d6e8a3430895000dff6c03b8e3609,0,0,0,0,0,0
2005-11-01,0,0,0,1,0,1,whole_document,acb856c5d4cff040edf58d92e108261a37e26427cf78314154a030d2bbe25caa,0,0,0,0,0,0
2005-12-13,0,2,2,6,0,4,whole_document,4b7135e31024e9c0f387a763b8b09321e0fb009401401f86088f263ded82bd60,0,2,0,2,0,0
2006-01-31,0,2,2,5,0,3,whole_document,8372aa4c343bc1cc507eb1cd017da6dc3ff34617e858daa879a6fc7e9305c04c,0,2,0,2,0,0
2006-03-28,0,1,1,2,0,1,whole_document,b250ffaf4dec43853c60301bb1d7cc2164b95fd8076e9471a98b3d02c61f6ca5,0,1,0,1,0,0
2006-05-10,0,3,3,4,0,1,whole_document,2dd43bf0359827b05b7ce3e0c1f63dea69b0f26de181ea8777294bbc9dcf383e,0,3,0,3,0,0
2006-06-29,2,1,3,5,0,2,whole_document,538cc41c2ae41ca4d8042ac49b6e4ca60219060ddfcc183cf30523edaad3dd9c,2,1,2,1,0,0
2006-08-08,0,1,1,3,0,2,whole_document,cee29f97073913fa8c2b57dc6b5a292c8d78f6fc723ccb9be38a590226e950fe,0,1,0,1,0,0
2006-09-20,0,1,1,4,0,3,whole_document,5e52d946a61a5e88b52476891415ecfb7cf59172fb0e8bd733defe47472a8f7a,0,1,0,1,0,0
2006-10-25,0,2,2,3,0,1,whole_document,d3dc520a33d216de0cce004d69f290dfd8756ef6c5cff5a410cefa6749e0d7ab,0,2,0,2,0,0
2006-12-12,0,1,1,3,0,2,whole_document,3546667bc16b04089d8ddc46f6b923a19effddd328c4db73330880d155c89d21,0,1,0,1,0,0
2007-01-31,0,1,1,3,0,2,whole_document,3b0169bb06bfa4bb9c8e712d965c8e0b5e8b5235cf31a62312125196e3c11371,0,1,0,1,0,0
2007-03-21,4,0,4,7,0,3,whole_document,9760a83420e572bc100de513fa75e944593ee52e3ccf1effd9be38be0786c1fd,4,0,4,0,0,0
2007-05-09,0,2,2,6,0,4,whole_document,695688726a27023da4b93e18222955d853f147d19be68e38274f3cf109eae4ee,0,2,0,2,0,0
2007-06-28,1,2,3,8,0,5,whole_document,fb4f4ce9e8f426176d468d979230c386f1123cb370ffb8f8cabb9372f1c8af0b,1,2,1,2,0,0
2007-08-07,2,1,3,6,0,3,whole_document,2df68b3ef7c9d7d6ebf8da072884c3136efdc87ddaf1d50f99e33bf416557acd,2,1,2,1,0,0
2007-09-18,1,0,1,3,0,2,whole_document,bbf95a7a75c6a0902766c117c4d5111d1ba89c288af1e7f4847e69ab3837410e,1,0,1,0,0,0
2007-10-31,0,1,1,2,0,1,whole_document,56eded3e78c7beb473199b4dea9d0fa5fcfa3bd04b727c4d7c36902da0327154,0,1,0,1,0,0
2007-12-11,1,0,1,2,0,1,whole_document,d6e78f89827cee845f027a2ba6a9755e7a385e03fef5fd32ee06559447e547ef,1,0,1,0,0,0
2008-01-30,7,0,7,9,0,2,whole_document,1ff1ef4899892ff4f7099fa6d13cb51731a5f416a1047a8a18ec369bcb6db8b6,7,0,7,0,0,0
2008-03-18,5,0,5,7,0,2,whole_document,4e52aaefc61ad7550afdb7ecc52c4b165e814a12935d245f936a819932929474,5,0,5,0,0,0
2008-04-30,0,0,0,4,0,4,whole_document,304edcf5cafb28bb7bb53759392eb46abb90b434b203b81fec1afe285aa25f4f,0,0,0,0,0,0
2008-06-25,2,0,2,7,0,5,whole_document,18f3a9da84a4643c7b4870ee9ea18ba3c70e9d55a96ae0b5560e5a33c9f74c79,2,0,2,0,0,0
2008-08-05,4,1,5,8,0,3,whole_document,f9827b792a7203e01ea263d8fc2ecf4737928713b928cf326886308000c66e1f,4,1,4,1,0,0
2008-09-16,3,0,3,5,0,2,whole_document,c6af8332cdbf02ca17086951c04f1a4a27cd14b1ad3fa6532953d8ed03e76114,3,0,3,0,0,0
2008-10-29,6,1,7,12,0,5,whole_document,1770fbcbd7239ac1321490ef20e2985f16735407b95a0b22ab6bfd77f5f4e26a,5,0,5,0,1,1
2008-12-16,10,0,10,15,0,5,whole_document,8c0629832e82dfeafddcb56fc62bca03388992f1795b6c202a4e352e2c6e48d7,9,0,9,0,1,0
2009-01-28,4,0,4,7,0,3,whole_document,55761f79f460777cfa756a1cb5bce29a8ab99969674c7b5beb0f4f66f5a2e4e2,4,0,4,0,0,0
2009-03-18,5,0,5,11,0,6,whole_document,3a0a1c20b1bf2c4086d9ed66bc3da36e12d6827cca8923b483cddf22eef132b0,5,0,5,0,0,0
2009-04-29,4,4,8,10,0,2,whole_document,36832aa3e01bd223a426074b2a7123ec90842980c91bd2feec7277fe33f28a6e,2,3,2,3,2,1
2009-06-24,3,3,6,13,0,7,whole_document,618cc74df8621d4e6381351db249225c0e566068bb5b921741167c866d8b1a88,2,3,2,3,1,0
2009-08-12,0,8,8,12,0,4,whole_document,63fffaab5928da1d25b21acd40e74c82ed2d688285ae3226d76307c8e8e6eb3d,0,7,0,7,0,1
2009-09-23,5,4,9,18,0,9,whole_document,2cfe54107b8f64c8000b4a3f2226c3de5dd89d1c7586119eab28e6b30929fce7,5,5,5,5,0,-1
2009-11-04,2,2,4,9,0,5,whole_document,e868d43501b7d0abc282aade552e8412b0046a39edf43cc605d1f3bf9949c88e,3,1,3,1,-1,1
2009-12-16,2,3,5,11,0,6,whole_document,8540e7e7daff2876b84dd88254985fef186d4a1ead4bd5fd1ae3d0c6f7050a9d,1,3,1,3,1,0
2010-01-27,0,1,1,5,0,4,whole_document,6573c26c91d0464d5566665b3a17e9bc4cf65588b6abba6a4c9000dfbb783f6f,0,1,0,1,0,0
2010-03-16,1,0,1,8,0,7,whole_document,91f2ea3b9f146030cfd0b692ebffb7ee904735b869e9b393945d8ad7d9cbe41b,0,0,0,0,1,0
2010-04-28,0,3,3,6,0,3,whole_document,e1523bca84256980b30663a71bf0b4a808103cd20450bdc5ac64586b9599c5a5,0,3,0,3,0,0
2010-06-23,7,0,7,10,0,3,whole_document,e8ace34966a300eef69b7d2020eaa3d5ceeef35033292f505f67aecf4315fd8d,7,0,7,0,0,0
2010-08-10,2,1,3,9,0,6,whole_document,ccc74d619d964ca7d8132f065c067a17a24ca91e9f25218af593a7eb4980f07a,1,1,1,1,1,0
2010-09-21,2,0,2,10,0,8,whole_document,e167db80525365bf7f056be612f6c1064cca7df5d6c9f37dad561c827e3709e8,2,0,2,0,0,0
2010-11-03,0,4,4,9,0,5,whole_document,655dfddbf59ffb02381ad86c256dbe898c1459c18b15c127ae16a73ace40a8c1,0,4,0,4,0,0
2010-12-14,2,4,6,9,0,3,whole_document,55809d2a0e34fabff0e31c1f2cf576bbe85b4b2f4f31bfc6981bc05c8f603359,1,4,1,4,1,0
2011-01-26,0,5,5,9,0,4,whole_document,5c401480f9db84a56d13d520381c69c73ce9f5bbb4a5582dfcc30616180743b4,0,5,0,5,0,0
2011-03-15,1,5,6,10,0,4,whole_document,00766e547fdeb8d4304283272783ff714c3817058fd41d2b9b0981d88715fcd1,1,4,1,4,0,1
2011-04-27,1,2,3,6,0,3,whole_document,1780a0defe8e079a8625da39ab5f058f9804a8d7f091626767a1a562b013546c,0,2,0,2,1,0
2011-06-22,0,1,1,7,0,6,whole_document,be82c5c4abe83da4dfd06f7db62f759e7aa984a0ec25cd103f4762cbf2e76467,0,0,0,0,0,1
2011-08-09,2,0,2,7,0,5,whole_document,bc4304ee8213ad49f226fda5c54055e49d328a00d0d4db1d6374a9379f83bfc3,2,0,2,0,0,0
2011-09-21,2,0,2,6,0,4,whole_document,af059d2a692b0d4a43d6abd199dd14ada643344600aeb89584f380b14e4efbe5,1,0,1,0,1,0
2011-11-02,1,1,2,8,0,6,whole_document,fe1149953dd33ea7ecb15c75ba76eb0aeb1b9b9d6f23e66fef919e3636cd209b,1,1,1,1,0,0
2011-12-13,0,0,0,7,0,7,whole_document,69fcc7d5bbfb02222f1f28a987e4093f83e1918f51308dd428b837ee6c7d587f,0,0,0,0,0,0
2012-01-25,0,2,2,5,0,3,whole_document,b83a16ef9cff3732237876701f85eb7e0a988fa8b1cb5f167ab62be730ec2620,0,2,0,2,0,0
2012-03-13,0,4,4,8,0,4,whole_document,629357900e4144627ab68e188e1f0b9947e033fbd5402775ca2da45071b84ab1,0,4,0,4,0,0
2012-04-25,2,3,5,9,0,4,whole_document,d1fa82e2f0b9e1c196b2b58b47afbb7e41d34667c5bbfe0ee737a066f10807ea,2,4,2,4,0,-1
2012-06-20,3,2,5,9,0,4,whole_document,aeff7c87d2980e7657293ba066ba09e0c66f76aecb718a5a0e154906eaf552df,3,1,3,1,0,1
2012-08-01,0,2,2,5,0,3,whole_document,aaebd0abe423709cdf619abfd5a9346b7029bbf9ce3d9aed669dc66278957243,0,1,0,1,0,1
2012-09-13,1,5,6,11,0,5,whole_document,3552be49af0608c618c6542fa1bc06f09633831a9ce3d3e40309d449c7a706d8,0,5,0,5,1,0
2012-10-24,1,1,2,10,0,8,whole_document,9ac4dd24058b0251cbf9d2570b596a894cb298fd348bd325acede975e7f6a857,0,1,0,1,1,0
2012-12-12,1,4,5,12,0,7,whole_document,2ab035ca49e9cb7eb113be13c5f3cdd17a0a5a801660246de81b522e82457549,1,4,1,4,0,0
2013-01-30,0,3,3,5,0,2,whole_document,35be23a59646a0f6fa1980f74d50d30e4029dc22052bf81ce8235932a17ce24c,0,3,0,3,0,0
2013-03-20,0,4,4,12,0,8,whole_document,9b5f6ffbc7b2e607fb6c5273b15779fe25429483d38ee9b7b3db716a04f11604,0,4,0,4,0,0
2013-05-01,0,5,5,11,0,6,whole_document,233c53200d6d047f6b3d7167571b92d7d7d5b184fe19a206b3e8df2e017299cd,1,5,1,5,-1,0
2013-06-19,2,2,4,17,0,13,whole_document,07fd7ff1749054b3d85dd6e876979434e86f67fd65624155cb328eb542c0e56c,2,2,2,2,0,0
2013-07-31,0,6,6,14,0,8,whole_document,5d8d4d24e65e114eb853ea1abfd154f26b1270759e0d04a80d88cc11dc5f7ef9,0,7,0,7,0,-1
2013-09-18,0,1,1,8,0,7,whole_document,fcb41c9616e27d9605f66681e39fdd79d74ad9cbea294d5c16cb2a95c636f839,0,1,0,1,0,0
2013-10-30,0,4,4,9,0,5,whole_document,0e21f3aed642a5e2d98c440d32c97d580493a30c3dcc68880a6f37df75275145,0,4,0,4,0,0
2013-12-18,1,2,3,14,0,11,whole_document,5fbde0601c8089be0964a1e0ce5258753d9831fdd4517a6fed67a2d695a6e1fb,1,3,1,3,0,-1
2014-01-29,0,3,3,9,0,6,whole_document,8e237b3369ae1f75ea5a734e3087d54073850d3dcf9e06c50fa4f1cb26e6bf9e,0,3,0,3,0,0
2014-03-19,1,2,3,9,0,6,whole_document,3a71361872195edf94ade66d2e9e18f7bf232b44f2abf9157f7e848c17f46621,1,2,1,2,0,0
2014-04-30,1,2,3,9,0,6,whole_document,00aa436706af36809b7973dd239dffe52bdd76d741dd253a4f1f0a7214d72360,1,2,1,2,0,0
2014-06-18,0,3,3,8,0,5,whole_document,06b417b80858e15db1f2042996f406af54a8a72625002ad7894d9909d9713ee3,0,4,0,4,0,-1
2014-07-30,0,4,4,10,0,6,whole_document,dd0d49905aa3cc10668f2dee87f8a8f80aedc22afdca9bd123a92a0e8fbf5c80,1,2,1,2,-1,2
2014-09-17,0,4,4,8,0,4,whole_document,e0e89d8714292215dc535bdfe50668c0091931fcc4f5cbeff96d6cc44ad91b44,0,5,0,5,0,-1
2014-10-29,7,0,7,10,0,3,whole_document,9f92a0be0d43c6eada6dcc0020fc5c3197129e544215ad39b8ccd6bbe336df87,6,0,6,0,1,0
2014-12-17,0,0,0,8,0,8,whole_document,349a8db9fa6d353560265fb6ee7a2472be4dce06ad47642cf177292ffcdbe159,1,0,1,0,-1,0
2015-01-28,2,2,4,8,0,4,whole_document,ccfa8f4eb3a27cc0b35aba6c98f6fc3dbfb6c85784fce4c7e78e55eff7064c5c,0,2,0,2,2,0
2015-03-18,1,3,4,8,0,4,whole_document,54498a23a51caa0860906b7fb02a65675b3e8fde4a9afd4051c1db734bbc0fae,0,4,0,4,1,-1
2015-04-29,1,4,5,12,0,7,whole_document,b196615c9bc95eb72af577edde2e24ff7558c53a20422dd1b6606aabfadbeb20,1,4,1,4,0,0
2015-06-17,2,1,3,5,0,2,whole_document,2e03f108190abb61e1cf978bd5d29e4d74894820c3aa8727008f5d35106f5b58,2,1,2,1,0,0
2015-07-29,2,2,4,12,0,8,whole_document,02c8b73ea690b0eb55c09e371f763dd0c8bad7c16dd4ab27facb0b5e7fd27296,3,2,3,2,-1,0
2015-09-17,5,1,6,15,0,9,whole_document,0b5458c99cd8861da8b55b2e063d02253b8a08fdf70b70129c3010a085be4f10,5,1,5,1,0,0
2015-10-28,2,1,3,7,0,4,whole_document,e7f42f0d450dd24e615e71e7e7dfe21b76e1aace683a39d74a6592e018cc8733,1,1,1,1,1,0
2015-12-16,2,1,3,4,0,1,whole_document,662d67c0dc9d97166a8f30f23878d5970f6289953796de1b914b7b8f2706dcb8,2,1,2,1,0,0
2016-01-27,5,0,5,13,0,8,whole_document,24e47a928b254b87d40327edcc1b5647234577cb5ee0802d778d3e3081578a98,5,0,5,0,0,0
2016-03-16,1,3,4,12,0,8,whole_document,22199bab4375509ade8347aa84654334c5ee764ed65a0047fa7381764b381313,1,4,1,4,0,-1
2016-04-27,1,8,9,16,0,7,whole_document,e4eaec0b3424f45064e1b61ea6e6743bc052856250fa164e393235214769273b,1,8,1,8,0,0
2016-06-15,1,0,1,6,0,5,whole_document,4602689a88b567e25866f367efc3a4c2c52705e7c3177cab1cd7f77a2266f40c,1,0,1,0,0,0
2016-07-27,5,4,9,21,0,12,whole_document,82477e57362488fce83747e02c9735c4fe34546d5e86354cbc682302c81bdd33,6,4,6,4,-1,0
2016-09-21,0,2,2,8,0,6,whole_document,96687150e66ec31c289ae370341da18ad50f8b99e52143e7ea03fe70e3be9b76,0,2,0,2,0,0
2016-11-02,0,1,1,8,0,7,whole_document,8dd9dbee6b2c9505505878c90625fbdb1992b766a77fcc2aed51f1f091e9c09c,0,1,0,1,0,0
2016-12-14,2,6,8,15,0,7,whole_document,790e9a59adaa72f68592c72857006c6c22ce2098c4f7f187bc704f4f099e7919,2,5,2,5,0,1
2017-02-01,2,3,5,14,1,8,whole_document,6882ac52862fcb89f50347eaa903a8329f46ce9c56b5baa95d9db98256cc767b,1,2,1,2,1,1
2017-03-15,0,6,6,13,0,7,whole_document,98161a7aa34ed8bbb806d621ba7fb3efe17d6fc5382147518ab9d7b2a9a4ecb1,0,5,0,5,0,1
2017-05-03,2,2,4,9,1,4,whole_document,e66df6550c3a0dd4efde54dc1bb34d550169aecf5770b5e2722a31723a90e68f,2,2,2,2,0,0
2017-06-14,0,5,5,10,0,5,whole_document,00069b50194d1a85b3fff307fcaddc3db4369d2ceda3d5d60ffc79aabcf0eacb,0,5,0,5,0,0
2017-07-26,1,9,10,20,0,10,whole_document,c9e10ed47793f10f1b6e04cf6c97cb9a4963b315c7ba49cf1c2a842f16920a7f,1,10,1,10,0,-1
2017-09-20,0,4,4,9,0,5,whole_document,6377c6622565819d36076bd3c68265d84e4c3acae619e4c6b85a88020097320e,0,4,0,4,0,0
2017-11-01,1,6,7,12,0,5,whole_document,e87b119becc9273a18cf9a55c3216fa46842fb77de32f65d86c78e6f2bd64352,1,6,1,6,0,0
2017-12-13,1,7,8,12,0,4,whole_document,ebffd992bd54503cba9a5e9e367c83045534dce2aab1b8f0105d05055f0cd872,1,6,1,6,0,1
2018-01-31,3,6,9,15,0,6,whole_document,6ca9ad9fece074dc025d66714f3a84ae6724ec0c277b71dced549cfaf788b2eb,2,6,2,6,1,0
2018-03-21,4,1,5,13,0,8,whole_document,6cd35e554cb162c43b976a59bf2d7f73dd79ed4dea149b845b9cfeeea8bf72a0,4,0,4,0,0,1
2018-05-02,6,0,6,13,1,6,whole_document,21a2d852564ff84842018386793ea3dabd242aa232f51e6c095504f67cea76b4,5,0,5,0,1,0
2018-06-13,1,1,2,8,0,6,whole_document,ab8de8718cad39043769a1931bd0e22fd7346b306ed5945e5cd38db2578492e6,1,1,1,1,0,0
2018-08-01,2,0,2,13,0,11,whole_document,937af0f84978f864a7a4d98c12be0745eb7a47869dbb8a0d627462709eb95d1c,2,0,2,0,0,0
2018-09-26,1,4,5,11,0,6,whole_document,c52069fd071c02d848f630960dff6a5130766fa84e11aa3e983b73833656ea17,1,4,1,4,0,0
2018-11-08,7,1,8,23,0,15,whole_document,c98357d3e1fb291711d09077023211d3b54f23212e698ca21750e81929bfc628,6,1,6,1,1,0
2018-12-19,5,1,6,13,0,7,whole_document,2bcb4ac399268937553bffe5ceec204ffb3c5cfa1a9d596b4f1711dfab383141,5,1,5,1,0,0
2019-01-30,6,2,8,15,0,7,whole_document,1e44b3d17c9b02e7c4aeee48c677d25865c69087bab4d801a010505999624df2,5,1,5,1,1,1
2019-03-20,0,4,4,14,0,10,whole_document,dd5be661ed10ef5c086a0321e7642e6d4962cffc524ec956da54b40c7e116791,0,4,0,4,0,0
2019-05-01,2,3,5,11,0,6,whole_document,4887b5dee9b3187e30d60ef7a801dfe0bebec5239313f0f08591c6e6e8a51987,2,3,2,3,0,0
2019-06-19,4,1,5,9,0,4,whole_document,601cec532da8ac883307e18daf4bda1e3a4f4aaeded407b0c0abd4830dc8280c,4,1,4,1,0,0
2019-07-31,1,4,5,14,0,9,whole_document,898b50edc42161d31e8a09c72b6d04930ae95cdfa0251d6d28cfed18f5567f76,1,4,1,4,0,0
2019-09-18,4,1,5,14,1,8,whole_document,eeb354dc08537eccffbca09f87add486de14863045998fcb9dc673e72fca2134,4,0,4,0,0,1
2019-10-30,1,1,2,5,0,3,whole_document,d8b7148075354a4b72c293c5f690fb8ca12ee87bb630d0c7fc9ae33fcb520db4,0,0,0,0,1,1
2019-12-11,0,3,3,6,0,3,whole_document,f00b9ccbaa0a3bc53ee6848008b2bba1fd7f22ed1caa6aada3ee16d0938d64b3,0,1,0,1,0,2
2020-01-29,3,7,10,17,0,7,whole_document,edb14a5f9cdf3f2cd29b3449a3b6d56defc54f90048f30ba415fed90e99cd815,3,5,3,5,0,2
2020-03-15,4,0,4,11,0,7,whole_document,cf32258fdf305020113611934e771f58963a60461d4507ba59d5f49296ef06cb,3,0,3,0,1,0
2020-04-29,1,2,3,12,0,9,whole_document,d9a3391d790d20251c86c5512a0e0389977e5d2e0c918b53bcf5888ce25dad09,1,1,1,1,0,1
2020-06-10,1,2,3,7,0,4,whole_document,63e373c7c1f999bf08bf52fc1488e118ee960bb573223102af5089206e10c302,0,2,0,2,1,0
2020-07-29,1,0,1,11,0,10,whole_document,686f8e3b4db990f7de373c900a4fc157a486307b5842793186ff8a5a4b203e1b,1,0,1,0,0,0
2020-09-16,1,4,5,13,0,8,whole_document,7a90597d0bce39f940fd39bffddbd9343355d1bf5cc0ec013baea92cb748874a,0,4,0,4,1,0
2020-11-05,2,3,5,10,0,5,whole_document,95a4a708af7a70fb993f8dc3592065a9a314077a1fd5395f8fc7a33ad5f80d92,2,3,2,3,0,0
2020-12-16,0,4,4,8,0,4,whole_document,a5171ce55224343662858ad49d50e9fdadb9c4c61c4ca929adc1c587043d6f96,0,4,0,4,0,0
2021-01-27,1,5,6,11,0,5,whole_document,b0138b8fbbf56f76f04309a60ef25dff501660ca1142443792174720f6324284,1,5,1,5,0,0
2021-03-17,0,4,4,7,0,3,whole_document,5c8ab17cba1d9fb63e8e9c41ebe0f051c5f5ec5ab5c992b776401280a2020b67,0,4,0,4,0,0
2021-04-28,2,4,6,14,0,8,whole_document,be34778fb161b412806d6927eb5f045b78808d5bc625091137aa294812509eb9,2,4,2,4,0,0
2021-06-16,0,4,4,6,0,2,whole_document,04f275fa23b47bf5eba91077b69dee7366628c069922f0537f84e058a7f224f7,0,3,0,3,0,1
2021-07-28,2,3,5,10,0,5,whole_document,e7533726c6582e002ce50d68a9a6592f3ea12eb0b442e4de25ae9a320203022a,2,3,2,3,0,0
2021-09-22,1,1,2,9,0,7,whole_document,ba79ca17c27a07ea83ff946e922ab95b7000a90806cb981634496f835c51248d,1,1,1,1,0,0
2021-11-03,0,6,6,8,0,2,whole_document,312e598b25593da21f9e3d31c7cf74af044016015dc057a797980acccde68c62,0,6,0,6,0,0
2021-12-15,2,0,2,10,0,8,whole_document,5229de89d5b4263b44b7a58ffa85570afbdf5afd72308453724ce52a49464ce4,2,0,2,0,0,0
2022-01-26,6,2,8,12,0,4,whole_document,4424d3e3c7e29733629d0ce1ce5ff4249cc2ce17d484d2712dff7a685fea4e83,5,2,5,2,1,0
2022-03-16,4,2,6,10,0,4,whole_document,d2f29d7b124fd4f622bcd077a260ac46bf1fc58e15f601f0a714a2b0e4685af3,3,2,3,2,1,0
2022-05-04,4,2,6,9,0,3,whole_document,98e14f86370e58f99964923eb041688bf4f785e170cc0537b033832d259edb73,4,2,4,2,0,0
2022-06-15,5,0,5,10,0,5,whole_document,a42706ce38dd22ad0270482536c79f26bcc70f2e4f9e2183e3f21114528bfb15,5,0,5,0,0,0
2022-07-27,1,2,3,9,0,6,whole_document,aa114adf8af2cfccdb1ebed2730ea4b07f43f8451f8dbaff5be3d70b3a0e2fce,1,2,1,2,0,0
2022-09-21,2,0,2,4,0,2,whole_document,7246407a269ba4af263a731d6f534f1e61e6b39ac83353f252b81d3edee097b5,3,0,3,0,-1,0
2022-11-02,1,0,1,7,0,6,whole_document,68d1fa6c7b9156fbe3536eeaec750f2e34d1f4002b445da3ee8147a1d41f649d,1,0,1,0,0,0
2022-12-14,0,2,2,6,0,4,whole_document,f2a9adc304785fade311a0bf6ae8ae7a08cab045344d1d73411e672b5d42bc46,0,2,0,2,0,0
2023-02-01,3,1,4,7,0,3,whole_document,f5e1a260c148e7110dfd7714c608ff7a0420e915d49fa3b792e2b06302c08bab,3,1,3,1,0,0
2023-03-22,4,1,5,12,0,7,whole_document,4c78ac58b6fa6ab9749d37fe1d30a73a8c5e7335aff4e497821d86ae85cac165,4,1,4,1,0,0
2023-05-03,1,1,2,11,0,9,whole_document,9c8c70313ea55eafa109b0014ac112edeeef6f6420ce42c754f2aeefe34af13c,2,1,2,1,-1,0
2023-06-14,1,4,5,11,0,6,whole_document,50f18a5bcd74e31596606f4230d79e4b4fd44f21385015fcd0da28d75651239d,0,4,0,4,1,0
2023-07-26,1,4,5,7,0,2,whole_document,1990ea39f50a0dc59ab20629cac260341b823d9f90276e8b6c9b4678de745850,1,4,1,4,0,0
2023-09-20,5,1,6,8,0,2,whole_document,deda581c0050846f8e5da2555b93d8747fa947448908415a413fe22dd97c9d56,5,0,5,0,0,1
2023-11-01,4,1,5,12,0,7,whole_document,4e3cda8fb448c86c4830012e194aa854c575f6e07797eccde471894a17ce1d69,4,0,4,0,0,1
2023-12-13,0,3,3,6,0,3,whole_document,d69c3f2cc967d3fb3ee8278d7efe1b8b2be320a4456809e37037882e57dafb11,0,3,0,3,0,0
2024-01-31,1,1,2,7,0,5,whole_document,3c0ff691ebcddcae55cee5cd4de2d72ac3feefe5a722f9920cb0215ba3b2c103,1,1,1,1,0,0
2024-03-20,0,3,3,8,0,5,whole_document,e0e7416fb75e3fa2fef498adc631f30c07f16cc5b1ff7ed52a5ec7a89183f4a2,0,2,0,2,0,1
2024-05-01,2,1,3,5,0,2,whole_document,d850648e6001f45824187d92a23a80f5c984ff54fe054af377057d25e6820894,2,1,2,1,0,0
2024-06-12,0,3,3,6,0,3,whole_document,d3fcbce51f14a387495abbb0bfeaeb6391cc0284c7a146c14181881fc44930f3,0,3,0,3,0,0
2024-07-31,2,3,5,9,0,4,whole_document,8278c7f7d750f2efaf95f331559783f37af248edaec15bc2dad4f9558eabfb6c,2,3,2,3,0,0
2024-09-18,1,0,1,7,0,6,whole_document,2ae56fe3bb1e5e8ab169e7d3e3535e08393b8a9683c09a1625389494de5498fb,1,0,1,0,0,0
2024-11-07,3,3,6,10,0,4,whole_document,c4185538917417db631b5383da928e0c8df03af063a4c92d09792f1676d3dcbc,4,4,4,4,-1,-1
2024-12-18,0,3,3,8,0,5,whole_document,d6ccc263708ea0a459b940fd10cc11b4f55286b70496f55867b93cb09f762f27,0,3,0,3,0,0
