meeting_date,y,prediction,error,squared_error,sse_share_pct
2007-09-18,-1.297828717597052,-1.4998630070915568,0.2020342894945048,0.040817854131549376,0.0050884788302698455
2007-10-31,0.3568465582405148,1.5534549408123737,-1.196608382571859,1.4318716212412403,0.1785015059554197
2007-12-11,-0.5676837479609462,-1.314018851644188,0.7463351036832417,0.5570160869898751,0.06943933303384899
2008-01-30,-9.723324658604156,-7.615111765118103,-2.108212893486053,4.444561604260836,0.5540726751637538
2008-03-18,-7.007423012393304,-3.633359482771673,-3.374063529621631,11.38430470192278,1.4192023247077208
2008-04-30,7.139878364396583,0.5729470743145973,6.566931290081985,43.12458656865785,5.376043167569262
2008-06-25,-6.962051223458363,-0.6909875061524942,-6.271063717305869,39.3262401465101,4.902529658092756
2008-08-05,-1.958289077205328,-6.226158588789316,4.267869511583988,18.214710167908144,2.2707016098933597
2008-09-16,-3.1228613460654087,-3.856526743888928,0.7336653978235197,0.5382649159635434,0.06710175456873049
2008-10-29,-30.985565268469973,-5.76725126311158,-25.218314005358398,635.9633612728555,79.28114227256519
2008-12-16,-8.132340859388137,-8.001560302166746,-0.1307805572213904,0.017103554147137368,0.0021321814939020403
2009-01-28,-7.807583363484524,-6.269992598766781,-1.5375907647177431,2.364185359745294,0.29472659476724883
2009-03-18,-11.459686101313434,-10.484347378056162,-0.9753387232572716,0.9512856250851246,0.11859018235464336
2009-04-29,8.938890727207495,5.011467907973072,3.9274228192344234,15.424650001043267,1.922884156077294
2009-06-24,2.266202431628072,6.68767420742728,-4.421471775799208,19.549412664189006,2.437089714842366
2009-08-12,8.994248685840617,8.005555608749557,0.9886930770910602,0.9775140006877892,0.12185989206491858
2009-09-23,4.98498197376516,6.201857307356315,-1.2168753335911546,1.4807855775025838,0.1845992696971988
2009-11-04,-0.7633276328603504,1.1794549064528417,-1.942782539313192,3.774403995060214,0.4705287731160992
2009-12-16,4.349981838641521,5.594724034729037,-1.2447421960875156,1.5493831347207712,0.19315085147776023
2010-01-27,0.0572866468981563,-0.966309470074047,1.0235961169722032,1.0477490106805722,0.13061560372825734
