arm_id,fold,alpha,cv_mse,selected
embedding,0,0.0001,52.42657264713623,False
embedding,0,0.001,52.01459776733138,False
embedding,0,0.01,48.37148297260902,False
embedding,0,0.1,31.359149682422963,False
embedding,0,1.0,16.35919290914792,True
embedding,0,10.0,18.939359136667964,False
embedding,0,100.0,20.36727523615178,False
embedding,0,1000.0,20.57798799063649,False
embedding,0,10000.0,20.60064129828495,False
embedding,1,0.0001,84.19693990288424,False
embedding,1,0.001,83.61861236929181,False
embedding,1,0.01,78.46800604776702,False
embedding,1,0.1,54.21211146820594,False
embedding,1,1.0,32.826074868389966,True
embedding,1,10.0,36.453086068732034,False
embedding,1,100.0,39.136241523369115,False
embedding,1,1000.0,39.512748594253104,False
embedding,1,10000.0,39.551198472896516,False
embedding,2,0.0001,63.655480172689096,False
embedding,2,0.001,63.239876449521354,False
embedding,2,0.01,59.526328528722594,False
embedding,2,0.1,42.13184331817394,False
embedding,2,1.0,30.36416471865792,True
embedding,2,10.0,38.665303443011396,False
embedding,2,100.0,42.3026277359687,False
embedding,2,1000.0,42.65378284518187,False
embedding,2,10000.0,42.68449674211951,False
embedding,3,0.0001,55.24128320570553,False
embedding,3,0.001,54.90177022112951,False
embedding,3,0.01,51.92147413201511,False
embedding,3,0.1,39.09978486520387,False
embedding,3,1.0,31.81762374868555,True
embedding,3,10.0,39.55012537394527,False
embedding,3,100.0,42.67155928311368,False
embedding,3,1000.0,42.87148248424146,False
embedding,3,10000.0,42.88422330834863,False
embedding,4,0.0001,54.712604611302226,False
embedding,4,0.001,54.39262386367868,False
embedding,4,0.01,51.517545320548706,False
embedding,4,0.1,37.466972809614,False
embedding,4,1.0,25.638509975780874,True
embedding,4,10.0,33.31528441037799,False
embedding,4,100.0,37.20560337392399,False
embedding,4,1000.0,37.54889511977544,False
embedding,4,10000.0,37.577267685466246,False
rules_linear,0,0.0001,22.840596640041774,False
rules_linear,0,0.001,22.83774976876649,False
rules_linear,0,0.01,22.809374974975142,False
rules_linear,0,0.1,22.534752409420648,False
rules_linear,0,1.0,20.4969745138392,False
rules_linear,0,10.0,17.525310843054545,True
rules_linear,0,100.0,19.805200695179256,False
rules_linear,0,1000.0,20.512768276235366,False
rules_linear,0,10000.0,20.594018759670494,False
rules_linear,1,0.0001,39.07028045635415,False
rules_linear,1,0.001,39.0657612519134,False
rules_linear,1,0.01,39.02071363857076,False
rules_linear,1,0.1,38.58432326371656,False
rules_linear,1,1.0,35.33954862050042,False
rules_linear,1,10.0,31.27875266111312,True
rules_linear,1,100.0,37.33001828636329,False
rules_linear,1,1000.0,39.297224815096286,False
rules_linear,1,10000.0,39.52923713224746,False
rules_linear,2,0.0001,30.43409973071931,False
rules_linear,2,0.001,30.43323237224793,False
rules_linear,2,0.01,30.424596080206364,False
rules_linear,2,0.1,30.341870185629272,False
rules_linear,2,1.0,29.80425941929621,True
rules_linear,2,10.0,31.56799349422378,False
rules_linear,2,100.0,39.71887057827613,False
rules_linear,2,1000.0,42.33473819332174,False
rules_linear,2,10000.0,42.65184981218628,False
rules_linear,3,0.0001,28.50086940926379,True
rules_linear,3,0.001,28.500992427070862,False
rules_linear,3,0.01,28.502233084062013,False
rules_linear,3,0.1,28.515662079540068,False
rules_linear,3,1.0,28.73069392784224,False
rules_linear,3,10.0,32.10493999308115,False
rules_linear,3,100.0,39.917327749110584,False
rules_linear,3,1000.0,42.521468564442394,False
rules_linear,3,10000.0,42.84826865059188,False
rules_linear,4,0.0001,23.60634206136938,False
rules_linear,4,0.001,23.606326541738518,False
rules_linear,4,0.01,23.606182236568866,False
rules_linear,4,0.1,23.605803224681342,True
rules_linear,4,1.0,23.687517987661728,False
rules_linear,4,10.0,26.316843211301276,False
rules_linear,4,100.0,34.1528634213476,False
rules_linear,4,1000.0,37.14840929423824,False
rules_linear,4,10000.0,37.53597907091749,False
rules_quadratic,0,0.0001,24.68895523523552,False
rules_quadratic,0,0.001,23.904439209644636,False
rules_quadratic,0,0.01,21.696146731770053,False
rules_quadratic,0,0.1,20.046076487539786,False
rules_quadratic,0,1.0,20.75454590457808,False
rules_quadratic,0,10.0,19.404285150156575,True
rules_quadratic,0,100.0,20.28925068305065,False
rules_quadratic,0,1000.0,20.567994870973443,False
rules_quadratic,0,10000.0,20.599618924888787,False
rules_quadratic,1,0.0001,52.01987092984945,False
rules_quadratic,1,0.001,51.438386018222005,False
rules_quadratic,1,0.01,47.148796702822466,False
rules_quadratic,1,0.1,37.073834563586075,False
rules_quadratic,1,1.0,34.6091199038129,False
rules_quadratic,1,10.0,33.802011276541755,True
rules_quadratic,1,100.0,38.19628526918981,False
rules_quadratic,1,1000.0,39.40290610528224,False
rules_quadratic,1,10000.0,39.54003491626387,False
rules_quadratic,2,0.0001,42.580167358857246,False
rules_quadratic,2,0.001,42.48293689722783,False
rules_quadratic,2,0.01,41.61964349142919,False
rules_quadratic,2,0.1,37.37861669484071,False
rules_quadratic,2,1.0,31.56028598732124,True
rules_quadratic,2,10.0,34.10274116685248,False
rules_quadratic,2,100.0,40.777223171215645,False
rules_quadratic,2,1000.0,42.471682482260654,False
rules_quadratic,2,10000.0,42.66594015419541,False
rules_quadratic,3,0.0001,36.38858403366534,False
rules_quadratic,3,0.001,36.306149529563754,False
rules_quadratic,3,0.01,35.60741433034022,False
rules_quadratic,3,0.1,33.103132292813875,False
rules_quadratic,3,1.0,31.368070534638647,True
rules_quadratic,3,10.0,35.076687097550675,False
rules_quadratic,3,100.0,41.073424665299086,False
rules_quadratic,3,1000.0,42.67424722486534,False
rules_quadratic,3,10000.0,42.864041519377594,False
rules_quadratic,4,0.0001,39.92686709645436,False
rules_quadratic,4,0.001,39.80434724774228,False
rules_quadratic,4,0.01,38.70055254302026,False
rules_quadratic,4,0.1,32.910452780290456,False
rules_quadratic,4,1.0,25.888398108214027,True
rules_quadratic,4,10.0,28.666264179452668,False
rules_quadratic,4,100.0,35.34702910460439,False
rules_quadratic,4,1000.0,37.315965466881245,False
rules_quadratic,4,10000.0,37.553395490070024,False
tfidf,0,0.0001,24.620085041362067,False
tfidf,0,0.001,24.617844598667798,False
tfidf,0,0.01,24.596441438541596,False
tfidf,0,0.1,24.455560274841293,False
tfidf,0,1.0,24.266413486293434,False
tfidf,0,10.0,22.371244300253174,False
tfidf,0,100.0,20.835639436145215,False
tfidf,0,1000.0,20.626523285694436,False
tfidf,0,10000.0,20.605512301203994,True
tfidf,1,0.0001,44.58240441974377,False
tfidf,1,0.001,44.57821099562015,False
tfidf,1,0.01,44.537936570311814,False
tfidf,1,0.1,44.25622291571409,False
tfidf,1,1.0,43.68059106983152,False
tfidf,1,10.0,41.414166925373394,False
tfidf,1,100.0,39.84300267932272,False
tfidf,1,1000.0,39.586676356608585,False
tfidf,1,10000.0,39.558624869714215,True
tfidf,2,0.0001,42.88838742618921,False
tfidf,2,0.001,42.88915444677259,False
tfidf,2,0.01,42.896858655151846,False
tfidf,2,0.1,42.97715301220529,False
tfidf,2,1.0,43.55464966490588,False
tfidf,2,10.0,43.75210797323376,False
tfidf,2,100.0,43.00922282207653,False
tfidf,2,1000.0,42.72716061205371,False
tfidf,2,10000.0,42.691861184267594,True
tfidf,3,0.0001,47.670044113399854,False
tfidf,3,0.001,47.665840783029836,False
tfidf,3,0.01,47.62429778662227,False
tfidf,3,0.1,47.26055081943075,False
tfidf,3,1.0,45.97298585083726,False
tfidf,3,10.0,44.86778544367966,False
tfidf,3,100.0,43.40263733123149,False
tfidf,3,1000.0,42.94683645178012,False
tfidf,3,10000.0,42.8917788274815,True
tfidf,4,0.0001,38.16526496499676,False
tfidf,4,0.001,38.16434979234442,False
tfidf,4,0.01,38.15583892945939,False
tfidf,4,0.1,38.12058658104051,False
tfidf,4,1.0,38.61998927317207,False
tfidf,4,10.0,39.12453742116063,False
tfidf,4,100.0,38.03956364897539,False
tfidf,4,1000.0,37.63564847065751,False
tfidf,4,10000.0,37.585974857623924,True
tfidf_nested_corrected,0,0.0001,24.66082033894949,False
tfidf_nested_corrected,0,0.001,24.656483992028846,False
tfidf_nested_corrected,0,0.01,24.614858001455623,False
tfidf_nested_corrected,0,0.1,24.327916822548907,False
tfidf_nested_corrected,0,1.0,23.947379163174528,False
tfidf_nested_corrected,0,10.0,22.27249690597819,False
tfidf_nested_corrected,0,100.0,20.82412629347581,False
tfidf_nested_corrected,0,1000.0,20.625364854097096,False
tfidf_nested_corrected,0,10000.0,20.605396426817542,True
tfidf_nested_corrected,1,0.0001,43.717838783425414,False
tfidf_nested_corrected,1,0.001,43.71299128372388,False
tfidf_nested_corrected,1,0.01,43.66651736911623,False
tfidf_nested_corrected,1,0.1,43.35016275323245,False
tfidf_nested_corrected,1,1.0,42.9692030342084,False
tfidf_nested_corrected,1,10.0,41.24187201863874,False
tfidf_nested_corrected,1,100.0,39.82363954231078,False
tfidf_nested_corrected,1,1000.0,39.584739766214426,False
tfidf_nested_corrected,1,10000.0,39.558431306323655,True
tfidf_nested_corrected,2,0.0001,41.06192124752635,True
tfidf_nested_corrected,2,0.001,41.0643041624527,False
tfidf_nested_corrected,2,0.01,41.08795756243271,False
tfidf_nested_corrected,2,0.1,41.310915901686585,False
tfidf_nested_corrected,2,1.0,42.58902091435769,False
tfidf_nested_corrected,2,10.0,43.5527216811215,False
tfidf_nested_corrected,2,100.0,42.988370819694936,False
tfidf_nested_corrected,2,1000.0,42.72513174325244,False
tfidf_nested_corrected,2,10000.0,42.69165916200787,False
tfidf_nested_corrected,3,0.0001,47.7376751174317,False
tfidf_nested_corrected,3,0.001,47.73390311137884,False
tfidf_nested_corrected,3,0.01,47.696270996148804,False
tfidf_nested_corrected,3,0.1,47.34573813920096,False
tfidf_nested_corrected,3,1.0,45.94306580925411,False
tfidf_nested_corrected,3,10.0,44.828666416997685,False
tfidf_nested_corrected,3,100.0,43.397731820308,False
tfidf_nested_corrected,3,1000.0,42.9463487445081,False
tfidf_nested_corrected,3,10000.0,42.89173014020596,True
tfidf_nested_corrected,4,0.0001,36.889627760555314,False
tfidf_nested_corrected,4,0.001,36.88881818803813,False
tfidf_nested_corrected,4,0.01,36.88150961459971,False
tfidf_nested_corrected,4,0.1,36.87021038168963,True
tfidf_nested_corrected,4,1.0,37.7500427424645,False
tfidf_nested_corrected,4,10.0,38.92982886953266,False
tfidf_nested_corrected,4,100.0,38.01826594280954,False
tfidf_nested_corrected,4,1000.0,37.633538996740036,False
tfidf_nested_corrected,4,10000.0,37.58576430021711,False
