meeting_date,y,prediction,error
2007-09-18,-1.297828717597052,-1.4998630070915568,0.20203428949450486
2007-10-31,0.3568465582405148,1.5534549408123737,-1.196608382571859
2007-12-11,-0.5676837479609462,-1.314018851644188,0.7463351036832417
2008-01-30,-9.723324658604156,-7.615111765118103,-2.108212893486053
2008-03-18,-7.007423012393304,-3.6333594827716733,-3.374063529621631
2008-04-30,7.139878364396583,0.5729470743145973,6.566931290081985
2008-06-25,-6.962051223458363,-0.6909875061524942,-6.271063717305869
2008-08-05,-1.958289077205328,-6.226158588789316,4.267869511583988
2008-09-16,-3.1228613460654087,-3.8565267438889284,0.7336653978235197
2008-10-29,-30.985565268469973,-5.7672512631115795,-25.218314005358394
2008-12-16,-8.132340859388137,-8.001560302166746,-0.13078055722139048
2009-01-28,-7.807583363484524,-6.269992598766781,-1.5375907647177431
2009-03-18,-11.459686101313434,-10.484347378056162,-0.9753387232572717
2009-04-29,8.938890727207495,5.011467907973072,3.9274228192344225
2009-06-24,2.266202431628072,6.68767420742728,-4.421471775799208
2009-08-12,8.994248685840617,8.005555608749557,0.9886930770910602
2009-09-23,4.98498197376516,6.201857307356315,-1.2168753335911546
2009-11-04,-0.7633276328603504,1.1794549064528415,-1.942782539313192
2009-12-16,4.349981838641521,5.594724034729037,-1.2447421960875156
2010-01-27,0.0572866468981563,-0.966309470074047,1.0235961169722032
