meeting_date,negative_phrase_hits,positive_phrase_hits,unclassified_phrase_hits,ambiguous_phrase_hits,noun_hits,passage_count,rule_passages_negative,rule_passages_positive,rule_passages_mixed,rule_passages_unclassified,flash_negative,flash_positive,flash_neutral,flash_hypothetical,flash_unclear
2000-02-02,1,7,8,0,16,6,1,5,0,0,1,4,0,1,0
2000-03-21,0,4,12,0,16,9,0,4,0,5,0,6,0,0,3
2000-05-16,5,5,6,0,16,9,3,3,2,1,3,4,0,0,2
2000-06-28,2,5,7,0,14,9,0,3,2,4,1,2,2,0,4
2000-08-22,0,5,10,0,15,9,0,5,0,4,0,3,4,0,2
2000-10-03,3,1,4,0,8,7,3,1,0,3,3,1,3,0,0
2000-11-15,1,2,5,0,8,6,1,2,0,3,3,2,0,0,1
2000-12-19,9,1,6,0,16,9,7,1,0,1,8,1,0,0,0
2001-01-31,4,1,2,0,7,5,3,1,0,1,2,1,0,1,1
2001-03-20,8,0,4,0,12,11,6,0,0,5,10,0,0,0,1
2001-05-15,6,4,4,0,14,8,4,2,0,2,4,3,0,0,1
2001-06-27,7,0,2,0,9,8,6,0,0,2,4,0,0,2,2
2001-08-21,6,0,3,0,9,6,5,0,0,1,6,0,0,0,0
2001-10-02,6,0,6,0,12,9,5,0,0,4,7,0,0,1,1
2001-11-06,2,1,1,0,4,4,2,1,0,1,2,1,0,0,1
2001-12-11,1,1,3,0,5,5,1,1,0,3,0,2,0,1,2
2002-01-30,5,2,4,0,11,8,3,0,2,3,4,0,0,2,2
2002-03-19,0,1,2,0,3,3,0,1,0,2,1,1,0,0,1
2002-05-07,1,0,0,0,1,1,1,0,0,0,1,0,0,0,0
2002-06-26,6,0,2,0,8,5,5,0,0,0,4,0,0,1,0
2002-08-13,7,0,12,0,19,9,6,0,0,3,7,0,0,0,2
2002-09-24,4,1,3,0,8,7,4,1,0,2,4,1,0,0,2
2002-11-06,1,1,4,0,6,6,1,1,0,4,2,3,0,0,1
2002-12-10,0,0,3,0,3,2,0,0,0,2,0,0,0,0,2
2003-01-29,1,0,1,0,2,2,1,0,0,1,1,0,0,1,0
2003-03-18,2,1,3,0,6,6,2,1,0,3,3,0,0,2,1
2003-05-06,0,1,3,0,4,4,0,1,0,3,0,3,0,0,1
2003-06-25,0,4,4,0,8,6,0,4,0,2,0,6,0,0,0
2003-08-12,0,1,3,0,4,4,0,1,0,3,0,3,1,0,0
2003-09-16,0,1,1,0,2,2,0,1,0,1,0,2,0,0,0
2003-10-28,0,1,0,0,1,1,0,1,0,0,0,1,0,0,0
2003-12-09,0,3,0,0,3,3,0,3,0,0,0,3,0,0,0
2004-01-28,0,2,3,0,5,4,0,2,0,2,0,3,0,0,1
2004-03-16,1,3,1,0,5,4,1,2,0,1,2,2,0,0,0
2004-05-04,0,0,1,0,1,1,0,0,0,1,0,0,1,0,0
2004-06-30,0,0,2,0,2,2,0,0,0,2,0,1,0,0,1
2004-08-10,1,0,1,0,2,2,1,0,0,1,2,0,0,0,0
2004-09-21,0,0,1,0,1,1,0,0,0,1,0,1,0,0,0
2004-11-10,0,0,1,0,1,1,0,0,0,1,0,1,0,0,0
2004-12-14,0,3,0,0,3,2,0,2,0,0,0,2,0,0,0
2005-02-02,2,2,0,0,4,3,2,1,0,0,2,1,0,0,0
2005-03-22,0,3,0,0,3,2,0,2,0,0,0,2,0,0,0
2005-05-03,3,0,1,0,4,3,3,0,0,0,3,0,0,0,0
2005-06-30,0,3,2,0,5,4,0,3,0,1,0,3,0,0,1
2005-08-09,0,1,0,0,1,1,0,1,0,0,0,1,0,0,0
2005-09-20,0,0,1,0,1,1,0,0,0,1,0,1,0,0,0
2005-11-01,0,0,1,0,1,1,0,0,0,1,1,0,0,0,0
2005-12-13,0,2,3,0,5,3,0,2,0,1,0,3,0,0,0
2006-01-31,0,2,3,0,5,4,0,2,0,2,0,4,0,0,0
2006-03-28,0,1,1,0,2,2,0,1,0,1,0,2,0,0,0
2006-05-10,0,2,1,0,3,2,0,1,0,1,0,2,0,0,0
2006-06-29,2,0,2,0,4,3,2,0,0,1,3,0,0,0,0
2006-08-08,0,0,1,0,1,1,0,0,0,1,0,1,0,0,0
2006-09-20,0,0,1,0,1,1,0,0,0,1,0,1,0,0,0
2006-10-25,0,1,0,0,1,1,0,1,0,0,0,1,0,0,0
2006-12-12,0,1,2,0,3,2,0,1,0,1,0,2,0,0,0
2007-01-31,0,1,2,0,3,2,0,1,0,1,0,2,0,0,0
2007-03-21,4,0,3,0,7,5,3,0,0,2,5,0,0,0,0
2007-05-09,0,3,6,0,9,4,0,3,0,1,0,4,0,0,0
2007-06-28,1,2,5,0,8,4,0,0,1,3,0,2,0,2,0
2007-08-07,2,1,2,0,5,4,2,1,0,1,3,1,0,0,0
2007-09-18,1,0,2,0,3,2,1,0,0,1,1,0,1,0,0
2007-10-31,0,1,1,0,2,2,0,1,0,1,0,2,0,0,0
2007-12-11,0,0,1,0,1,1,0,0,0,1,1,0,0,0,0
2008-01-30,7,0,2,0,9,7,5,0,0,2,7,0,0,0,0
2008-03-18,4,0,2,0,6,3,2,0,0,1,3,0,0,0,0
2008-04-30,0,0,4,0,4,3,0,0,0,3,1,2,0,0,0
2008-06-25,1,0,4,0,5,5,1,0,0,4,4,0,0,0,1
2008-08-05,4,0,5,0,9,5,3,0,0,2,5,0,0,0,0
2008-09-16,3,0,3,0,6,3,3,0,0,0,3,0,0,0,0
2008-10-29,3,1,3,0,7,5,2,0,1,2,5,0,0,0,0
2008-12-16,9,0,5,0,14,8,7,0,0,1,7,0,0,0,1
2009-01-28,4,0,2,0,6,6,4,0,0,2,6,0,0,0,0
2009-03-18,6,0,9,0,15,10,6,0,0,4,9,0,0,0,1
2009-04-29,4,4,2,0,10,8,3,2,1,2,0,5,0,0,3
2009-06-24,2,3,8,0,13,9,2,3,0,4,0,7,0,0,2
2009-08-12,0,8,6,0,14,10,0,7,0,3,0,9,0,0,1
2009-09-23,6,4,11,0,21,10,4,4,0,2,0,6,0,0,4
2009-11-04,2,4,7,0,13,9,2,4,0,3,1,2,2,0,4
2009-12-16,1,5,7,0,13,7,1,3,0,3,0,6,0,0,1
2010-01-27,0,1,4,0,5,4,0,1,0,3,1,0,3,0,0
2010-03-16,3,0,10,0,13,6,3,0,0,3,0,3,0,0,3
2010-04-28,0,4,7,0,11,7,0,4,0,3,0,4,0,0,3
2010-06-23,8,0,7,0,15,11,8,0,0,3,10,0,0,0,1
2010-08-10,4,2,9,0,15,9,3,1,1,4,0,4,1,0,4
2010-09-21,3,0,13,0,16,7,3,0,0,4,1,3,0,0,3
2010-11-03,0,3,8,0,11,6,0,3,0,3,0,4,0,1,1
2010-12-14,2,5,5,0,12,7,1,3,1,2,0,4,0,0,3
2011-01-26,0,7,8,0,15,8,0,7,0,1,0,6,0,1,1
2011-03-15,3,7,7,0,17,8,1,4,2,1,4,1,2,0,1
2011-04-27,2,2,5,0,9,4,2,2,0,0,0,4,0,0,0
2011-06-22,0,2,8,0,10,6,0,2,0,4,4,0,0,0,2
2011-08-09,2,0,6,0,8,6,2,0,0,4,6,0,0,0,0
2011-09-21,2,0,6,0,8,6,2,0,0,4,4,1,0,0,1
2011-11-02,2,2,6,0,10,8,0,0,2,6,0,0,1,0,7
2011-12-13,0,0,6,0,6,3,0,0,0,3,0,1,0,0,2
2012-01-25,0,2,3,0,5,4,0,2,0,2,0,3,0,0,1
2012-03-13,0,4,4,0,8,6,0,4,0,2,0,5,0,1,0
2012-04-25,2,3,6,0,11,6,2,2,0,2,2,1,3,0,0
2012-06-20,3,3,6,0,12,6,2,2,1,1,6,0,0,0,0
2012-08-01,0,5,4,0,9,6,0,3,0,3,0,3,0,0,3
2012-09-13,3,6,6,0,15,7,1,3,2,1,0,6,0,1,0
2012-10-24,2,1,7,0,10,6,2,1,0,3,3,1,0,0,2
2012-12-12,2,2,5,0,9,5,2,2,0,1,0,1,0,0,4
2013-01-30,0,3,1,0,4,4,0,3,0,1,0,3,0,0,1
2013-03-20,0,6,8,0,14,8,0,4,0,4,1,5,0,1,1
2013-05-01,0,6,8,0,14,9,0,6,0,3,0,7,1,0,1
2013-06-19,3,1,19,0,23,10,3,1,0,6,2,3,0,1,4
2013-07-31,0,6,7,0,13,7,0,4,0,3,0,6,0,0,1
2013-09-18,0,1,6,0,7,5,0,1,0,4,0,3,0,1,1
2013-10-30,0,4,5,0,9,6,0,4,0,2,0,5,0,1,0
2013-12-18,3,1,12,0,16,8,3,1,0,4,1,2,1,1,3
2014-01-29,0,3,5,0,8,6,0,3,0,3,1,5,0,0,0
2014-03-19,1,2,8,0,11,7,1,2,0,4,0,4,0,0,3
2014-04-30,1,1,5,0,7,6,1,1,0,4,1,3,0,0,2
2014-06-18,0,1,7,0,8,6,0,1,0,5,0,5,0,0,1
2014-07-30,0,5,7,0,12,7,0,4,0,3,2,4,0,0,1
2014-09-17,0,2,4,0,6,5,0,2,0,3,0,4,0,0,1
2014-10-29,6,0,6,0,12,7,6,0,0,1,6,0,0,0,1
2014-12-17,0,0,8,0,8,5,0,0,0,5,0,0,3,1,1
2015-01-28,2,2,5,0,9,5,2,2,0,1,0,2,0,0,3
2015-03-18,1,4,4,0,9,5,0,3,1,1,0,3,0,0,2
2015-04-29,1,5,12,0,18,8,0,4,1,3,0,7,0,0,1
2015-06-17,4,0,4,0,8,4,4,0,0,0,2,0,0,0,2
2015-07-29,2,0,14,0,16,8,2,0,0,6,2,0,3,0,3
2015-09-17,7,2,17,0,26,10,5,2,0,3,10,0,0,0,0
2015-10-28,1,1,6,0,8,5,1,1,0,3,0,5,0,0,0
2015-12-16,2,0,1,0,3,2,2,0,0,0,2,0,0,0,0
2016-01-27,6,0,11,0,17,9,6,0,0,3,8,0,0,1,0
2016-03-16,1,3,6,0,10,7,1,3,0,3,2,3,0,1,1
2016-04-27,0,9,6,0,15,9,0,7,0,2,0,7,0,1,1
2016-06-15,2,0,7,0,9,5,2,0,0,3,4,0,1,0,0
2016-07-27,5,4,13,0,22,14,5,4,0,5,2,8,0,0,4
2016-09-21,0,2,2,0,4,2,0,1,0,1,1,1,0,0,0
2016-11-02,0,0,5,0,5,3,0,0,0,3,0,1,2,0,0
2016-12-14,4,7,4,0,15,9,2,5,2,0,0,6,0,0,3
2017-02-01,2,3,9,0,14,8,2,3,0,3,0,5,3,0,0
2017-03-15,0,6,8,0,14,9,0,6,0,3,0,8,0,1,0
2017-05-03,1,2,3,0,6,5,1,2,0,2,0,3,0,0,2
2017-06-14,0,5,4,0,9,7,0,5,0,2,0,6,0,0,1
2017-07-26,0,9,9,0,18,8,0,8,0,0,0,7,0,0,1
2017-09-20,0,5,4,0,9,6,0,5,0,1,0,5,0,0,1
2017-11-01,0,7,3,0,10,6,0,5,0,1,0,6,0,0,0
2017-12-13,1,6,2,0,9,6,1,5,0,0,1,4,0,0,1
2018-01-31,0,3,6,0,9,7,0,3,0,4,0,6,0,1,0
2018-03-21,7,3,11,0,21,12,4,2,1,5,9,0,0,0,3
2018-05-02,10,0,8,0,18,10,6,0,0,4,5,0,0,0,5
2018-06-13,3,2,6,0,11,7,2,1,1,3,2,3,0,0,2
2018-08-01,2,0,10,0,12,7,2,0,0,5,1,0,0,0,6
2018-09-26,1,6,6,0,13,8,0,3,1,4,2,4,0,0,2
2018-11-08,12,1,26,0,39,18,8,1,0,9,13,1,0,1,3
2018-12-19,5,1,6,0,12,10,5,1,0,4,9,1,0,0,0
2019-01-30,3,2,4,0,9,8,3,2,0,3,3,4,0,1,0
2019-03-20,0,5,9,0,14,10,0,5,0,5,1,7,0,1,1
2019-05-01,2,4,4,0,10,7,0,2,2,3,0,5,0,1,1
2019-06-19,6,0,5,0,11,7,4,0,0,3,5,0,0,0,2
2019-07-31,0,4,6,0,10,8,0,4,0,4,0,5,0,1,2
2019-09-18,5,0,15,0,20,11,5,0,0,6,3,3,2,0,3
2019-10-30,2,0,3,0,5,3,2,0,0,1,0,0,3,0,0
2019-12-11,0,2,3,0,5,5,0,2,0,3,0,3,0,1,1
2020-01-29,1,6,12,0,19,9,0,5,1,3,0,6,0,0,3
2020-03-15,4,0,6,0,10,6,3,0,0,3,6,0,0,0,0
2020-04-29,0,2,22,0,24,9,0,2,0,7,1,6,0,0,2
2020-06-10,2,1,4,0,7,5,2,1,0,2,0,4,0,0,1
2020-07-29,0,0,16,0,16,10,0,0,0,10,2,0,5,0,3
2020-09-16,2,4,10,0,16,7,2,4,0,1,0,7,0,0,0
2020-11-05,1,3,7,0,11,7,1,3,0,3,1,4,0,0,2
2020-12-16,0,4,6,0,10,7,0,4,0,3,0,6,0,0,1
2021-01-27,0,4,6,0,10,7,0,3,0,4,0,4,0,0,3
2021-03-17,0,4,2,0,6,5,0,3,0,2,0,4,0,0,1
2021-04-28,1,3,8,0,12,10,0,2,1,7,0,5,1,0,4
2021-06-16,0,4,4,0,8,6,0,4,0,2,0,6,0,0,0
2021-07-28,3,3,9,0,15,8,3,3,0,2,4,3,0,0,1
2021-09-22,1,0,7,0,8,5,1,0,0,4,0,0,3,0,2
2021-11-03,0,7,2,0,9,6,0,5,0,1,0,6,0,0,0
2021-12-15,3,0,9,0,12,6,2,0,0,4,1,0,2,0,3
2022-01-26,8,0,1,0,9,6,6,0,0,0,5,0,0,0,1
2022-03-16,6,5,6,0,17,9,4,2,2,1,7,0,0,0,2
2022-05-04,6,5,3,0,14,6,2,0,3,1,5,0,0,0,1
2022-06-15,11,0,8,0,19,9,7,0,0,2,8,0,1,0,0
2022-07-27,0,4,9,0,13,7,0,4,0,3,0,5,0,0,2
2022-09-21,3,0,2,0,5,5,3,0,0,2,4,0,0,0,1
2022-11-02,2,0,7,0,9,5,2,0,0,3,0,0,4,0,1
2022-12-14,0,3,5,0,8,6,0,3,0,3,0,5,0,1,0
2023-02-01,0,0,2,0,2,4,0,0,0,4,1,1,0,0,2
2023-03-22,7,3,7,0,17,11,3,1,2,5,4,2,0,0,5
2023-05-03,0,1,13,0,14,7,0,1,0,6,1,3,0,0,3
2023-06-14,3,7,9,0,19,10,1,5,2,2,1,8,1,0,0
2023-07-26,0,6,4,0,10,7,0,6,0,1,0,7,0,0,0
2023-09-20,6,1,4,0,11,6,5,0,1,0,6,0,0,0,0
2023-11-01,5,2,16,0,23,10,5,2,0,3,8,0,0,0,2
2023-12-13,0,6,5,0,11,7,0,4,0,3,0,7,0,0,0
2024-01-31,0,1,9,0,10,5,0,1,0,4,0,5,0,0,0
2024-03-20,0,5,7,0,12,7,0,5,0,2,0,6,0,0,1
2024-05-01,2,1,1,0,4,5,2,1,0,2,3,1,0,0,1
2024-06-12,0,2,2,0,4,4,0,2,0,2,0,3,0,0,1
2024-07-31,0,3,3,0,6,5,0,3,0,2,0,4,0,0,1
2024-09-18,1,0,6,0,7,5,1,0,0,4,0,2,0,0,3
2024-11-07,1,2,5,0,8,4,0,1,1,2,0,3,0,0,1
2024-12-18,0,4,6,0,10,6,0,2,0,4,0,3,0,0,3
