date,previous_meeting,start_row,end_row,mean_dtb3_pct,calendar_days,reconstructed_target,archived_target,difference
2000-03-21,2000-02-02,2000-02-03,2000-03-17,5.6009375,43,2.0744277229819863,2.074427722981986,4.440892098500626e-16
2000-05-16,2000-03-21,2000-03-22,2000-05-12,5.718684210526317,51,-6.254951176887555,-6.254951176887555,0.0
2000-06-28,2000-05-16,2000-05-17,2000-06-26,5.692758620689656,40,-0.1064859575942203,-0.1064859575942203,0.0
2000-08-22,2000-06-28,2000-06-29,2000-08-18,5.981891891891892,50,2.543395436619984,2.543395436619984,0.0
2000-10-03,2000-08-22,2000-08-23,2000-09-29,6.033214285714286,37,-5.333648288792752,-5.333648288792752,0.0
2000-11-15,2000-10-03,2000-10-04,2000-11-13,6.14,40,-6.638210125536241,-6.638210125536241,0.0
2000-12-19,2000-11-15,2000-11-16,2000-12-15,6.033636363636364,29,-4.962951532967773,-4.962951532967773,0.0
2001-01-31,2000-12-19,2000-12-20,2001-01-29,5.276896551724137,40,6.989675723328113,6.989675723328113,0.0
2001-03-20,2001-01-31,2001-02-01,2001-03-16,4.766875,43,-18.27334022861541,-18.27334022861541,-3.552713678800501e-15
2001-05-15,2001-03-20,2001-03-21,2001-05-11,3.9026315789473687,51,9.898299143006724,9.898299143006724,0.0
2001-06-27,2001-05-15,2001-05-16,2001-06-25,3.517241379310345,40,-5.690280091884218,-5.690280091884218,0.0
2001-08-21,2001-06-27,2001-06-28,2001-08-17,3.474054054054054,50,-5.856207935460794,-5.856207935460794,0.0
2001-10-02,2001-08-21,2001-08-22,2001-09-28,2.897142857142857,37,-11.579993127381837,-11.579993127381837,1.7763568394002505e-15
2001-11-06,2001-10-02,2001-10-03,2001-11-02,2.1330434782608694,30,1.206510262721597,1.206510262721597,-2.220446049250313e-16
2001-12-11,2001-11-06,2001-11-07,2001-12-07,1.8234782608695648,30,3.589166740097113,3.589166740097113,0.0
2002-01-30,2001-12-11,2001-12-12,2002-01-28,1.6611764705882353,47,-0.5671791205736922,-0.5671791205736922,0.0
2002-03-19,2002-01-30,2002-01-31,2002-03-15,1.7434375,43,2.926785141146924,2.926785141146924,0.0
2002-05-07,2002-03-19,2002-03-20,2002-05-03,1.733030303030303,44,-7.259927770569547,-7.259927770569547,0.0
2002-06-26,2002-05-07,2002-05-08,2002-06-24,1.7152941176470589,47,-9.46374639136539,-9.46374639136539,0.0
2002-08-13,2002-06-26,2002-06-27,2002-08-09,1.665,43,-8.836372829260071,-8.836372829260071,0.0
2002-09-24,2002-08-13,2002-08-14,2002-09-20,1.632142857142857,37,-8.58169602377183,-8.58169602377183,0.0
2002-11-06,2002-09-24,2002-09-25,2002-11-04,1.5699999999999996,40,7.691217605153048,7.691217605153048,0.0
2002-12-10,2002-11-06,2002-11-07,2002-12-06,1.2027272727272729,29,0.9601629889518006,0.9601629889518006,0.0
2003-01-29,2002-12-10,2002-12-11,2003-01-27,1.1773529411764705,47,-6.713959451182242,-6.713959451182242,0.0
2003-03-18,2003-01-29,2003-01-30,2003-03-14,1.150625,43,-1.4872753093143178,-1.4872753093143178,0.0
2003-05-06,2003-03-18,2003-03-19,2003-05-02,1.1339393939393942,44,6.080040065299864,6.080040065299864,0.0
2003-06-25,2003-05-06,2003-05-07,2003-06-23,1.0011764705882356,47,5.315957590122908,5.315957590122908,0.0
2003-08-12,2003-06-25,2003-06-26,2003-08-08,0.9034375,43,-0.944772651253548,-0.944772651253548,0.0
2003-09-16,2003-08-12,2003-08-13,2003-09-12,0.952608695652174,30,3.3774490783638127,3.3774490783638127,0.0
2003-10-28,2003-09-16,2003-09-17,2003-10-24,0.920357142857143,37,0.1928579914555515,0.1928579914555515,2.775557561562892e-17
2003-12-09,2003-10-28,2003-10-29,2003-12-05,0.9303571428571428,37,1.17513721531674,1.1751372153167403,-2.220446049250313e-16
2004-01-28,2003-12-09,2003-12-10,2004-01-26,0.8829411764705882,47,8.59113708512642,8.59113708512642,0.0
2004-03-16,2004-01-28,2004-01-29,2004-03-12,0.9296875,43,-1.310600124988556,-1.310600124988556,0.0
2004-05-04,2004-03-16,2004-03-17,2004-04-30,0.9381818181818182,44,-1.5877601889314354,-1.5877601889314354,0.0
2004-06-30,2004-05-04,2004-05-05,2004-06-28,1.1474358974358974,54,0.878640015938353,0.878640015938353,0.0
2004-08-10,2004-06-30,2004-07-01,2004-08-06,1.3529629629629627,36,-6.060634920414259,-6.060634920414259,0.0
2004-09-21,2004-08-10,2004-08-11,2004-09-17,1.5500000000000005,37,4.630712156890523,4.630712156890523,0.0
2004-11-10,2004-09-21,2004-09-22,2004-11-08,1.7802941176470588,47,4.277209798143083,4.277209798143083,0.0
2004-12-14,2004-11-10,2004-11-11,2004-12-10,2.1481818181818184,29,1.059076985900974,1.059076985900974,0.0
2005-02-02,2004-12-14,2004-12-15,2005-01-31,2.273529411764706,47,-2.341428556667537,-2.341428556667537,0.0
2005-03-22,2005-02-02,2005-02-03,2005-03-18,2.6206250000000004,43,-0.3289023093316593,-0.3289023093316593,0.0
2005-05-03,2005-03-22,2005-03-23,2005-04-29,2.778571428571428,37,-1.627969333419136,-1.627969333419136,2.220446049250313e-16
2005-06-30,2005-05-03,2005-05-04,2005-06-28,2.903,55,1.7433399844816218,1.7433399844816218,0.0
2005-08-09,2005-06-30,2005-07-01,2005-08-05,3.2476923076923074,35,2.330775942229528,2.330775942229528,0.0
2005-09-20,2005-08-09,2005-08-10,2005-09-16,3.4289285714285715,37,0.3641995118060552,0.3641995118060551,1.1102230246251563e-16
2005-11-01,2005-09-20,2005-09-21,2005-10-28,3.610714285714286,37,-1.3450064258029577,-1.3450064258029577,0.0
2005-12-13,2005-11-01,2005-11-02,2005-12-09,3.8878571428571433,37,3.212394212897209,3.212394212897209,0.0
2006-01-31,2005-12-13,2005-12-14,2006-01-27,4.082424242424243,44,0.3668762496898906,0.3668762496898906,0.0
2006-03-28,2006-01-31,2006-02-01,2006-03-24,4.470263157894737,51,0.9604687787703788,0.9604687787703786,1.1102230246251563e-16
2006-05-10,2006-03-28,2006-03-29,2006-05-08,4.613793103448275,40,1.1514751664407423,1.1514751664407423,2.220446049250313e-16
2006-06-29,2006-05-10,2006-05-11,2006-06-27,4.749999999999999,47,-5.855827452473371,-5.855827452473371,0.0
2006-08-08,2006-06-29,2006-06-30,2006-08-04,4.9484615384615385,35,0.2440511389204836,0.2440511389204836,2.775557561562892e-17
2006-09-20,2006-08-08,2006-08-09,2006-09-18,4.903793103448276,40,3.73285075797891,3.73285075797891,0.0
2006-10-25,2006-09-20,2006-09-21,2006-10-23,4.851739130434781,32,3.9529958832096064,3.9529958832096064,0.0
2006-12-12,2006-10-25,2006-10-26,2006-12-08,4.9315625,43,0.9024786701656234,0.9024786701656232,2.220446049250313e-16
2007-01-31,2006-12-12,2006-12-13,2007-01-29,4.921764705882353,47,-0.1107907199128083,-0.1107907199128084,8.326672684688674e-17
2007-03-21,2007-01-31,2007-02-01,2007-03-19,4.997878787878788,46,-3.711565963782147,-3.711565963782148,8.881784197001252e-16
2007-05-09,2007-03-21,2007-03-22,2007-05-07,4.864242424242424,46,4.479066203314007,4.479066203314007,0.0
2007-06-28,2007-05-09,2007-05-10,2007-06-26,4.659411764705882,47,-0.5048133144935549,-0.5048133144935549,0.0
2007-08-07,2007-06-28,2007-06-29,2007-08-03,4.806153846153847,35,-5.249251663511329,-5.249251663511329,0.0
2007-09-18,2007-08-07,2007-08-08,2007-09-14,4.042142857142857,37,-1.297828717597052,-1.297828717597052,0.0
2007-10-31,2007-09-18,2007-09-19,2007-10-29,3.847586206896552,40,0.3568465582405148,0.3568465582405148,0.0
2007-12-11,2007-10-31,2007-11-01,2007-12-07,3.211851851851852,36,-0.5676837479609462,-0.5676837479609462,0.0
2008-01-30,2007-12-11,2007-12-12,2008-01-28,2.937058823529412,47,-9.723324658604156,-9.723324658604156,0.0
2008-03-18,2008-01-30,2008-01-31,2008-03-14,1.9025,43,-7.007423012393304,-7.007423012393304,0.0
2008-04-30,2008-03-18,2008-03-19,2008-04-28,1.2127586206896552,40,7.139878364396583,7.139878364396583,0.0
2008-06-25,2008-04-30,2008-05-01,2008-06-23,1.8005263157894738,53,-6.962051223458363,-6.962051223458363,0.0
2008-08-05,2008-06-25,2008-06-26,2008-08-01,1.6451851851851853,36,-1.958289077205328,-1.958289077205328,0.0
2008-09-16,2008-08-05,2008-08-06,2008-09-12,1.6939285714285717,37,-3.1228613460654087,-3.1228613460654087,0.0
2008-10-29,2008-09-16,2008-09-17,2008-10-27,0.6955172413793104,40,-30.985565268469973,-30.985565268469973,0.0
2008-12-16,2008-10-29,2008-10-30,2008-12-12,0.153125,43,-8.132340859388137,-8.132340859388137,0.0
2009-01-28,2008-12-16,2008-12-17,2009-01-26,0.0841379310344827,40,-7.807583363484524,-7.807583363484524,0.0
2009-03-18,2009-01-28,2009-01-29,2009-03-16,0.2706060606060606,46,-11.459686101313434,-11.459686101313434,0.0
2009-04-29,2009-03-18,2009-03-19,2009-04-27,0.1721428571428571,39,8.938890727207495,8.938890727207495,0.0
2009-06-24,2009-04-29,2009-04-30,2009-06-22,0.1731578947368421,53,2.266202431628072,2.266202431628072,4.440892098500626e-16
2009-08-12,2009-06-24,2009-06-25,2009-08-10,0.1836363636363636,46,8.994248685840617,8.994248685840617,0.0
2009-09-23,2009-08-12,2009-08-13,2009-09-21,0.1460714285714286,39,4.98498197376516,4.98498197376516,0.0
2009-11-04,2009-09-23,2009-09-24,2009-11-02,0.0810714285714285,39,-0.7633276328603504,-0.7633276328603504,0.0
2009-12-16,2009-11-04,2009-11-05,2009-12-14,0.0485714285714285,39,4.349981838641521,4.349981838641521,0.0
2010-01-27,2009-12-16,2009-12-17,2010-01-25,0.0614285714285714,39,0.0572866468981563,0.0572866468981563,5.551115123125783e-17
2010-03-16,2010-01-27,2010-01-28,2010-03-12,0.1190625,43,5.846623234938663,5.846623234938662,8.881784197001252e-16
2010-04-28,2010-03-16,2010-03-17,2010-04-26,0.1575862068965517,40,3.838134286172397,3.838134286172397,0.0
2010-06-23,2010-04-28,2010-04-29,2010-06-21,0.1418421052631579,53,-8.092293539021016,-8.092293539021016,0.0
2010-08-10,2010-06-23,2010-06-24,2010-08-06,0.156875,43,4.3505842162620425,4.3505842162620425,0.0
2010-09-21,2010-08-10,2010-08-11,2010-09-17,0.1503571428571428,37,3.2463582866427245,3.2463582866427245,0.0
2010-11-03,2010-09-21,2010-09-22,2010-11-01,0.1396551724137931,40,4.306827403773668,4.306827403773668,0.0
2010-12-14,2010-11-03,2010-11-04,2010-12-10,0.1455555555555555,36,1.5570984326386956,1.5570984326386956,0.0
2011-01-26,2010-12-14,2010-12-15,2011-01-24,0.1444827586206897,40,4.387763375504524,4.387763375504524,0.0
2011-03-15,2011-01-26,2011-01-27,2011-03-11,0.126875,43,0.3491331910946621,0.3491331910946621,0.0
2011-04-27,2011-03-15,2011-03-16,2011-04-25,0.0737931034482758,40,6.040520754120623,6.040520754120623,0.0
2011-06-22,2011-04-27,2011-04-28,2011-06-20,0.0428947368421052,53,-6.232185483729405,-6.232185483729405,0.0
2011-08-09,2011-06-22,2011-06-23,2011-08-05,0.0346874999999999,43,-6.782682537489745,-6.782682537489745,0.0
2011-09-21,2011-08-09,2011-08-10,2011-09-19,0.0158620689655172,40,7.169964812441285,7.169964812441285,0.0
2011-11-02,2011-09-21,2011-09-22,2011-10-31,0.0175,39,10.393318472678304,10.393318472678304,0.0
2011-12-13,2011-11-02,2011-11-03,2011-12-09,0.014074074074074,36,-0.4750994891358934,-0.4750994891358934,0.0
2012-01-25,2011-12-13,2011-12-14,2012-01-23,0.02,40,8.245159765122983,8.245159765122983,0.0
2012-03-13,2012-01-25,2012-01-26,2012-03-09,0.0846875,43,3.890412688147135,3.890412688147135,0.0
2012-04-25,2012-03-13,2012-03-14,2012-04-23,0.0834482758620689,40,-1.989500199823573,-1.989500199823573,0.0
2012-06-20,2012-04-25,2012-04-26,2012-06-18,0.0902631578947368,53,-4.035855121761888,-4.035855121761888,0.0
2012-08-01,2012-06-20,2012-06-21,2012-07-30,0.0953571428571428,39,4.401757106618393,4.401757106618393,0.0
2012-09-13,2012-08-01,2012-08-02,2012-09-11,0.1027586206896551,40,4.889386111246848,4.889386111246848,0.0
2012-10-24,2012-09-13,2012-09-14,2012-10-22,0.1029629629629629,38,-2.214573547712846,-2.214573547712846,0.0
2012-12-12,2012-10-24,2012-10-25,2012-12-10,0.0987878787878787,46,0.3816906455956319,0.3816906455956319,0.0
2013-01-30,2012-12-12,2012-12-13,2013-01-28,0.0669696969696969,46,5.52312983048044,5.52312983048044,0.0
2013-03-20,2013-01-30,2013-01-31,2013-03-18,0.0969696969696969,46,3.5282324697286342,3.5282324697286342,0.0
2013-05-01,2013-03-20,2013-03-21,2013-04-29,0.0639285714285714,39,3.03919592179801,3.03919592179801,0.0
2013-06-19,2013-05-01,2013-05-02,2013-06-17,0.0448484848484848,46,2.555798472708714,2.555798472708714,4.440892098500626e-16
2013-07-31,2013-06-19,2013-06-20,2013-07-29,0.0403571428571428,39,5.932327679094761,5.932327679094761,0.0
2013-09-18,2013-07-31,2013-08-01,2013-09-16,0.0354545454545454,46,-0.5490488995725852,-0.5490488995725852,0.0
2013-10-30,2013-09-18,2013-09-19,2013-10-28,0.04,39,2.278539508167516,2.278539508167516,0.0
2013-12-18,2013-10-30,2013-10-31,2013-12-16,0.0657575757575757,46,1.6851950420826414,1.6851950420826414,0.0
2014-01-29,2013-12-18,2013-12-19,2014-01-27,0.0542857142857142,39,-1.5674398932992857,-1.5674398932992968,1.1102230246251564e-14
2014-03-19,2014-01-29,2014-01-30,2014-03-17,0.0496969696969697,46,3.533096814907931,3.533096814907931,0.0
2014-04-30,2014-03-19,2014-03-20,2014-04-28,0.0371428571428571,39,-0.1418811728000541,-0.141881172800043,-1.1129985821867194e-14
2014-06-18,2014-04-30,2014-05-01,2014-06-16,0.0351515151515151,46,2.8271363650504746,2.8271363650504746,0.0
2014-07-30,2014-06-18,2014-06-19,2014-07-28,0.0264285714285714,39,0.9838844644308352,0.9838844644308352,0.0
2014-09-17,2014-07-30,2014-07-31,2014-09-15,0.03,46,2.727560945652685,2.727560945652685,4.440892098500626e-16
2014-10-29,2014-09-17,2014-09-18,2014-10-27,0.0160714285714285,39,-2.505251234306585,-2.505251234306585,0.0
2014-12-17,2014-10-29,2014-10-30,2014-12-15,0.0227272727272727,46,-0.2548556929012915,-0.2548556929012915,0.0
2015-01-28,2014-12-17,2014-12-18,2015-01-26,0.0292857142857142,39,-0.2041768626186403,-0.2041768626186403,-8.326672684688674e-17
2015-03-18,2015-01-28,2015-01-29,2015-03-16,0.02,46,2.9198479959632526,2.9198479959632526,0.0
2015-04-29,2015-03-18,2015-03-19,2015-04-27,0.0264285714285714,39,0.9332960299921064,0.9332960299921064,1.1102230246251563e-16
2015-06-17,2015-04-29,2015-04-30,2015-06-15,0.0172727272727272,46,-0.0539798922692998,-0.0539798922692998,-5.551115123125783e-17
2015-07-29,2015-06-17,2015-06-18,2015-07-27,0.02,39,-2.5614380312419707,-2.5614380312419707,0.0
2015-09-17,2015-07-29,2015-07-30,2015-09-15,0.0608823529411764,47,-6.398507299645421,-6.398507299645421,0.0
2015-10-28,2015-09-17,2015-09-18,2015-10-26,0.0044444444444444,38,5.617495236249391,5.617495236249391,0.0
2015-12-16,2015-10-28,2015-10-29,2015-12-14,0.1584848484848485,46,-3.302400414906358,-3.302400414906358,0.0
2016-01-27,2015-12-16,2015-12-17,2016-01-25,0.2232142857142856,39,-8.439700515612563,-8.439700515612575,1.2434497875801752e-14
2016-03-16,2016-01-27,2016-01-28,2016-03-14,0.3124242424242424,46,6.417252408444,6.417252408444,0.0
2016-04-27,2016-03-16,2016-03-17,2016-04-25,0.2453571428571428,39,2.260498155543345,2.260498155543345,4.440892098500626e-16
2016-06-15,2016-04-27,2016-04-28,2016-06-13,0.2712121212121212,46,0.1222627909513048,0.1222627909513048,2.775557561562892e-17
2016-07-27,2016-06-15,2016-06-16,2016-07-25,0.2871428571428572,39,4.23185664561935,4.23185664561935,0.0
2016-09-21,2016-07-27,2016-07-28,2016-09-19,0.3055263157894736,53,-1.4803900600906414,-1.4803900600906414,0.0
2016-11-02,2016-09-21,2016-09-22,2016-10-31,0.3046428571428571,39,-2.404315230048286,-2.404315230048286,-4.440892098500626e-16
2016-12-14,2016-11-02,2016-11-03,2016-12-12,0.4699999999999999,39,7.699389600131472,7.699389600131472,0.0
2017-02-01,2016-12-14,2016-12-15,2017-01-30,0.5087878787878789,46,0.766619382732642,0.766619382732642,0.0
2017-03-15,2017-02-01,2017-02-02,2017-03-13,0.5832142857142858,39,3.918162323003221,3.918162323003221,0.0
2017-05-03,2017-03-15,2017-03-16,2017-05-01,0.7833333333333333,46,0.1927092668246962,0.1927092668246962,5.551115123125783e-17
2017-06-14,2017-05-03,2017-05-04,2017-06-12,0.9203571428571428,39,1.5564240385273835,1.5564240385273835,0.0
2017-07-26,2017-06-14,2017-06-15,2017-07-24,1.0282142857142855,39,1.417996232649504,1.417996232649504,2.220446049250313e-16
2017-09-20,2017-07-26,2017-07-27,2017-09-18,1.0215789473684211,53,0.9944146118107968,0.9944146118107968,-1.1102230246251563e-16
2017-11-01,2017-09-20,2017-09-21,2017-10-30,1.0621428571428575,39,2.7340856247888965,2.7340856247888965,0.0
2017-12-13,2017-11-01,2017-11-02,2017-12-11,1.245,39,2.9260790182207024,2.9260790182207024,0.0
2018-01-31,2017-12-13,2017-12-14,2018-01-29,1.3884848484848484,46,7.148911655702096,7.148911655702096,0.0
2018-03-21,2018-01-31,2018-02-01,2018-03-19,1.612727272727273,46,-4.1445720726304085,-4.1445720726304085,0.0
2018-05-02,2018-03-21,2018-03-22,2018-04-30,1.7467857142857144,39,-0.0218536416260347,-0.0218536416260347,-8.673617379884034e-17
2018-06-13,2018-05-02,2018-05-03,2018-06-11,1.8767857142857136,39,5.428358892467418,5.428358892467418,0.0
2018-08-01,2018-06-13,2018-06-14,2018-07-30,1.934242424242424,46,0.4763710453831742,0.4763710453831742,0.0
2018-09-26,2018-08-01,2018-08-02,2018-09-24,2.0694736842105264,53,2.9069004200691184,2.9069004200691184,0.0
2018-11-08,2018-09-26,2018-09-27,2018-11-06,2.245862068965517,40,-5.840717554989847,-5.840717554989847,0.0
2018-12-19,2018-11-08,2018-11-09,2018-12-17,2.35,38,-9.076083946390025,-9.076083946390025,1.7763568394002505e-15
2019-01-30,2018-12-19,2018-12-20,2019-01-28,2.375714285714286,39,6.65247519930154,6.65247519930154,0.0
2019-03-20,2019-01-30,2019-01-31,2019-03-18,2.3927272727272726,46,4.353035321394501,4.353035321394501,8.881784197001252e-16
2019-05-01,2019-03-20,2019-03-21,2019-04-29,2.386071428571429,39,2.786040220264391,2.786040220264391,0.0
2019-06-19,2019-05-01,2019-05-02,2019-06-17,2.30939393939394,46,-1.250213439072959,-1.250213439072959,2.220446049250313e-16
2019-07-31,2019-06-19,2019-06-20,2019-07-29,2.1010714285714287,39,2.011188830104515,2.011188830104515,0.0
2019-09-18,2019-07-31,2019-08-01,2019-09-16,1.942121212121212,46,1.2473197240470009,1.2473197240470009,0.0
2019-10-30,2019-09-18,2019-09-19,2019-10-28,1.7128571428571429,39,0.8963428400446505,0.8963428400446505,0.0
2019-12-11,2019-10-30,2019-10-31,2019-12-09,1.5382142857142858,39,3.023718257214977,3.023718257214977,4.440892098500626e-16
2020-01-29,2019-12-11,2019-12-12,2020-01-27,1.529090909090909,46,2.1485559840748008,2.1485559840748008,0.0
2020-03-15,2020-01-29,2020-01-30,2020-03-13,1.2175,43,-19.30679872098346,-19.30679872098346,0.0
2020-04-29,2020-03-15,2020-03-16,2020-04-27,0.1158064516129032,42,18.74563559498336,18.74563559498336,0.0
2020-06-10,2020-04-29,2020-04-30,2020-06-08,0.1314285714285714,39,10.409357713788122,10.409357713788122,0.0
2020-07-29,2020-06-10,2020-06-11,2020-07-27,0.1442424242424242,46,7.589732604042245,7.589732604042245,0.0
2020-09-16,2020-07-29,2020-07-30,2020-09-14,0.1069696969696969,46,4.129646562312915,4.129646562312915,0.0
2020-11-05,2020-09-16,2020-09-17,2020-11-03,0.0999999999999999,47,0.3483962171310573,0.3483962171310573,5.551115123125783e-17
2020-12-16,2020-11-05,2020-11-06,2020-12-14,0.0881481481481481,38,3.849102256140097,3.849102256140097,-4.440892098500626e-16
2021-01-27,2020-12-16,2020-12-17,2021-01-25,0.0885714285714285,39,3.4979670186014724,3.4979670186014724,0.0
2021-03-17,2021-01-27,2021-01-28,2021-03-15,0.0442424242424242,46,4.676882796618454,4.676882796618454,0.0
2021-04-28,2021-03-17,2021-03-18,2021-04-26,0.0221428571428571,39,6.717611257885417,6.717611257885417,0.0
2021-06-16,2021-04-28,2021-04-29,2021-06-14,0.019090909090909,46,1.0294124912812683,1.0294124912812683,0.0
2021-07-28,2021-06-16,2021-06-17,2021-07-26,0.0503571428571428,39,4.633031545878721,4.633031545878721,0.0
2021-09-22,2021-07-28,2021-07-29,2021-09-20,0.0518421052631579,53,-1.4071350286967688,-1.4071350286967688,0.0
2021-11-03,2021-09-22,2021-09-23,2021-11-01,0.0485714285714285,39,3.629686853369575,3.629686853369575,0.0
2021-12-15,2021-11-03,2021-11-04,2021-12-13,0.0542857142857142,39,-0.2430410169318006,-0.2430410169318006,0.0
2022-01-26,2021-12-15,2021-12-16,2022-01-24,0.1021428571428571,39,-5.707921584406794,-5.707921584406794,0.0
2022-03-16,2022-01-26,2022-01-27,2022-03-14,0.3290909090909091,46,-3.651437450153861,-3.651437450153861,4.440892098500626e-16
2022-05-04,2022-03-16,2022-03-17,2022-05-02,0.6836363636363636,46,-6.071100198893482,-6.071100198893482,0.0
2022-06-15,2022-05-04,2022-05-05,2022-06-13,1.0878571428571429,39,-10.185909178114285,-10.185909178114285,1.7763568394002505e-15
2022-07-27,2022-06-15,2022-06-16,2022-07-25,1.9585714285714289,39,7.656593909553768,7.656593909553768,0.0
2022-09-21,2022-07-27,2022-07-28,2022-09-19,2.7526315789473683,53,-4.728850791825261,-4.728850791825261,0.0
2022-11-02,2022-09-21,2022-09-22,2022-10-31,3.5817857142857146,39,2.605464816532983,2.605464816532983,0.0
2022-12-14,2022-11-02,2022-11-03,2022-12-12,4.180714285714286,39,6.577045295685347,6.577045295685347,0.0
2023-02-01,2022-12-14,2022-12-15,2023-01-30,4.430000000000001,46,2.5257798164174163,2.5257798164174163,0.0
2023-03-22,2023-02-01,2023-02-02,2023-03-20,4.685151515151515,46,-6.204536146166191,-6.204536146166191,0.0
2023-05-03,2023-03-22,2023-03-23,2023-05-01,4.865714285714285,39,4.881469132982449,4.881469132982449,0.0
2023-06-14,2023-05-03,2023-05-04,2023-06-12,5.151785714285714,39,6.063975282786163,6.063975282786163,0.0
2023-07-26,2023-06-14,2023-06-15,2023-07-24,5.203928571428571,39,2.3126105893465296,2.3126105893465296,0.0
2023-09-20,2023-07-26,2023-07-27,2023-09-18,5.299736842105263,53,-2.635491551002436,-2.635491551002436,0.0
2023-11-01,2023-09-20,2023-09-21,2023-10-30,5.335357142857142,39,-4.411522180090532,-4.411522180090532,8.881784197001252e-16
2023-12-13,2023-11-01,2023-11-02,2023-12-11,5.262857142857143,39,6.255803319654673,6.255803319654673,0.0
2024-01-31,2023-12-13,2023-12-14,2024-01-29,5.228787878787879,46,3.6615937297733945,3.6615937297733945,0.0
2024-03-20,2024-01-31,2024-02-01,2024-03-18,5.239999999999999,46,4.178257495449124,4.178257495449124,0.0
2024-05-01,2024-03-20,2024-03-21,2024-04-29,5.238571428571428,39,-2.980468016904972,-2.980468016904972,0.0
2024-06-12,2024-05-01,2024-05-02,2024-06-10,5.252857142857143,39,5.130250058983746,5.130250058983746,0.0
2024-07-31,2024-06-12,2024-06-13,2024-07-29,5.218181818181819,46,-0.1107106366835335,-0.1107106366835336,6.938893903907227e-17
2024-09-18,2024-07-31,2024-08-01,2024-09-16,4.994848484848484,46,2.7356950767003108,2.7356950767003108,0.0
2024-11-07,2024-09-18,2024-09-19,2024-11-05,4.507941176470588,47,0.6219968059305512,0.6219968059305512,0.0
2024-12-18,2024-11-07,2024-11-08,2024-12-16,4.367777777777778,38,0.8467408795732383,0.8467408795732383,0.0
