fold,model,n,mse,rmse,gemini_mse_reduction
0,attention_counts,20,10.506822958291064,3.241422983550753,0.6305306011251723
0,audited_counts_plus_gemini,20,4.853256985220966,2.2030108908539163,0.20013517225540145
0,audited_reconstruction_joint,20,5.8065009756116,2.4096682293651135,0.3314477033950466
0,audited_reconstruction_ols,20,5.806526775826624,2.409673582837855,0.3314506739820555
0,audited_reconstruction_split,20,5.80649238343357,2.4096664465094686,0.33144671410237636
0,dictionary_only_correction_joint,20,5.724604152590386,2.392614501458684,0.3218833199624024
0,dictionary_only_correction_ols,20,5.724631189983418,2.392620151629468,0.32188652270273466
0,dictionary_only_correction_split,20,5.724595179260758,2.392612626243696,0.32188225701134543
0,gemini_vector,20,3.8819495624840377,1.9702663684091137,0.0
0,historical_counts,20,9.88567484182036,3.144149303360189,0.6073156739829397
0,historical_mean,20,10.489852298859432,3.2388041464187722,0.6299328673191973
0,length_only,20,10.490316419331384,3.2388757956012117,0.6299492401077202
0,tfidf_bigram_only,20,7.801189329438776,2.793060924763149,0.5023900332946658
0,uploaded_as_received_joint,20,5.724604152590386,2.392614501458684,0.3218833199624024
0,uploaded_as_received_ols,20,5.724631189983418,2.392620151629468,0.32188652270273466
0,uploaded_as_received_split,20,5.724595179260758,2.392612626243696,0.32188225701134543
1,attention_counts,20,16.40241990352019,4.0499901115336305,0.3947175364513834
1,audited_counts_plus_gemini,20,10.001972464555037,3.1625895188207775,0.007386076841870315
1,audited_reconstruction_joint,20,11.80082064378357,3.435232254707616,0.15869434617740086
1,audited_reconstruction_ols,20,11.919359679337756,3.4524425671309515,0.16706120173787964
1,audited_reconstruction_split,20,11.763364186179784,3.4297761131274713,0.15601549265765224
1,dictionary_only_correction_joint,20,12.31828481496808,3.509741417108685,0.1940357544503416
1,dictionary_only_correction_ols,20,12.476639414486037,3.532228675282227,0.20426512320020107
1,dictionary_only_correction_split,20,12.454780627551282,3.529133126923846,0.20286856715889723
1,gemini_vector,20,9.928097127361562,3.150888307662073,0.0
1,historical_counts,20,18.39528455224453,4.288972435472689,0.4602911904317256
1,historical_mean,20,16.396205718527384,4.049222853650733,0.3944881335476895
1,length_only,20,16.396313371659215,4.049236146689794,0.3944921091516749
1,tfidf_bigram_only,20,13.255198731423416,3.6407689752885193,0.2510035248414998
1,uploaded_as_received_joint,20,12.31828481496808,3.509741417108685,0.1940357544503416
1,uploaded_as_received_ols,20,12.476639414486037,3.532228675282227,0.20426512320020107
1,uploaded_as_received_split,20,12.454780627551282,3.529133126923846,0.20286856715889723
2,attention_counts,20,16.778255576741792,4.096126899491981,0.6008232653805707
2,audited_counts_plus_gemini,20,10.991015794139205,3.3152700936936053,0.3906396461275806
2,audited_reconstruction_joint,20,14.030047864681928,3.7456705494052636,0.5226324715118245
2,audited_reconstruction_ols,20,15.630045688868062,3.9534852584609523,0.571499059756168
2,audited_reconstruction_split,20,15.348770913412741,3.9177507467184203,0.5636465413734646
2,dictionary_only_correction_joint,20,13.76716705313548,3.710413326455084,0.5135172510158028
2,dictionary_only_correction_ols,20,15.135941367618155,3.890493717719919,0.5575108867650194
2,dictionary_only_correction_split,20,15.135690358265228,3.8904614582675445,0.5575035485529285
2,gemini_vector,20,6.697489273734017,2.587950786574972,0.0
2,historical_counts,20,12.837738414208252,3.5829789860126517,0.47829679514878365
2,historical_mean,20,16.78233089124882,4.096624328791794,0.6009201989202563
2,length_only,20,16.78470127417543,4.0969136278637155,0.6009765580970674
2,tfidf_bigram_only,20,16.782668930279993,4.09666558682546,0.6009282372453808
2,uploaded_as_received_joint,20,13.76716705313548,3.710413326455084,0.5135172510158028
2,uploaded_as_received_ols,20,15.135941367618155,3.890493717719919,0.5575108867650194
2,uploaded_as_received_split,20,15.135690358265228,3.8904614582675445,0.5575035485529285
3,attention_counts,20,63.902809900535786,7.993923310899085,0.46708142328839464
3,audited_counts_plus_gemini,20,31.762640083927682,5.635835349256371,-0.07217140672440814
3,audited_reconstruction_joint,20,43.458180167417716,6.592281863468651,0.21637320364376034
3,audited_reconstruction_ols,20,43.25666152957409,6.576979666197402,0.21272254270517843
3,audited_reconstruction_split,20,43.25934708809429,6.577183826539614,0.21277141722191328
3,dictionary_only_correction_joint,20,45.283020560964886,6.72926597490134,0.24795223290775603
3,dictionary_only_correction_ols,20,45.10067384878239,6.715703525974207,0.2449116256167596
3,dictionary_only_correction_split,20,45.10069823864809,6.715705341857108,0.24491203395864258
3,gemini_vector,20,34.05499450006582,5.835665728952081,0.0
3,historical_counts,20,71.42790638640176,8.451503202768237,0.523225637948292
3,historical_mean,20,63.8949278353226,7.993430292141328,0.46701568256190396
3,length_only,20,63.89215677878398,7.993256956884595,0.46699256658410204
3,tfidf_bigram_only,20,57.04568565401892,7.5528594356057575,0.4030224352704118
3,uploaded_as_received_joint,20,45.283020560964886,6.72926597490134,0.24795223290775603
3,uploaded_as_received_ols,20,45.10067384878239,6.715703525974207,0.2449116256167596
3,uploaded_as_received_split,20,45.10069823864809,6.715705341857108,0.24491203395864258
4,attention_counts,19,16.327961522826637,4.040787240480082,0.5595905076296142
4,audited_counts_plus_gemini,19,5.535345589623158,2.352731516689305,-0.29910393656213063
4,audited_reconstruction_joint,19,7.407791663941638,2.721725861276561,0.02926680825618777
4,audited_reconstruction_ols,19,7.407785518742427,2.7217247323604252,0.029266002975199434
4,audited_reconstruction_split,19,7.407793210974175,2.7217261454771995,0.029267010982666486
4,dictionary_only_correction_joint,19,7.710778174168081,2.7768287981379194,0.0674106966529211
4,dictionary_only_correction_ols,19,7.710774628409067,2.7768281596831064,0.06741026780665227
4,dictionary_only_correction_split,19,7.710778873738889,2.776828924103696,0.06741078126334277
4,gemini_vector,19,7.190989245711272,2.6816019924126087,0.0
4,historical_counts,19,25.546142025024327,5.054319145545157,0.7185097758140087
4,historical_mean,19,16.332209002030776,4.04131278200918,0.559705043891054
4,length_only,19,16.32852089876584,4.040856456095148,0.5596055950018848
4,tfidf_bigram_only,19,10.982650992643464,3.314008297008845,0.34524103055555255
4,uploaded_as_received_joint,19,7.710778174168081,2.7768287981379194,0.0674106966529211
4,uploaded_as_received_ols,19,7.710774628409067,2.7768281596831064,0.06741026780665227
4,uploaded_as_received_split,19,7.710778873738889,2.776828924103696,0.06741078126334277
