model,fold,alpha,inner_mse
gemini_vector,0,0.0001,54.58191009090341
gemini_vector,0,0.001,54.25761213153253
gemini_vector,0,0.01,51.377381917638395
gemini_vector,0,0.1,38.256642152114125
gemini_vector,0,1.0,30.34744762148341
gemini_vector,0,10.0,38.53387292513548
gemini_vector,0,100.0,41.89531788446466
gemini_vector,0,1000.0,42.134790469763196
gemini_vector,0,10000.0,42.151611446966655
historical_counts,0,0.0001,31.427054156096276
historical_counts,0,0.001,31.42844537354607
historical_counts,0,0.01,31.442322427744493
historical_counts,0,0.1,31.5761700992066
historical_counts,0,1.0,32.429517199901746
historical_counts,0,10.0,35.166167864396876
historical_counts,0,100.0,40.3218502689959
historical_counts,0,1000.0,41.93429921684672
historical_counts,0,10000.0,42.13101648324408
attention_counts,0,0.0001,46.70367761162699
attention_counts,0,0.001,46.703361652330884
attention_counts,0,0.01,46.700205887266144
attention_counts,0,0.1,46.669026081565995
attention_counts,0,1.0,46.39064376222278
attention_counts,0,10.0,45.03767831899673
attention_counts,0,100.0,42.96773302965115
attention_counts,0,1000.0,42.25031173964504
attention_counts,0,10000.0,42.163228882393426
tfidf_bigram_only,0,0.0001,40.08305433040011
tfidf_bigram_only,0,0.001,40.08939901779283
tfidf_bigram_only,0,0.01,40.15196126037624
tfidf_bigram_only,0,0.1,40.69954618410098
tfidf_bigram_only,0,1.0,42.83976376209514
tfidf_bigram_only,0,10.0,43.73480698228896
tfidf_bigram_only,0,100.0,42.62499938087322
tfidf_bigram_only,0,1000.0,42.21023434498584
tfidf_bigram_only,0,10000.0,42.15917843101456
length_only,0,0.0001,44.936793091348356
length_only,0,0.001,44.93673794048521
length_only,0,0.01,44.93618657231491
length_only,0,0.1,44.93068472233625
length_only,0,1.0,44.87682209097364
length_only,0,10.0,44.43258253078671
length_only,0,100.0,43.0055891450936
length_only,0,1000.0,42.26951832804399
length_only,0,10000.0,42.16542098784178
uploaded_as_received_split,0,0.0001,25.4753412134443
uploaded_as_received_split,0,0.001,25.475696575257075
uploaded_as_received_split,0,0.01,25.479256513346723
uploaded_as_received_split,0,0.1,25.51546921564297
uploaded_as_received_split,0,1.0,25.923754262078084
uploaded_as_received_split,0,10.0,30.036743985201156
uploaded_as_received_split,0,100.0,38.7564406754457
uploaded_as_received_split,0,1000.0,41.73256942666244
uploaded_as_received_split,0,10000.0,42.11024700111507
uploaded_as_received_joint,0,0.0001,25.47531704731162
uploaded_as_received_joint,0,0.001,25.47545493895422
uploaded_as_received_joint,0,0.01,25.476842181941095
uploaded_as_received_joint,0,0.1,25.491526476482242
uploaded_as_received_joint,0,1.0,25.702309529313613
uploaded_as_received_joint,0,10.0,28.814134792183832
uploaded_as_received_joint,0,100.0,37.68214424832267
uploaded_as_received_joint,0,1000.0,41.559252260372986
uploaded_as_received_joint,0,10000.0,42.091915778096784
dictionary_only_correction_split,0,0.0001,25.4753412134443
dictionary_only_correction_split,0,0.001,25.475696575257075
dictionary_only_correction_split,0,0.01,25.479256513346723
dictionary_only_correction_split,0,0.1,25.51546921564297
dictionary_only_correction_split,0,1.0,25.923754262078084
dictionary_only_correction_split,0,10.0,30.036743985201156
dictionary_only_correction_split,0,100.0,38.7564406754457
dictionary_only_correction_split,0,1000.0,41.73256942666244
dictionary_only_correction_split,0,10000.0,42.11024700111507
dictionary_only_correction_joint,0,0.0001,25.47531704731162
dictionary_only_correction_joint,0,0.001,25.47545493895422
dictionary_only_correction_joint,0,0.01,25.476842181941095
dictionary_only_correction_joint,0,0.1,25.491526476482242
dictionary_only_correction_joint,0,1.0,25.702309529313613
dictionary_only_correction_joint,0,10.0,28.814134792183832
dictionary_only_correction_joint,0,100.0,37.68214424832267
dictionary_only_correction_joint,0,1000.0,41.559252260372986
dictionary_only_correction_joint,0,10000.0,42.091915778096784
audited_reconstruction_split,0,0.0001,26.351340560024717
audited_reconstruction_split,0,0.001,26.35158210325848
audited_reconstruction_split,0,0.01,26.35400593883219
audited_reconstruction_split,0,0.1,26.379062032220645
audited_reconstruction_split,0,1.0,26.69318197823549
audited_reconstruction_split,0,10.0,30.47808057104371
audited_reconstruction_split,0,100.0,38.90308979403759
audited_reconstruction_split,0,1000.0,41.75283542314134
audited_reconstruction_split,0,10000.0,42.11235344216709
audited_reconstruction_joint,0,0.0001,26.351319391391087
audited_reconstruction_joint,0,0.001,26.35137044203761
audited_reconstruction_joint,0,0.01,26.351890543709228
audited_reconstruction_joint,0,0.1,26.358028946134414
audited_reconstruction_joint,0,1.0,26.494378219421908
audited_reconstruction_joint,0,10.0,29.307337632543003
audited_reconstruction_joint,0,100.0,37.86131114096797
audited_reconstruction_joint,0,1000.0,41.58592537239752
audited_reconstruction_joint,0,10000.0,42.09472055864372
audited_counts_plus_gemini,0,0.0001,48.084690796756064
audited_counts_plus_gemini,0,0.001,47.65035003614137
audited_counts_plus_gemini,0,0.01,44.001347644352634
audited_counts_plus_gemini,0,0.1,30.735007993017906
audited_counts_plus_gemini,0,1.0,23.83605129316841
audited_counts_plus_gemini,0,10.0,30.229782392394743
audited_counts_plus_gemini,0,100.0,39.4015978472556
audited_counts_plus_gemini,0,1000.0,41.8331690793051
audited_counts_plus_gemini,0,10000.0,42.120814373666114
gemini_vector,1,0.0001,43.31187020645664
gemini_vector,1,0.001,43.01959618547947
gemini_vector,1,0.01,40.46319689888148
gemini_vector,1,0.1,29.692078824708304
gemini_vector,1,1.0,23.043554016373264
gemini_vector,1,10.0,29.414503676450405
gemini_vector,1,100.0,32.79878546838947
gemini_vector,1,1000.0,33.10251212238287
gemini_vector,1,10000.0,33.12785192489071
historical_counts,1,0.0001,26.247413527586914
historical_counts,1,0.001,26.247828489142478
historical_counts,1,0.01,26.251986172013353
historical_counts,1,0.1,26.293433483108895
historical_counts,1,1.0,26.570911237073588
historical_counts,1,10.0,27.4374556426322
historical_counts,1,100.0,31.117114923725083
historical_counts,1,1000.0,32.87076045702934
historical_counts,1,10000.0,33.10385296167475
attention_counts,1,0.0001,37.4432778874034
attention_counts,1,0.001,37.44293443073396
attention_counts,1,0.01,37.43950299030404
attention_counts,1,0.1,37.40549878344424
attention_counts,1,1.0,37.093905907683805
attention_counts,1,10.0,35.46023812404906
attention_counts,1,100.0,33.6147085315496
attention_counts,1,1000.0,33.184509388048994
attention_counts,1,10000.0,33.13603769570907
tfidf_bigram_only,1,0.0001,31.805005384392587
tfidf_bigram_only,1,0.001,31.8073998898517
tfidf_bigram_only,1,0.01,31.83106801279107
tfidf_bigram_only,1,0.1,32.04822878271352
tfidf_bigram_only,1,1.0,33.318203580957025
tfidf_bigram_only,1,10.0,34.42163544978369
tfidf_bigram_only,1,100.0,33.54022085082798
tfidf_bigram_only,1,1000.0,33.17993397844633
tfidf_bigram_only,1,10000.0,33.13562575824093
length_only,1,0.0001,35.69204903183602
length_only,1,0.001,35.69199742621395
length_only,1,0.01,35.69148148754263
length_only,1,0.1,35.6863334499141
length_only,1,1.0,35.635962598842305
length_only,1,10.0,35.222741855053904
length_only,1,100.0,33.91036879599218
length_only,1,1000.0,33.23603863643806
length_only,1,10000.0,33.141505605655404
uploaded_as_received_split,1,0.0001,20.824659301031545
uploaded_as_received_split,1,0.001,20.824641235621424
uploaded_as_received_split,1,0.01,20.82447048273875
uploaded_as_received_split,1,0.1,20.823729097649842
uploaded_as_received_split,1,1.0,20.893110676976075
uploaded_as_received_split,1,10.0,23.128843680253695
uploaded_as_received_split,1,100.0,29.883457508075853
uploaded_as_received_split,1,1000.0,32.706897852123916
uploaded_as_received_split,1,10000.0,33.08687973499769
uploaded_as_received_joint,1,0.0001,20.8246511894701
uploaded_as_received_joint,1,0.001,20.824560107695152
uploaded_as_received_joint,1,0.01,20.823657833280844
uploaded_as_received_joint,1,0.1,20.81547108223527
uploaded_as_received_joint,1,1.0,20.80166537903872
uploaded_as_received_joint,1,10.0,22.335000414390034
uploaded_as_received_joint,1,100.0,28.926843762092453
uploaded_as_received_joint,1,1000.0,32.53751858487306
uploaded_as_received_joint,1,10000.0,33.06874633073189
dictionary_only_correction_split,1,0.0001,20.824659301031545
dictionary_only_correction_split,1,0.001,20.824641235621424
dictionary_only_correction_split,1,0.01,20.82447048273875
dictionary_only_correction_split,1,0.1,20.823729097649842
dictionary_only_correction_split,1,1.0,20.893110676976075
dictionary_only_correction_split,1,10.0,23.128843680253695
dictionary_only_correction_split,1,100.0,29.883457508075853
dictionary_only_correction_split,1,1000.0,32.706897852123916
dictionary_only_correction_split,1,10000.0,33.08687973499769
dictionary_only_correction_joint,1,0.0001,20.8246511894701
dictionary_only_correction_joint,1,0.001,20.824560107695152
dictionary_only_correction_joint,1,0.01,20.823657833280844
dictionary_only_correction_joint,1,0.1,20.81547108223527
dictionary_only_correction_joint,1,1.0,20.80166537903872
dictionary_only_correction_joint,1,10.0,22.335000414390034
dictionary_only_correction_joint,1,100.0,28.926843762092453
dictionary_only_correction_joint,1,1000.0,32.53751858487306
dictionary_only_correction_joint,1,10000.0,33.06874633073189
audited_reconstruction_split,1,0.0001,21.61349520882393
audited_reconstruction_split,1,0.001,21.613383364384724
audited_reconstruction_split,1,0.01,21.61227589696407
audited_reconstruction_split,1,0.1,21.602274302385272
audited_reconstruction_split,1,1.0,21.58910358234703
audited_reconstruction_split,1,10.0,23.489208642112146
audited_reconstruction_split,1,100.0,30.008546001574015
audited_reconstruction_split,1,1000.0,32.7260420966184
audited_reconstruction_split,1,10000.0,33.08889702805173
audited_reconstruction_joint,1,0.0001,21.61348969486848
audited_reconstruction_joint,1,0.001,21.61332820662221
audited_reconstruction_joint,1,0.01,21.61172249711804
audited_reconstruction_joint,1,0.1,21.59656394249684
audited_reconstruction_joint,1,1.0,21.519047311810297
audited_reconstruction_joint,1,10.0,22.74980693005743
audited_reconstruction_joint,1,100.0,29.075747426712603
audited_reconstruction_joint,1,1000.0,32.56257429303131
audited_reconstruction_joint,1,10000.0,33.071430789801354
audited_counts_plus_gemini,1,0.0001,34.17736664246649
audited_counts_plus_gemini,1,0.001,33.87265333552629
audited_counts_plus_gemini,1,0.01,31.389643186859043
audited_counts_plus_gemini,1,0.1,23.340503601737932
audited_counts_plus_gemini,1,1.0,19.198355247721924
audited_counts_plus_gemini,1,10.0,22.901172798456376
audited_counts_plus_gemini,1,100.0,30.43018677053645
audited_counts_plus_gemini,1,1000.0,32.80466442145872
audited_counts_plus_gemini,1,10000.0,33.097305756668185
gemini_vector,2,0.0001,39.62014969993625
gemini_vector,2,0.001,39.37038611107157
gemini_vector,2,0.01,37.22378496302434
gemini_vector,2,0.1,28.686232763237197
gemini_vector,2,1.0,22.841960486610567
gemini_vector,2,10.0,27.286737980423315
gemini_vector,2,100.0,29.924985437138748
gemini_vector,2,1000.0,30.270993489306914
gemini_vector,2,10000.0,30.306851962885727
historical_counts,2,0.0001,28.531568332689826
historical_counts,2,0.001,28.531945405970237
historical_counts,2,0.01,28.535660162978825
historical_counts,2,0.1,28.56737566880192
historical_counts,2,1.0,28.611809696772657
historical_counts,2,10.0,27.93379526676217
historical_counts,2,100.0,28.840350320716325
historical_counts,2,1000.0,30.08821052186206
historical_counts,2,10000.0,30.287477885696813
attention_counts,2,0.0001,41.18468118415822
attention_counts,2,0.001,41.184162532600766
attention_counts,2,0.01,41.17897876183086
attention_counts,2,0.1,41.12741264652711
attention_counts,2,1.0,40.63751400016428
attention_counts,2,10.0,37.41339696172854
attention_counts,2,100.0,31.976843600701567
attention_counts,2,1000.0,30.49650812730514
attention_counts,2,10000.0,30.32957465776221
tfidf_bigram_only,2,0.0001,37.472202043942644
tfidf_bigram_only,2,0.001,37.46287201014327
tfidf_bigram_only,2,0.01,37.37118595790038
tfidf_bigram_only,2,0.1,36.60135520165239
tfidf_bigram_only,2,1.0,34.20521503143416
tfidf_bigram_only,2,10.0,32.35252984832313
tfidf_bigram_only,2,100.0,30.696977469000405
tfidf_bigram_only,2,1000.0,30.352556588649524
tfidf_bigram_only,2,10000.0,30.315054918312434
length_only,2,0.0001,34.31850368036973
length_only,2,0.001,34.31835912310562
length_only,2,0.01,34.31691406610801
length_only,2,0.1,34.3025161875668
length_only,2,1.0,34.16362780279065
length_only,2,10.0,33.150489464016054
length_only,2,100.0,31.048023397143464
length_only,2,1000.0,30.395829288109674
length_only,2,10000.0,30.319468138007686
uploaded_as_received_split,2,0.0001,21.792790012989773
uploaded_as_received_split,2,0.001,21.7927899025452
uploaded_as_received_split,2,0.01,21.79279014031769
uploaded_as_received_split,2,0.1,21.792924458421076
uploaded_as_received_split,2,1.0,21.805517416835702
uploaded_as_received_split,2,10.0,22.379592098654697
uploaded_as_received_split,2,100.0,26.81071756206551
uploaded_as_received_split,2,1000.0,29.810560242695942
uploaded_as_received_split,2,10000.0,30.258660052162483
uploaded_as_received_joint,2,0.0001,21.792771909664726
uploaded_as_received_joint,2,0.001,21.792608887754763
uploaded_as_received_joint,2,0.01,21.79098174751381
uploaded_as_received_joint,2,0.1,21.775014993548496
uploaded_as_received_joint,2,1.0,21.642750584445974
uploaded_as_received_joint,2,10.0,21.58264420744276
uploaded_as_received_joint,2,100.0,25.890620450829267
uploaded_as_received_joint,2,1000.0,29.625737877554293
uploaded_as_received_joint,2,10000.0,30.23850292306876
dictionary_only_correction_split,2,0.0001,21.792790012989773
dictionary_only_correction_split,2,0.001,21.7927899025452
dictionary_only_correction_split,2,0.01,21.79279014031769
dictionary_only_correction_split,2,0.1,21.792924458421076
dictionary_only_correction_split,2,1.0,21.805517416835702
dictionary_only_correction_split,2,10.0,22.379592098654697
dictionary_only_correction_split,2,100.0,26.81071756206551
dictionary_only_correction_split,2,1000.0,29.810560242695942
dictionary_only_correction_split,2,10000.0,30.258660052162483
dictionary_only_correction_joint,2,0.0001,21.792771909664726
dictionary_only_correction_joint,2,0.001,21.792608887754763
dictionary_only_correction_joint,2,0.01,21.79098174751381
dictionary_only_correction_joint,2,0.1,21.775014993548496
dictionary_only_correction_joint,2,1.0,21.642750584445974
dictionary_only_correction_joint,2,10.0,21.58264420744276
dictionary_only_correction_joint,2,100.0,25.890620450829267
dictionary_only_correction_joint,2,1000.0,29.625737877554293
dictionary_only_correction_joint,2,10000.0,30.23850292306876
audited_reconstruction_split,2,0.0001,23.443452596300887
audited_reconstruction_split,2,0.001,23.44335771725209
audited_reconstruction_split,2,0.01,23.44241077369805
audited_reconstruction_split,2,0.1,23.433124239446467
audited_reconstruction_split,2,1.0,23.35674337219528
audited_reconstruction_split,2,10.0,23.41450859968692
audited_reconstruction_split,2,100.0,27.130392796793625
audited_reconstruction_split,2,1000.0,29.855019454866977
audited_reconstruction_split,2,10000.0,30.263295942527872
audited_reconstruction_joint,2,0.0001,23.44343769873968
audited_reconstruction_joint,2,0.001,23.443208750583654
audited_reconstruction_joint,2,0.01,23.440922517868525
audited_reconstruction_joint,2,0.1,23.41838178990909
audited_reconstruction_joint,2,1.0,23.222296615579825
audited_reconstruction_joint,2,10.0,22.7239785048929
audited_reconstruction_joint,2,100.0,26.27913307407234
audited_reconstruction_joint,2,1000.0,29.684134145579865
audited_reconstruction_joint,2,10000.0,30.244674292344133
audited_counts_plus_gemini,2,0.0001,32.618457974964386
audited_counts_plus_gemini,2,0.001,32.280256496298605
audited_counts_plus_gemini,2,0.01,29.737209587826786
audited_counts_plus_gemini,2,0.1,23.356395746827065
audited_counts_plus_gemini,2,1.0,20.430229625340015
audited_counts_plus_gemini,2,10.0,22.236400258894697
audited_counts_plus_gemini,2,100.0,27.51957556471689
audited_counts_plus_gemini,2,1000.0,29.948915894705713
audited_counts_plus_gemini,2,10000.0,30.273575394793184
gemini_vector,3,0.0001,34.324776744584625
gemini_vector,3,0.001,34.035610860044464
gemini_vector,3,0.01,31.64167297122248
gemini_vector,3,0.1,23.519153112875298
gemini_vector,3,1.0,19.054767197145264
gemini_vector,3,10.0,24.308944349108344
gemini_vector,3,100.0,28.02044116555441
gemini_vector,3,1000.0,28.57895939237472
gemini_vector,3,10000.0,28.63681548212207
historical_counts,3,0.0001,24.219543906878922
historical_counts,3,0.001,24.21930078936389
historical_counts,3,0.01,24.217026281956613
historical_counts,3,0.1,24.206307306458786
historical_counts,3,1.0,24.32505737205282
historical_counts,3,10.0,24.623115991114414
historical_counts,3,100.0,26.677234496450424
historical_counts,3,1000.0,28.349464258090467
historical_counts,3,10000.0,28.61241183708605
attention_counts,3,0.0001,33.830793508069114
attention_counts,3,0.001,33.83055682690662
attention_counts,3,0.01,33.828191218939544
attention_counts,3,0.1,33.804657914118636
attention_counts,3,1.0,33.5809714389572
attention_counts,3,10.0,32.10138634539681
attention_counts,3,100.0,29.509591220049433
attention_counts,3,1000.0,28.742545593225607
attention_counts,3,10000.0,28.653303226974426
tfidf_bigram_only,3,0.0001,28.570538811781674
tfidf_bigram_only,3,0.001,28.567741777045384
tfidf_bigram_only,3,0.01,28.5410081526143
tfidf_bigram_only,3,0.1,28.369759795066493
tfidf_bigram_only,3,1.0,28.65822559835757
tfidf_bigram_only,3,10.0,29.475349545549758
tfidf_bigram_only,3,100.0,28.875829502251186
tfidf_bigram_only,3,1000.0,28.67025289547048
tfidf_bigram_only,3,10000.0,28.64600511593993
length_only,3,0.0001,30.835498123473997
length_only,3,0.001,30.835434712651928
length_only,3,0.01,30.834800792181177
length_only,3,0.1,30.828480892984217
length_only,3,1.0,30.7671565151028
length_only,3,10.0,30.29806432074439
length_only,3,100.0,29.149045637251355
length_only,3,1000.0,28.706491985631615
length_only,3,10000.0,28.649747834466023
uploaded_as_received_split,3,0.0001,19.843579194655458
uploaded_as_received_split,3,0.001,19.843599729690236
uploaded_as_received_split,3,0.01,19.843806690004943
uploaded_as_received_split,3,0.1,19.846034500050102
uploaded_as_received_split,3,1.0,19.881507397961787
uploaded_as_received_split,3,10.0,20.633831465089926
uploaded_as_received_split,3,100.0,25.05882386527008
uploaded_as_received_split,3,1000.0,28.116803417212942
uploaded_as_received_split,3,10000.0,28.588100517496606
uploaded_as_received_joint,3,0.0001,19.8435716254721
uploaded_as_received_joint,3,0.001,19.843524036701066
uploaded_as_received_joint,3,0.01,19.843049730094194
uploaded_as_received_joint,3,0.1,19.83846319776042
uploaded_as_received_joint,3,1.0,19.80662378491091
uploaded_as_received_joint,3,10.0,20.116749050939806
uploaded_as_received_joint,3,100.0,24.22632154206457
uploaded_as_received_joint,3,1000.0,27.932148494216115
uploaded_as_received_joint,3,10000.0,28.56768308343653
dictionary_only_correction_split,3,0.0001,19.843579194655458
dictionary_only_correction_split,3,0.001,19.843599729690236
dictionary_only_correction_split,3,0.01,19.843806690004943
dictionary_only_correction_split,3,0.1,19.846034500050102
dictionary_only_correction_split,3,1.0,19.881507397961787
dictionary_only_correction_split,3,10.0,20.633831465089926
dictionary_only_correction_split,3,100.0,25.05882386527008
dictionary_only_correction_split,3,1000.0,28.116803417212942
dictionary_only_correction_split,3,10000.0,28.588100517496606
dictionary_only_correction_joint,3,0.0001,19.8435716254721
dictionary_only_correction_joint,3,0.001,19.843524036701066
dictionary_only_correction_joint,3,0.01,19.843049730094194
dictionary_only_correction_joint,3,0.1,19.83846319776042
dictionary_only_correction_joint,3,1.0,19.80662378491091
dictionary_only_correction_joint,3,10.0,20.116749050939806
dictionary_only_correction_joint,3,100.0,24.22632154206457
dictionary_only_correction_joint,3,1000.0,27.932148494216115
dictionary_only_correction_joint,3,10000.0,28.56768308343653
audited_reconstruction_split,3,0.0001,20.26520575932666
audited_reconstruction_split,3,0.001,20.265204749024655
audited_reconstruction_split,3,0.01,20.265196589364482
audited_reconstruction_split,3,0.1,20.265305843759233
audited_reconstruction_split,3,1.0,20.2824584494551
audited_reconstruction_split,3,10.0,20.96559344756344
audited_reconstruction_split,3,100.0,25.2316520663245
audited_reconstruction_split,3,1000.0,28.143670753037657
audited_reconstruction_split,3,10000.0,28.590934245695177
audited_reconstruction_joint,3,0.0001,20.26519923216554
audited_reconstruction_joint,3,0.001,20.265139477317245
audited_reconstruction_joint,3,0.01,20.26454361954108
audited_reconstruction_joint,3,0.1,20.258752493009847
audited_reconstruction_joint,3,1.0,20.215871265620354
audited_reconstruction_joint,3,10.0,20.468480407896678
audited_reconstruction_joint,3,100.0,24.429432966200643
audited_reconstruction_joint,3,1000.0,27.967315317019263
audited_reconstruction_joint,3,10000.0,28.571454085651776
audited_counts_plus_gemini,3,0.0001,30.228094096300165
audited_counts_plus_gemini,3,0.001,29.882093789340285
audited_counts_plus_gemini,3,0.01,27.267615629000012
audited_counts_plus_gemini,3,0.1,20.44126584648625
audited_counts_plus_gemini,3,1.0,17.149485386971772
audited_counts_plus_gemini,3,10.0,19.83120707419752
audited_counts_plus_gemini,3,100.0,25.61159841761658
audited_counts_plus_gemini,3,1000.0,28.242601913647523
audited_counts_plus_gemini,3,10000.0,28.601877380887945
gemini_vector,4,0.0001,34.62253857807052
gemini_vector,4,0.001,34.395463274337416
gemini_vector,4,0.01,32.50536942536217
gemini_vector,4,0.1,25.80398228673991
gemini_vector,4,1.0,22.29591353780865
gemini_vector,4,10.0,28.41359720627788
gemini_vector,4,100.0,33.424833815856026
gemini_vector,4,1000.0,34.280274482422605
gemini_vector,4,10000.0,34.3706763788461
historical_counts,4,0.0001,32.46569280583158
historical_counts,4,0.001,32.465009926233776
historical_counts,4,0.01,32.458369926168615
historical_counts,4,0.1,32.406790131882396
historical_counts,4,1.0,32.25511142888298
historical_counts,4,10.0,31.730561861419375
historical_counts,4,100.0,32.67411108709698
historical_counts,4,1000.0,34.110924567985975
historical_counts,4,10000.0,34.35224944968469
attention_counts,4,0.0001,38.61435050065222
attention_counts,4,0.001,38.61416251794419
attention_counts,4,0.01,38.6122836347497
attention_counts,4,0.1,38.59358813321982
attention_counts,4,1.0,38.41551534053456
attention_counts,4,10.0,37.224156565292745
attention_counts,4,100.0,35.1113687762912
attention_counts,4,1000.0,34.46728924785504
attention_counts,4,10000.0,34.38957365170292
tfidf_bigram_only,4,0.0001,32.72461112135179
tfidf_bigram_only,4,0.001,32.724916306299406
tfidf_bigram_only,4,0.01,32.72837686431403
tfidf_bigram_only,4,0.1,32.79276698528452
tfidf_bigram_only,4,1.0,33.662968096933476
tfidf_bigram_only,4,10.0,34.85676064734849
tfidf_bigram_only,4,100.0,34.55799033450307
tfidf_bigram_only,4,1000.0,34.4026920460415
tfidf_bigram_only,4,10000.0,34.38301539979161
length_only,4,0.0001,35.94562069379103
length_only,4,0.001,35.945581066225124
length_only,4,0.01,35.94518487921424
length_only,4,0.1,35.941233716738424
length_only,4,1.0,35.902765335877234
length_only,4,10.0,35.60042273104212
length_only,4,100.0,34.78804999545964
length_only,4,1000.0,34.43503366669089
length_only,4,10000.0,34.386404723442546
uploaded_as_received_split,4,0.0001,23.82078695358294
uploaded_as_received_split,4,0.001,23.82089817426129
uploaded_as_received_split,4,0.01,23.822011080790325
uploaded_as_received_split,4,0.1,23.83320859555305
uploaded_as_received_split,4,1.0,23.95056848639517
uploaded_as_received_split,4,10.0,25.165010732498768
uploaded_as_received_split,4,100.0,30.31879560729448
uploaded_as_received_split,4,1000.0,33.776875844984765
uploaded_as_received_split,4,10000.0,34.317351435312055
uploaded_as_received_joint,4,0.0001,23.820779416342372
uploaded_as_received_joint,4,0.001,23.820822803570668
uploaded_as_received_joint,4,0.01,23.821257439317694
uploaded_as_received_joint,4,0.1,23.825679469596224
uploaded_as_received_joint,4,1.0,23.876601356522162
uploaded_as_received_joint,4,10.0,24.64381696142394
uploaded_as_received_joint,4,100.0,29.434814709441362
uploaded_as_received_joint,4,1000.0,33.57169499071154
uploaded_as_received_joint,4,10000.0,34.29449182884011
dictionary_only_correction_split,4,0.0001,23.82078695358294
dictionary_only_correction_split,4,0.001,23.82089817426129
dictionary_only_correction_split,4,0.01,23.822011080790325
dictionary_only_correction_split,4,0.1,23.83320859555305
dictionary_only_correction_split,4,1.0,23.95056848639517
dictionary_only_correction_split,4,10.0,25.165010732498768
dictionary_only_correction_split,4,100.0,30.31879560729448
dictionary_only_correction_split,4,1000.0,33.776875844984765
dictionary_only_correction_split,4,10000.0,34.317351435312055
dictionary_only_correction_joint,4,0.0001,23.820779416342372
dictionary_only_correction_joint,4,0.001,23.820822803570668
dictionary_only_correction_joint,4,0.01,23.821257439317694
dictionary_only_correction_joint,4,0.1,23.825679469596224
dictionary_only_correction_joint,4,1.0,23.876601356522162
dictionary_only_correction_joint,4,10.0,24.64381696142394
dictionary_only_correction_joint,4,100.0,29.434814709441362
dictionary_only_correction_joint,4,1000.0,33.57169499071154
dictionary_only_correction_joint,4,10000.0,34.29449182884011
audited_reconstruction_split,4,0.0001,23.826994104817377
audited_reconstruction_split,4,0.001,23.827080655528004
audited_reconstruction_split,4,0.01,23.827947234982194
audited_reconstruction_split,4,0.1,23.836718221204578
audited_reconstruction_split,4,1.0,23.933096651341927
audited_reconstruction_split,4,10.0,25.08405173010677
audited_reconstruction_split,4,100.0,30.29905636309651
audited_reconstruction_split,4,1000.0,33.775772418951725
audited_reconstruction_split,4,10000.0,34.31725952757061
audited_reconstruction_joint,4,0.0001,23.826987580640516
audited_reconstruction_joint,4,0.001,23.827015413615328
audited_reconstruction_joint,4,0.01,23.82729466755573
audited_reconstruction_joint,4,0.1,23.830178766025213
audited_reconstruction_joint,4,1.0,23.867189950107928
audited_reconstruction_joint,4,10.0,24.575823736622397
audited_reconstruction_joint,4,100.0,29.409122174031726
audited_reconstruction_joint,4,1000.0,33.57019140629083
audited_reconstruction_joint,4,10000.0,34.29436888893372
audited_counts_plus_gemini,4,0.0001,29.422707270935774
audited_counts_plus_gemini,4,0.001,29.15814315616742
audited_counts_plus_gemini,4,0.01,27.149832315486268
audited_counts_plus_gemini,4,0.1,21.749710545327083
audited_counts_plus_gemini,4,1.0,19.93109356990593
audited_counts_plus_gemini,4,10.0,23.75572333901386
audited_counts_plus_gemini,4,100.0,30.70033370912016
audited_counts_plus_gemini,4,1000.0,33.88804359590615
audited_counts_plus_gemini,4,10000.0,34.32977480631981
