date,author_negative,author_positive,reconstructed_negative,reconstructed_positive
2000-03-21,0.0,5.0,0.0,3.0
2000-05-16,4.0,2.0,3.0,5.0
2000-06-28,4.0,1.0,1.0,5.0
2000-08-22,2.0,3.0,0.0,4.0
2000-10-03,4.0,0.0,3.0,1.0
2000-11-15,3.0,1.0,1.0,2.0
2000-12-19,8.0,0.0,7.0,1.0
2001-01-31,2.0,1.0,4.0,1.0
2001-03-20,11.0,0.0,7.0,0.0
2001-05-15,4.0,3.0,7.0,2.0
2001-06-27,6.0,0.0,9.0,0.0
2001-08-21,6.0,0.0,6.0,0.0
2001-10-02,9.0,0.0,6.0,0.0
2001-11-06,2.0,1.0,2.0,1.0
2001-12-11,0.0,2.0,1.0,1.0
2002-01-30,6.0,1.0,4.0,1.0
2002-03-19,2.0,1.0,0.0,1.0
2002-05-07,1.0,0.0,1.0,0.0
2002-06-26,3.0,1.0,5.0,0.0
2002-08-13,11.0,1.0,5.0,0.0
2002-09-24,4.0,1.0,3.0,1.0
2002-11-06,1.0,3.0,2.0,1.0
2002-12-10,0.0,1.0,1.0,0.0
2003-01-29,0.0,0.0,2.0,0.0
2003-03-18,3.0,0.0,2.0,1.0
2003-05-06,0.0,2.0,0.0,1.0
2003-06-25,0.0,6.0,0.0,3.0
2003-08-12,0.0,4.0,0.0,1.0
2003-09-16,0.0,2.0,0.0,1.0
2003-10-28,0.0,1.0,0.0,1.0
2003-12-09,0.0,3.0,0.0,3.0
2004-01-28,0.0,3.0,0.0,2.0
2004-03-16,2.0,2.0,1.0,5.0
2004-05-04,0.0,0.0,0.0,0.0
2004-06-30,0.0,1.0,0.0,1.0
2004-08-10,2.0,0.0,1.0,0.0
2004-09-21,0.0,1.0,0.0,0.0
2004-11-10,0.0,1.0,0.0,0.0
2004-12-14,0.0,2.0,0.0,3.0
2005-02-02,2.0,1.0,1.0,1.0
2005-03-22,0.0,2.0,0.0,3.0
2005-05-03,3.0,0.0,2.0,0.0
2005-06-30,0.0,3.0,0.0,3.0
2005-08-09,0.0,1.0,0.0,1.0
2005-09-20,0.0,1.0,0.0,0.0
2005-11-01,1.0,0.0,0.0,0.0
2005-12-13,0.0,3.0,0.0,2.0
2006-01-31,0.0,4.0,0.0,2.0
2006-03-28,0.0,2.0,0.0,1.0
2006-05-10,0.0,2.0,0.0,3.0
2006-06-29,3.0,0.0,2.0,1.0
2006-08-08,0.0,1.0,0.0,1.0
2006-09-20,0.0,1.0,0.0,1.0
2006-10-25,0.0,1.0,0.0,2.0
2006-12-12,0.0,2.0,0.0,1.0
2007-01-31,0.0,2.0,0.0,1.0
2007-03-21,5.0,0.0,4.0,0.0
2007-05-09,0.0,3.0,0.0,2.0
2007-06-28,0.0,3.0,1.0,2.0
2007-08-07,3.0,1.0,2.0,1.0
2007-09-18,1.0,0.0,1.0,0.0
2007-10-31,0.0,1.0,0.0,1.0
2007-12-11,1.0,0.0,1.0,0.0
2008-01-30,7.0,0.0,7.0,0.0
2008-03-18,3.0,0.0,5.0,0.0
2008-04-30,2.0,1.0,0.0,0.0
2008-06-25,5.0,0.0,2.0,0.0
2008-08-05,4.0,0.0,4.0,1.0
2008-09-16,3.0,0.0,3.0,0.0
2008-10-29,5.0,0.0,6.0,1.0
2008-12-16,8.0,1.0,10.0,0.0
2009-01-28,7.0,0.0,4.0,0.0
2009-03-18,8.0,0.0,5.0,0.0
2009-04-29,1.0,5.0,4.0,4.0
2009-06-24,0.0,6.0,3.0,3.0
2009-08-12,0.0,8.0,0.0,8.0
2009-09-23,2.0,9.0,5.0,4.0
2009-11-04,2.0,3.0,2.0,2.0
2009-12-16,0.0,6.0,2.0,3.0
2010-01-27,1.0,0.0,0.0,1.0
2010-03-16,0.0,3.0,1.0,0.0
2010-04-28,0.0,5.0,0.0,3.0
2010-06-23,9.0,0.0,7.0,0.0
2010-08-10,0.0,3.0,2.0,1.0
2010-09-21,3.0,3.0,2.0,0.0
2010-11-03,1.0,5.0,0.0,4.0
2010-12-14,0.0,5.0,2.0,4.0
2011-01-26,0.0,6.0,0.0,5.0
2011-03-15,3.0,2.0,1.0,5.0
2011-04-27,1.0,3.0,1.0,2.0
2011-06-22,3.0,0.0,0.0,1.0
2011-08-09,5.0,0.0,2.0,0.0
2011-09-21,3.0,2.0,2.0,0.0
2011-11-02,1.0,1.0,1.0,1.0
2011-12-13,1.0,1.0,0.0,0.0
2012-01-25,0.0,5.0,0.0,2.0
2012-03-13,1.0,6.0,0.0,4.0
2012-04-25,2.0,2.0,2.0,3.0
2012-06-20,6.0,0.0,3.0,2.0
2012-08-01,1.0,2.0,0.0,2.0
2012-09-13,0.0,7.0,1.0,5.0
2012-10-24,3.0,2.0,1.0,1.0
2012-12-12,2.0,3.0,1.0,4.0
2013-01-30,0.0,3.0,0.0,3.0
2013-03-20,1.0,5.0,0.0,4.0
2013-05-01,0.0,7.0,0.0,5.0
2013-06-19,3.0,6.0,2.0,2.0
2013-07-31,1.0,6.0,0.0,6.0
2013-09-18,2.0,3.0,0.0,1.0
2013-10-30,0.0,6.0,0.0,4.0
2013-12-18,2.0,5.0,1.0,2.0
2014-01-29,1.0,5.0,0.0,3.0
2014-03-19,1.0,5.0,1.0,2.0
2014-04-30,3.0,2.0,1.0,2.0
2014-06-18,0.0,4.0,0.0,3.0
2014-07-30,2.0,3.0,0.0,4.0
2014-09-17,0.0,4.0,0.0,4.0
2014-10-29,5.0,0.0,7.0,0.0
2014-12-17,0.0,1.0,0.0,0.0
2015-01-28,1.0,3.0,2.0,2.0
2015-03-18,0.0,4.0,1.0,3.0
2015-04-29,0.0,9.0,1.0,4.0
2015-06-17,2.0,0.0,2.0,1.0
2015-07-29,3.0,1.0,2.0,2.0
2015-09-17,12.0,0.0,5.0,1.0
2015-10-28,1.0,4.0,2.0,1.0
2015-12-16,2.0,0.0,2.0,1.0
2016-01-27,10.0,0.0,5.0,0.0
2016-03-16,2.0,5.0,1.0,3.0
2016-04-27,0.0,8.0,1.0,8.0
2016-06-15,3.0,0.0,1.0,0.0
2016-07-27,5.0,6.0,5.0,4.0
2016-09-21,1.0,1.0,0.0,2.0
2016-11-02,0.0,1.0,0.0,1.0
2016-12-14,0.0,7.0,2.0,6.0
