model,fold,alpha,validation_mse,selected
rules_whole_linear,0,0.0001,13.900928329210323,False
rules_whole_linear,0,0.001,13.900795742494715,False
rules_whole_linear,0,0.01,13.899583044436266,False
rules_whole_linear,0,0.1,13.897556425388219,True
rules_whole_linear,0,1.0,14.303243919397895,False
rules_whole_linear,0,10.0,18.293439117757487,False
rules_whole_linear,0,100.0,22.63775015623052,False
rules_whole_linear,0,1000.0,23.47455886336642,False
rules_whole_linear,0,10000.0,23.566632372751798,False
rules_whole_linear,1,0.0001,32.15595173322446,False
rules_whole_linear,1,0.001,32.15451569996728,False
rules_whole_linear,1,0.01,32.1402316953873,False
rules_whole_linear,1,0.1,32.00473343972502,False
rules_whole_linear,1,1.0,31.178043975521188,True
rules_whole_linear,1,10.0,33.04343059684795,False
rules_whole_linear,1,100.0,41.29573881081826,False
rules_whole_linear,1,1000.0,43.853887213654964,False
rules_whole_linear,1,10000.0,44.163366231040115,False
rules_whole_linear,2,0.0001,24.05457020564511,True
rules_whole_linear,2,0.001,24.055096786829214,False
rules_whole_linear,2,0.01,24.060368536903457,False
rules_whole_linear,2,0.1,24.11364923930064,False
rules_whole_linear,2,1.0,24.679962164261525,False
rules_whole_linear,2,10.0,29.284217460899722,False
rules_whole_linear,2,100.0,37.909062112455636,False
rules_whole_linear,2,1000.0,40.791176925584935,False
rules_whole_linear,2,10000.0,41.15544328512963,False
rules_whole_linear,3,0.0001,21.292270440059553,False
rules_whole_linear,3,0.001,21.292161494180483,False
rules_whole_linear,3,0.01,21.29108497368538,False
rules_whole_linear,3,0.1,21.281577233359446,True
rules_whole_linear,3,1.0,21.28319328682225,False
rules_whole_linear,3,10.0,23.104254386065072,False
rules_whole_linear,3,100.0,28.85491058011512,False
rules_whole_linear,3,1000.0,31.357991680096667,False
rules_whole_linear,3,10000.0,31.69799647896444,False
rules_whole_quadratic,0,0.0001,23.705396913324268,False
rules_whole_quadratic,0,0.001,21.328211108984764,False
rules_whole_quadratic,0,0.01,15.032616623920244,False
rules_whole_quadratic,0,0.1,12.630780783425998,True
rules_whole_quadratic,0,1.0,15.309589874722557,False
rules_whole_quadratic,0,10.0,20.16625163807344,False
rules_whole_quadratic,0,100.0,23.090432725544133,False
rules_whole_quadratic,0,1000.0,23.526100841018494,False
rules_whole_quadratic,0,10000.0,23.571858830025683,False
rules_whole_quadratic,1,0.0001,48.08669095595125,False
rules_whole_quadratic,1,0.001,47.96446485493202,False
rules_whole_quadratic,1,0.01,46.86393536076149,False
rules_whole_quadratic,1,0.1,41.205569237195405,False
rules_whole_quadratic,1,1.0,34.11835741024684,True
rules_whole_quadratic,1,10.0,36.2736684488692,False
rules_whole_quadratic,1,100.0,42.42969404805411,False
rules_whole_quadratic,1,1000.0,43.996631369539436,False
rules_whole_quadratic,1,10000.0,44.178009264647216,False
rules_whole_quadratic,2,0.0001,32.17464007594055,False
rules_whole_quadratic,2,0.001,32.1034401596736,False
rules_whole_quadratic,2,0.01,31.48165656762508,False
rules_whole_quadratic,2,0.1,29.01977272929756,False
rules_whole_quadratic,2,1.0,27.528676043305058,True
rules_whole_quadratic,2,10.0,32.15417497708762,False
rules_whole_quadratic,2,100.0,39.03685569560571,False
rules_whole_quadratic,2,1000.0,40.94237964979723,False
rules_whole_quadratic,2,10000.0,41.17108099719424,False
rules_whole_quadratic,3,0.0001,33.69698028941991,False
rules_whole_quadratic,3,0.001,33.62648308269302,False
rules_whole_quadratic,3,0.01,32.96780364228573,False
rules_whole_quadratic,3,0.1,29.043184857483684,False
rules_whole_quadratic,3,1.0,23.84469268986988,True
rules_whole_quadratic,3,10.0,25.419651203167632,False
rules_whole_quadratic,3,100.0,29.957851913852483,False
rules_whole_quadratic,3,1000.0,31.51678341114664,False
rules_whole_quadratic,3,10000.0,31.714567260417805,False
flash_five,0,0.0001,15.510302224036105,False
flash_five,0,0.001,15.464659391171272,False
flash_five,0,0.01,15.032883458532655,False
flash_five,0,0.1,12.357192535004065,False
flash_five,0,1.0,11.066296329267026,True
flash_five,0,10.0,18.320369733441474,False
flash_five,0,100.0,22.879500900385185,False
flash_five,0,1000.0,23.505428434319725,False
flash_five,0,10000.0,23.56979739897429,False
flash_five,1,0.0001,19.994644155738555,False
flash_five,1,0.001,19.992827634699616,False
flash_five,1,0.01,19.975344543244248,False
flash_five,1,0.1,19.857689058265176,True
flash_five,1,1.0,20.555775175565838,False
flash_five,1,10.0,29.957360518940146,False
flash_five,1,100.0,41.53953063974094,False
flash_five,1,1000.0,43.90762324453381,False
flash_five,1,10000.0,44.169122306088596,False
flash_five,2,0.0001,15.362636897953886,False
flash_five,2,0.001,15.361845190968882,False
flash_five,2,0.01,15.354215020900002,False
flash_five,2,0.1,15.303959581998813,True
flash_five,2,1.0,16.02311064923153,False
flash_five,2,10.0,25.443081075749443,False
flash_five,2,100.0,37.89762514916461,False
flash_five,2,1000.0,40.82592737166265,False
flash_five,2,10000.0,41.15943750857592,False
flash_five,3,0.0001,13.914957845386096,False
flash_five,3,0.001,13.91427660591783,False
flash_five,3,0.01,13.907545977322222,False
flash_five,3,0.1,13.848030003405263,False
flash_five,3,1.0,13.771433014340532,True
flash_five,3,10.0,19.08623045025301,False
flash_five,3,100.0,28.895917335823807,False
flash_five,3,1000.0,31.410550637753225,False
flash_five,3,10000.0,31.703982134072803,False
gemini,0,0.0001,40.515100627722134,False
gemini,0,0.001,40.18463965693309,False
gemini,0,0.01,37.25920963532482,False
gemini,0,0.1,23.710840859467933,False
gemini,0,1.0,14.203641538943227,True
gemini,0,10.0,20.917642535668456,False
gemini,0,100.0,23.301511045199813,False
gemini,0,1000.0,23.54951399396332,False
gemini,0,10000.0,23.574224930539923,False
gemini,1,0.0001,49.499501445217675,False
gemini,1,0.001,49.13023280690718,False
gemini,1,0.01,45.929785526493816,False
gemini,1,0.1,32.75827042997707,False
gemini,1,1.0,27.509241529944422,True
gemini,1,10.0,39.03342188409123,False
gemini,1,100.0,43.590522821886225,False
gemini,1,1000.0,44.136859882709,False
gemini,1,10000.0,44.19231447850734,False
gemini,2,0.0001,41.2195607454416,False
gemini,2,0.001,40.95467039368179,False
gemini,2,0.01,38.66386793822312,False
gemini,2,0.1,29.688955393572797,False
gemini,2,1.0,27.917127713244227,True
gemini,2,10.0,37.37072672045232,False
gemini,2,100.0,40.85806626786955,False
gemini,2,1000.0,41.166615606363834,False
gemini,2,10000.0,41.19401912892381,False
gemini,3,0.0001,34.120270845365084,False
gemini,3,0.001,33.87894711121099,False
gemini,3,0.01,31.81128148116752,False
gemini,3,0.1,24.0136392549918,False
gemini,3,1.0,21.084692344873076,True
gemini,3,10.0,28.276477967549212,False
gemini,3,100.0,31.415446296979034,False
gemini,3,1000.0,31.706726889695876,False
gemini,3,10000.0,31.734121205635667,False
published_attention_counts,0,0.0001,29.91987205651234,False
published_attention_counts,0,0.001,29.915561203779134,False
published_attention_counts,0,0.01,29.872584916366687,False
published_attention_counts,0,0.1,29.45569478683216,False
published_attention_counts,0,1.0,26.295662266719354,False
published_attention_counts,0,10.0,20.202647322475208,True
published_attention_counts,0,100.0,22.188970701158702,False
published_attention_counts,0,1000.0,23.40417277032192,False
published_attention_counts,0,10000.0,23.55927505533652,False
published_attention_counts,1,0.0001,42.097835684127034,False
published_attention_counts,1,0.001,42.09752607126141,False
published_attention_counts,1,0.01,42.09443667667711,False
published_attention_counts,1,0.1,42.06420672938946,False
published_attention_counts,1,1.0,41.81981756463483,False
published_attention_counts,1,10.0,41.52603687177907,True
published_attention_counts,1,100.0,43.29434433791253,False
published_attention_counts,1,1000.0,44.082290909331704,False
published_attention_counts,1,10000.0,44.18652468457046,False
published_attention_counts,2,0.0001,44.239274723423094,False
published_attention_counts,2,0.001,44.238940454799156,False
published_attention_counts,2,0.01,44.235602829058955,False
published_attention_counts,2,0.1,44.20272540650225,False
published_attention_counts,2,1.0,43.917560813249935,False
published_attention_counts,2,10.0,42.789222706145736,False
published_attention_counts,2,100.0,41.62128904100293,False
published_attention_counts,2,1000.0,41.24674268502872,False
published_attention_counts,2,10000.0,41.202057373112545,True
published_attention_counts,3,0.0001,36.18982124562741,False
published_attention_counts,3,0.001,36.189412626664804,False
published_attention_counts,3,0.01,36.185330412424136,False
published_attention_counts,3,0.1,36.144902098238425,False
published_attention_counts,3,1.0,35.776615510785234,False
published_attention_counts,3,10.0,33.92747721684861,False
published_attention_counts,3,100.0,32.124828700526,False
published_attention_counts,3,1000.0,31.777681792023188,False
published_attention_counts,3,10000.0,31.74120646861228,True
published_human_counts,0,0.0001,13.610721709445759,False
published_human_counts,0,0.001,13.605641390548755,False
published_human_counts,0,0.01,13.555475202337028,False
published_human_counts,0,0.1,13.110766476939054,False
published_human_counts,0,1.0,11.270009813592768,True
published_human_counts,0,10.0,13.649656381440774,False
published_human_counts,0,100.0,21.31985036429629,False
published_human_counts,0,1000.0,23.318051173915894,False
published_human_counts,0,10000.0,23.550685398019873,False
published_human_counts,1,0.0001,22.326753044892502,False
published_human_counts,1,0.001,22.32548993174157,False
published_human_counts,1,0.01,22.31290409128172,False
published_human_counts,1,0.1,22.191490052626886,False
published_human_counts,1,1.0,21.348572616600222,True
published_human_counts,1,10.0,23.576049138663567,False
published_human_counts,1,100.0,37.953321455269354,False
published_human_counts,1,1000.0,43.424195247644484,False
published_human_counts,1,10000.0,44.119157314532686,False
published_human_counts,2,0.0001,17.44800085662469,False
published_human_counts,2,0.001,17.44737743563815,False
published_human_counts,2,0.01,17.441170865821494,False
published_human_counts,2,0.1,17.38181189281916,False
published_human_counts,2,1.0,17.01115929188453,True
published_human_counts,2,10.0,19.568829131438985,False
published_human_counts,2,100.0,33.67937375661842,False
published_human_counts,2,1000.0,40.21058866601647,False
published_human_counts,2,10000.0,41.09522201580416,False
published_human_counts,3,0.0001,14.507053169368824,False
published_human_counts,3,0.001,14.50692396487858,False
published_human_counts,3,0.01,14.505639335256648,False
published_human_counts,3,0.1,14.493523275170528,False
published_human_counts,3,1.0,14.435355452027515,True
published_human_counts,3,10.0,16.004164753729388,False
published_human_counts,3,100.0,25.615232368398736,False
published_human_counts,3,1000.0,30.901076545710996,False
published_human_counts,3,10000.0,31.650428477548015,False
published_human_counts_quadratic,0,0.0001,23.844046777885534,False
published_human_counts_quadratic,0,0.001,21.711615073984362,False
published_human_counts_quadratic,0,0.01,16.909070792387407,False
published_human_counts_quadratic,0,0.1,14.187339124128304,False
published_human_counts_quadratic,0,1.0,12.590531570607219,True
published_human_counts_quadratic,0,10.0,16.259450641928506,False
published_human_counts_quadratic,0,100.0,22.213770893467807,False
published_human_counts_quadratic,0,1000.0,23.42715006589382,False
published_human_counts_quadratic,0,10000.0,23.561834541150358,False
published_human_counts_quadratic,1,0.0001,23.15294746430766,False
published_human_counts_quadratic,1,0.001,23.136377084059532,False
published_human_counts_quadratic,1,0.01,22.969294170474406,False
published_human_counts_quadratic,1,0.1,21.905508211627403,True
published_human_counts_quadratic,1,1.0,22.044202027351965,False
published_human_counts_quadratic,1,10.0,26.993018217442973,False
published_human_counts_quadratic,1,100.0,39.6125551856653,False
published_human_counts_quadratic,1,1000.0,43.65190382528697,False
published_human_counts_quadratic,1,10000.0,44.14275798146353,False
published_human_counts_quadratic,2,0.0001,17.76575361381517,False
published_human_counts_quadratic,2,0.001,17.74680288431205,False
published_human_counts_quadratic,2,0.01,17.597258893530583,False
published_human_counts_quadratic,2,0.1,17.287384831441315,True
published_human_counts_quadratic,2,1.0,18.422644601712,False
published_human_counts_quadratic,2,10.0,23.02234066420523,False
published_human_counts_quadratic,2,100.0,35.591562196578494,False
published_human_counts_quadratic,2,1000.0,40.498511222549155,False
published_human_counts_quadratic,2,10000.0,41.12542638338481,False
published_human_counts_quadratic,3,0.0001,15.799608139671825,False
published_human_counts_quadratic,3,0.001,15.764676061884828,False
published_human_counts_quadratic,3,0.01,15.468471793376084,False
published_human_counts_quadratic,3,0.1,14.462273957185444,True
published_human_counts_quadratic,3,1.0,15.108718584041771,False
published_human_counts_quadratic,3,10.0,18.180613208485273,False
published_human_counts_quadratic,3,100.0,27.205417431174514,False
published_human_counts_quadratic,3,1000.0,31.158190773088492,False
published_human_counts_quadratic,3,10000.0,31.677623888907753,False
published_human_counts_excl_financial,0,0.0001,20.12680847234698,False
published_human_counts_excl_financial,0,0.001,20.120462852302516,False
published_human_counts_excl_financial,0,0.01,20.057550323293807,False
published_human_counts_excl_financial,0,0.1,19.479092852024298,False
published_human_counts_excl_financial,0,1.0,16.58803637977636,True
published_human_counts_excl_financial,0,10.0,17.52348500685542,False
published_human_counts_excl_financial,0,100.0,22.366522516057664,False
published_human_counts_excl_financial,0,1000.0,23.442081284472373,False
published_human_counts_excl_financial,0,10000.0,23.563321069837496,False
published_human_counts_excl_financial,1,0.0001,30.906956761469424,False
published_human_counts_excl_financial,1,0.001,30.90525879109889,False
published_human_counts_excl_financial,1,0.01,30.8883587862958,False
published_human_counts_excl_financial,1,0.1,30.727090422402036,False
published_human_counts_excl_financial,1,1.0,29.703072052187647,True
published_human_counts_excl_financial,1,10.0,31.7706067260912,False
published_human_counts_excl_financial,1,100.0,41.02958038747791,False
published_human_counts_excl_financial,1,1000.0,43.82314529877199,False
published_human_counts_excl_financial,1,10000.0,44.16023501297262,False
published_human_counts_excl_financial,2,0.0001,22.17327226265244,True
published_human_counts_excl_financial,2,0.001,22.17378390228802,False
published_human_counts_excl_financial,2,0.01,22.17890602084428,False
published_human_counts_excl_financial,2,0.1,22.230676722717277,False
published_human_counts_excl_financial,2,1.0,22.785368471124066,False
published_human_counts_excl_financial,2,10.0,27.63081933336994,False
published_human_counts_excl_financial,2,100.0,37.34823354633895,False
published_human_counts_excl_financial,2,1000.0,40.717403111140676,False
published_human_counts_excl_financial,2,10000.0,41.147826670275066,False
published_human_counts_excl_financial,3,0.0001,19.212940188169416,True
published_human_counts_excl_financial,3,0.001,19.213100544339643,False
published_human_counts_excl_financial,3,0.01,19.214710170053532,False
published_human_counts_excl_financial,3,0.1,19.231396321749894,False
published_human_counts_excl_financial,3,1.0,19.4436496791677,False
published_human_counts_excl_financial,3,10.0,22.068020179589393,False
published_human_counts_excl_financial,3,100.0,28.675262973064886,False
published_human_counts_excl_financial,3,1000.0,31.338337736336467,False
published_human_counts_excl_financial,3,10000.0,31.69600239664472,False
