model,fold,date,y,prediction,training_mean,alpha,train_n,selected_from
lexical_family,0,2012-09-13,4.889386111246848,3.784322867172973,-0.5397032586665891,0.0001,100,rules_whole_linear
lexical_family,0,2012-10-24,-2.214573547712846,0.1216328809778697,-0.5397032586665891,0.0001,100,rules_whole_linear
lexical_family,0,2012-12-12,0.3816906455956319,2.8684326682756978,-0.5397032586665891,0.0001,100,rules_whole_linear
lexical_family,0,2013-01-30,5.52312983048044,3.2430934322292404,-0.5397032586665891,0.0001,100,rules_whole_linear
lexical_family,0,2013-03-20,3.5282324697286342,4.137140828826985,-0.5397032586665891,0.0001,100,rules_whole_linear
lexical_family,0,2013-05-01,3.03919592179801,5.049620357597758,-0.5397032586665891,0.0001,100,rules_whole_linear
lexical_family,0,2013-06-19,2.555798472708714,-0.2306771085296416,-0.5397032586665891,0.0001,100,rules_whole_linear
lexical_family,0,2013-07-31,5.932327679094761,5.965583123944534,-0.5397032586665891,0.0001,100,rules_whole_linear
lexical_family,0,2013-09-18,-0.5490488995725852,1.3907038787766588,-0.5397032586665891,0.0001,100,rules_whole_linear
lexical_family,0,2013-10-30,2.278539508167516,4.136052317084484,-0.5397032586665891,0.0001,100,rules_whole_linear
lexical_family,0,2013-12-18,1.6851950420826414,1.038176186920647,-0.5397032586665891,0.0001,100,rules_whole_linear
lexical_family,0,2014-01-29,-1.5674398932992968,3.245633292961744,-0.5397032586665891,0.0001,100,rules_whole_linear
lexical_family,0,2014-03-19,3.533096814907931,1.0379584845721466,-0.5397032586665891,0.0001,100,rules_whole_linear
lexical_family,0,2014-04-30,-0.141881172800043,1.0361442983346445,-0.5397032586665891,0.0001,100,rules_whole_linear
lexical_family,0,2014-06-18,2.8271363650504746,3.2242258953592144,-0.5397032586665891,0.0001,100,rules_whole_linear
lexical_family,0,2014-07-30,0.9838844644308352,4.138447042917988,-0.5397032586665891,0.0001,100,rules_whole_linear
lexical_family,0,2014-09-17,2.727560945652685,4.1400435268069895,-0.5397032586665891,0.0001,100,rules_whole_linear
lexical_family,0,2014-10-29,-2.505251234306585,-8.407739927868638,-0.5397032586665891,0.0001,100,rules_whole_linear
lexical_family,0,2014-12-17,-0.2548556929012915,0.4772809731623856,-0.5397032586665891,0.0001,100,rules_whole_linear
lexical_family,0,2015-01-28,-0.2041768626186403,-0.1984571609515968,-0.5397032586665891,0.0001,100,rules_whole_linear
lexical_family,1,2015-03-18,2.9198479959632526,1.7104616763396676,-0.1793531574910422,1.0,120,rules_whole_linear
lexical_family,1,2015-04-29,0.9332960299921064,2.550465919908887,-0.1793531574910422,1.0,120,rules_whole_linear
lexical_family,1,2015-06-17,-0.0539798922692998,-1.1235249281880395,-0.1793531574910422,1.0,120,rules_whole_linear
lexical_family,1,2015-07-29,-2.5614380312419707,-0.2837159677789106,-0.1793531574910422,1.0,120,rules_whole_linear
lexical_family,1,2015-09-17,-6.398507299645421,-4.585516716579399,-0.1793531574910422,1.0,120,rules_whole_linear
lexical_family,1,2015-10-28,5.617495236249391,-1.1237202113481304,-0.1793531574910422,1.0,120,rules_whole_linear
lexical_family,1,2015-12-16,-3.302400414906358,-1.1233985684962162,-0.1793531574910422,1.0,120,rules_whole_linear
lexical_family,1,2016-01-27,-8.439700515612575,-5.42977124069177,-0.1793531574910422,1.0,120,rules_whole_linear
lexical_family,1,2016-03-16,6.417252408444,1.7104616763396676,-0.1793531574910422,1.0,120,rules_whole_linear
lexical_family,1,2016-04-27,2.260498155543345,5.909529452874735,-0.1793531574910422,1.0,120,rules_whole_linear
lexical_family,1,2016-06-15,0.1222627909513048,-0.8095395671232803,-0.1793531574910422,1.0,120,rules_whole_linear
lexical_family,1,2016-07-27,4.23185664561935,-2.0671007128865995,-0.1793531574910422,1.0,120,rules_whole_linear
lexical_family,1,2016-09-21,-1.4803900600906414,2.0229307211025453,-0.1793531574910422,1.0,120,rules_whole_linear
lexical_family,1,2016-11-02,-2.404315230048286,1.1840062785361805,-0.1793531574910422,1.0,120,rules_whole_linear
lexical_family,1,2016-12-14,7.699389600131472,3.075519873857605,-0.1793531574910422,1.0,120,rules_whole_linear
lexical_family,1,2017-02-01,0.766619382732642,0.5524630233014726,-0.1793531574910422,1.0,120,rules_whole_linear
lexical_family,1,2017-03-15,3.918162323003221,5.383579493838542,-0.1793531574910422,1.0,120,rules_whole_linear
lexical_family,1,2017-05-03,0.1927092668246962,-0.2838882764495789,-0.1793531574910422,1.0,120,rules_whole_linear
lexical_family,1,2017-06-14,1.5564240385273835,4.5436556609823,-0.1793531574910422,1.0,120,rules_whole_linear
lexical_family,1,2017-07-26,1.417996232649504,6.750062109700671,-0.1793531574910422,1.0,120,rules_whole_linear
lexical_family,2,2017-09-20,0.9944146118107968,3.475511591367588,-0.0579235731150567,1.0,140,rules_whole_linear
lexical_family,2,2017-11-01,2.7340856247888965,3.8955380338194616,-0.0579235731150567,1.0,140,rules_whole_linear
lexical_family,2,2017-12-13,2.9260790182207024,4.671109842353409,-0.0579235731150567,1.0,140,rules_whole_linear
lexical_family,2,2018-01-31,7.148911655702096,1.5655165628208747,-0.0579235731150567,1.0,140,rules_whole_linear
lexical_family,2,2018-03-21,-4.1445720726304085,-3.3487695187472384,-0.0579235731150567,1.0,140,rules_whole_linear
lexical_family,2,2018-05-02,-0.0218536416260347,-6.389541363090515,-0.0579235731150567,1.0,140,rules_whole_linear
lexical_family,2,2018-06-13,5.428358892467418,0.0418281532790582,-0.0579235731150567,1.0,140,rules_whole_linear
lexical_family,2,2018-08-01,0.4763710453831742,-1.8758762371579727,-0.0579235731150567,1.0,140,rules_whole_linear
lexical_family,2,2018-09-26,2.9069004200691184,2.3518086331947834,-0.0579235731150567,1.0,140,rules_whole_linear
lexical_family,2,2018-11-08,-5.840717554989847,-6.750170763305079,-0.0579235731150567,1.0,140,rules_whole_linear
lexical_family,2,2018-12-19,-9.076083946390025,-4.49365595247209,-0.0579235731150567,1.0,140,rules_whole_linear
lexical_family,2,2019-01-30,6.65247519930154,-4.93118136894058,-0.0579235731150567,1.0,140,rules_whole_linear
lexical_family,2,2019-03-20,4.353035321394501,3.468732879190934,-0.0579235731150567,1.0,140,rules_whole_linear
lexical_family,2,2019-05-01,2.786040220264391,0.4328332342246295,-0.0579235731150567,1.0,140,rules_whole_linear
lexical_family,2,2019-06-19,-1.250213439072959,-3.359361256523261,-0.0579235731150567,1.0,140,rules_whole_linear
lexical_family,2,2019-07-31,2.011188830104515,2.328506810087534,-0.0579235731150567,1.0,140,rules_whole_linear
lexical_family,2,2019-09-18,1.2473197240470009,-3.3777908802535404,-0.0579235731150567,1.0,140,rules_whole_linear
lexical_family,2,2019-10-30,0.8963428400446505,-0.0026571453802366,-0.0579235731150567,1.0,140,rules_whole_linear
lexical_family,2,2019-12-11,3.023718257214977,2.696126757234273,-0.0579235731150567,1.0,140,rules_whole_linear
lexical_family,2,2020-01-29,2.1485559840748008,2.326683607979432,-0.0579235731150567,1.0,140,rules_whole_linear
lexical_family,3,2020-03-15,-19.30679872098346,-3.593674384340462,0.108069104712946,0.01,160,rules_whole_linear
lexical_family,3,2020-04-29,18.74563559498336,1.062521504799527,0.108069104712946,0.01,160,rules_whole_linear
lexical_family,3,2020-06-10,10.409357713788122,1.072250339403672,0.108069104712946,0.01,160,rules_whole_linear
lexical_family,3,2020-07-29,7.589732604042245,-0.4877465095828203,0.108069104712946,0.01,160,rules_whole_linear
lexical_family,3,2020-09-16,4.129646562312915,2.638327710017755,0.108069104712946,0.01,160,rules_whole_linear
lexical_family,3,2020-11-05,0.3483962171310573,0.7719436122668664,0.108069104712946,0.01,160,rules_whole_linear
lexical_family,3,2020-12-16,3.849102256140097,3.618912306955319,0.108069104712946,0.01,160,rules_whole_linear
lexical_family,3,2021-01-27,3.4979670186014724,3.7332971548202023,0.108069104712946,0.01,160,rules_whole_linear
lexical_family,3,2021-03-17,4.676882796618454,3.627425037233946,0.108069104712946,0.01,160,rules_whole_linear
lexical_family,3,2021-04-28,6.717611257885417,1.5349165762028585,0.108069104712946,0.01,160,rules_whole_linear
lexical_family,3,2021-06-16,1.0294124912812683,3.683365836207781,0.108069104712946,0.01,160,rules_whole_linear
lexical_family,3,2021-07-28,4.633031545878721,0.8072106377068926,0.108069104712946,0.01,160,rules_whole_linear
lexical_family,3,2021-09-22,-1.4071350286967688,0.2460399505407361,0.108069104712946,0.01,160,rules_whole_linear
lexical_family,3,2021-11-03,3.629686853369575,5.137561608874194,0.108069104712946,0.01,160,rules_whole_linear
lexical_family,3,2021-12-15,-0.2430410169318006,-1.5388651574004366,0.108069104712946,0.01,160,rules_whole_linear
lexical_family,3,2022-01-26,-5.707921584406794,-3.8258082279820735,0.108069104712946,0.01,160,rules_whole_linear
lexical_family,3,2022-03-16,-3.651437450153861,-2.146775237627158,0.108069104712946,0.01,160,rules_whole_linear
lexical_family,3,2022-05-04,-6.071100198893482,-2.15893628088234,0.108069104712946,0.01,160,rules_whole_linear
lexical_family,3,2022-06-15,-10.185909178114285,-4.77613229931404,0.108069104712946,0.01,160,rules_whole_linear
lexical_family,3,2022-07-27,7.656593909553768,1.0272544793595004,0.108069104712946,0.01,160,rules_whole_linear
lexical_family,4,2022-09-21,-4.728850791825261,-1.4941066063887238,0.2646153910970966,0.0001,180,rules_whole_linear
lexical_family,4,2022-11-02,2.605464816532983,-0.283538755050548,0.2646153910970966,0.0001,180,rules_whole_linear
lexical_family,4,2022-12-14,6.577045295685347,2.417444674210468,0.2646153910970966,0.0001,180,rules_whole_linear
lexical_family,4,2023-02-01,2.5257798164174163,-0.838288474746564,0.2646153910970966,0.0001,180,rules_whole_linear
lexical_family,4,2023-03-22,-6.204536146166191,-3.0542566253182244,0.2646153910970966,0.0001,180,rules_whole_linear
lexical_family,4,2023-05-03,4.881469132982449,0.5132088709443863,0.2646153910970966,0.0001,180,rules_whole_linear
lexical_family,4,2023-06-14,6.063975282786163,2.751073100308364,0.2646153910970966,0.0001,180,rules_whole_linear
lexical_family,4,2023-07-26,2.3126105893465296,2.7406157420696795,0.2646153910970966,0.0001,180,rules_whole_linear
lexical_family,4,2023-09-20,-2.635491551002436,-4.285739193133769,0.2646153910970966,0.0001,180,rules_whole_linear
lexical_family,4,2023-11-01,-4.411522180090532,-3.097579966592773,0.2646153910970966,0.0001,180,rules_whole_linear
lexical_family,4,2023-12-13,6.255803319654673,3.1111126261383726,0.2646153910970966,0.0001,180,rules_whole_linear
lexical_family,4,2024-01-31,3.6615937297733945,0.2084515737027356,0.2646153910970966,0.0001,180,rules_whole_linear
lexical_family,4,2024-03-20,4.178257495449124,3.187301950448785,0.2646153910970966,0.0001,180,rules_whole_linear
lexical_family,4,2024-05-01,-2.980468016904972,-0.7421762299881498,0.2646153910970966,0.0001,180,rules_whole_linear
lexical_family,4,2024-06-12,5.130250058983746,3.129039525976117,0.2646153910970966,0.0001,180,rules_whole_linear
lexical_family,4,2024-07-31,-0.1107106366835336,0.8050078640875465,0.2646153910970966,0.0001,180,rules_whole_linear
lexical_family,4,2024-09-18,2.7356950767003108,-0.389606245757201,0.2646153910970966,0.0001,180,rules_whole_linear
lexical_family,4,2024-11-07,0.6219968059305512,-0.3487914710977731,0.2646153910970966,0.0001,180,rules_whole_linear
lexical_family,4,2024-12-18,0.8467408795732383,3.1589176923723574,0.2646153910970966,0.0001,180,rules_whole_linear
llm_family,0,2012-09-13,4.889386111246848,4.508249482352632,-0.5397032586665891,1.0,100,flash_five
llm_family,0,2012-10-24,-2.214573547712846,-1.766868693603601,-0.5397032586665891,1.0,100,flash_five
llm_family,0,2012-12-12,0.3816906455956319,3.1342620316021232,-0.5397032586665891,1.0,100,flash_five
llm_family,0,2013-01-30,5.52312983048044,3.074604453011582,-0.5397032586665891,1.0,100,flash_five
llm_family,0,2013-03-20,3.5282324697286342,3.0807727903969653,-0.5397032586665891,1.0,100,flash_five
llm_family,0,2013-05-01,3.03919592179801,5.754070862430389,-0.5397032586665891,1.0,100,flash_five
llm_family,0,2013-06-19,2.555798472708714,2.103560366560899,-0.5397032586665891,1.0,100,flash_five
llm_family,0,2013-07-31,5.932327679094761,5.171637159580783,-0.5397032586665891,1.0,100,flash_five
llm_family,0,2013-09-18,-0.5490488995725852,2.767527612632046,-0.5397032586665891,1.0,100,flash_five
llm_family,0,2013-10-30,2.278539508167516,3.713205576630191,-0.5397032586665891,1.0,100,flash_five
llm_family,0,2013-12-18,1.6851950420826414,1.7936063257759975,-0.5397032586665891,1.0,100,flash_five
llm_family,0,2014-01-29,-1.5674398932992968,2.8067292684954843,-0.5397032586665891,1.0,100,flash_five
llm_family,0,2014-03-19,3.533096814907931,4.840702096857945,-0.5397032586665891,1.0,100,flash_five
llm_family,0,2014-04-30,-0.141881172800043,2.2312067162259552,-0.5397032586665891,1.0,100,flash_five
llm_family,0,2014-06-18,2.8271363650504746,4.437904942612635,-0.5397032586665891,1.0,100,flash_five
llm_family,0,2014-07-30,0.9838844644308352,1.1953175102769424,-0.5397032586665891,1.0,100,flash_five
llm_family,0,2014-09-17,2.727560945652685,3.6778021068254336,-0.5397032586665891,1.0,100,flash_five
llm_family,0,2014-10-29,-2.505251234306585,-6.787647999972645,-0.5397032586665891,1.0,100,flash_five
llm_family,0,2014-12-17,-0.2548556929012915,-0.0490846208947173,-0.5397032586665891,1.0,100,flash_five
llm_family,0,2015-01-28,-0.2041768626186403,3.609254701352144,-0.5397032586665891,1.0,100,flash_five
llm_family,1,2015-03-18,2.9198479959632526,3.2054244645536225,-0.1793531574910422,1.0,120,flash_five
llm_family,1,2015-04-29,0.9332960299921064,5.472954548189981,-0.1793531574910422,1.0,120,flash_five
llm_family,1,2015-06-17,-0.0539798922692998,-1.323234330718846,-0.1793531574910422,1.0,120,flash_five
llm_family,1,2015-07-29,-2.5614380312419707,-1.2910267282399122,-0.1793531574910422,1.0,120,flash_five
llm_family,1,2015-09-17,-6.398507299645421,-12.09114471281594,-0.1793531574910422,1.0,120,flash_five
llm_family,1,2015-10-28,5.617495236249391,3.5204039136952185,-0.1793531574910422,1.0,120,flash_five
llm_family,1,2015-12-16,-3.302400414906358,-2.425614789126539,-0.1793531574910422,1.0,120,flash_five
llm_family,1,2016-01-27,-8.439700515612575,-9.727784310507598,-0.1793531574910422,1.0,120,flash_five
llm_family,1,2016-03-16,6.417252408444,0.1106953361566117,-0.1793531574910422,1.0,120,flash_five
llm_family,1,2016-04-27,2.260498155543345,5.354891014743026,-0.1793531574910422,1.0,120,flash_five
llm_family,1,2016-06-15,0.1222627909513048,-5.010701757337196,-0.1793531574910422,1.0,120,flash_five
llm_family,1,2016-07-27,4.23185664561935,5.436263159873346,-0.1793531574910422,1.0,120,flash_five
llm_family,1,2016-09-21,-1.4803900600906414,-0.4839741791273697,-0.1793531574910422,1.0,120,flash_five
llm_family,1,2016-11-02,-2.404315230048286,0.3606970978231116,-0.1793531574910422,1.0,120,flash_five
llm_family,1,2016-12-14,7.699389600131472,5.881064542434608,-0.1793531574910422,1.0,120,flash_five
llm_family,1,2017-02-01,0.766619382732642,3.063729907566574,-0.1793531574910422,1.0,120,flash_five
llm_family,1,2017-03-15,3.918162323003221,5.5123807393138256,-0.1793531574910422,1.0,120,flash_five
llm_family,1,2017-05-03,0.1927092668246962,3.212380769883349,-0.1793531574910422,1.0,120,flash_five
llm_family,1,2017-06-14,1.5564240385273835,4.781267854577956,-0.1793531574910422,1.0,120,flash_five
llm_family,1,2017-07-26,1.417996232649504,5.472358293447432,-0.1793531574910422,1.0,120,flash_five
llm_family,2,2017-09-20,0.9944146118107968,3.6308722084442384,-0.0579235731150567,1.0,140,flash_five
llm_family,2,2017-11-01,2.7340856247888965,3.663321188755869,-0.0579235731150567,1.0,140,flash_five
llm_family,2,2017-12-13,2.9260790182207024,1.8893627868466607,-0.0579235731150567,1.0,140,flash_five
llm_family,2,2018-01-31,7.148911655702096,3.6526275983735705,-0.0579235731150567,1.0,140,flash_five
llm_family,2,2018-03-21,-4.1445720726304085,-8.494031160790447,-0.0579235731150567,1.0,140,flash_five
llm_family,2,2018-05-02,-0.0218536416260347,-2.798527581294488,-0.0579235731150567,1.0,140,flash_five
llm_family,2,2018-06-13,5.428358892467418,0.7171063962279067,-0.0579235731150567,1.0,140,flash_five
llm_family,2,2018-08-01,0.4763710453831742,2.327850517147798,-0.0579235731150567,1.0,140,flash_five
llm_family,2,2018-09-26,2.9069004200691184,1.3191017723462135,-0.0579235731150567,1.0,140,flash_five
llm_family,2,2018-11-08,-5.840717554989847,-12.463834000182691,-0.0579235731150567,1.0,140,flash_five
llm_family,2,2018-12-19,-9.076083946390025,-9.59800917865646,-0.0579235731150567,1.0,140,flash_five
llm_family,2,2019-01-30,6.65247519930154,-0.9673798017828168,-0.0579235731150567,1.0,140,flash_five
llm_family,2,2019-03-20,4.353035321394501,3.680293117379032,-0.0579235731150567,1.0,140,flash_five
llm_family,2,2019-05-01,2.786040220264391,3.6166072201576407,-0.0579235731150567,1.0,140,flash_five
llm_family,2,2019-06-19,-1.250213439072959,-4.504998419986908,-0.0579235731150567,1.0,140,flash_five
llm_family,2,2019-07-31,2.011188830104515,4.185809231166403,-0.0579235731150567,1.0,140,flash_five
llm_family,2,2019-09-18,1.2473197240470009,-0.4281811765721111,-0.0579235731150567,1.0,140,flash_five
llm_family,2,2019-10-30,0.8963428400446505,-0.8092075040671887,-0.0579235731150567,1.0,140,flash_five
llm_family,2,2019-12-11,3.023718257214977,2.4130884026440955,-0.0579235731150567,1.0,140,flash_five
llm_family,2,2020-01-29,2.1485559840748008,5.3747664745292765,-0.0579235731150567,1.0,140,flash_five
llm_family,3,2020-03-15,-19.30679872098346,-6.130388468424346,0.108069104712946,1.0,160,flash_five
llm_family,3,2020-04-29,18.74563559498336,3.884727377228824,0.108069104712946,1.0,160,flash_five
llm_family,3,2020-06-10,10.409357713788122,2.9838867401260725,0.108069104712946,1.0,160,flash_five
llm_family,3,2020-07-29,7.589732604042245,-1.445231016980986,0.108069104712946,1.0,160,flash_five
llm_family,3,2020-09-16,4.129646562312915,4.328128660225096,0.108069104712946,1.0,160,flash_five
llm_family,3,2020-11-05,0.3483962171310573,2.5882421946619694,0.108069104712946,1.0,160,flash_five
llm_family,3,2020-12-16,3.849102256140097,4.254425252811452,0.108069104712946,1.0,160,flash_five
llm_family,3,2021-01-27,3.4979670186014724,4.333415851655857,0.108069104712946,1.0,160,flash_five
llm_family,3,2021-03-17,4.676882796618454,2.9655714437391487,0.108069104712946,1.0,160,flash_five
llm_family,3,2021-04-28,6.717611257885417,5.214338316148249,0.108069104712946,1.0,160,flash_five
llm_family,3,2021-06-16,1.0294124912812683,3.678359794242759,0.108069104712946,1.0,160,flash_five
llm_family,3,2021-07-28,4.633031545878721,-1.6178431958076211,0.108069104712946,1.0,160,flash_five
llm_family,3,2021-09-22,-1.4071350286967688,0.3417966309260694,0.108069104712946,1.0,160,flash_five
llm_family,3,2021-11-03,3.629686853369575,3.6402029267700016,0.108069104712946,1.0,160,flash_five
llm_family,3,2021-12-15,-0.2430410169318006,0.1842247165968846,0.108069104712946,1.0,160,flash_five
llm_family,3,2022-01-26,-5.707921584406794,-4.398951283720653,0.108069104712946,1.0,160,flash_five
llm_family,3,2022-03-16,-3.651437450153861,-5.956072654115397,0.108069104712946,1.0,160,flash_five
llm_family,3,2022-05-04,-6.071100198893482,-4.583121764055828,0.108069104712946,1.0,160,flash_five
llm_family,3,2022-06-15,-10.185909178114285,-8.37801967791097,0.108069104712946,1.0,160,flash_five
llm_family,3,2022-07-27,7.656593909553768,4.214299888773834,0.108069104712946,1.0,160,flash_five
llm_family,4,2022-09-21,-4.728850791825261,-3.794963050319121,0.2646153910970966,1.0,180,flash_five
llm_family,4,2022-11-02,2.605464816532983,0.3586046503433446,0.2646153910970966,1.0,180,flash_five
llm_family,4,2022-12-14,6.577045295685347,3.305276764185445,0.2646153910970966,1.0,180,flash_five
llm_family,4,2023-02-01,2.5257798164174163,0.9435051307048248,0.2646153910970966,1.0,180,flash_five
llm_family,4,2023-03-22,-6.204536146166191,0.5662844950587238,0.2646153910970966,1.0,180,flash_five
llm_family,4,2023-05-03,4.881469132982449,2.860652688532765,0.2646153910970966,1.0,180,flash_five
llm_family,4,2023-06-14,6.063975282786163,4.407584029029716,0.2646153910970966,1.0,180,flash_five
llm_family,4,2023-07-26,2.3126105893465296,4.620430616331896,0.2646153910970966,1.0,180,flash_five
llm_family,4,2023-09-20,-2.635491551002436,-6.516633302750844,0.2646153910970966,1.0,180,flash_five
llm_family,4,2023-11-01,-4.411522180090532,-7.062161985085089,0.2646153910970966,1.0,180,flash_five
llm_family,4,2023-12-13,6.255803319654673,4.612069979281898,0.2646153910970966,1.0,180,flash_five
llm_family,4,2024-01-31,3.6615937297733945,3.0857381188690427,0.2646153910970966,1.0,180,flash_five
llm_family,4,2024-03-20,4.178257495449124,4.615530381887952,0.2646153910970966,1.0,180,flash_five
llm_family,4,2024-05-01,-2.980468016904972,-2.0682792273618182,0.2646153910970966,1.0,180,flash_five
llm_family,4,2024-06-12,5.130250058983746,2.384975082471151,0.2646153910970966,1.0,180,flash_five
llm_family,4,2024-07-31,-0.1107106366835336,3.1301656430200846,0.2646153910970966,1.0,180,flash_five
llm_family,4,2024-09-18,2.7356950767003108,3.0814882118497056,0.2646153910970966,1.0,180,flash_five
llm_family,4,2024-11-07,0.6219968059305512,2.3979340698986475,0.2646153910970966,1.0,180,flash_five
llm_family,4,2024-12-18,0.8467408795732383,3.833785313891136,0.2646153910970966,1.0,180,flash_five
