model,fold,date,y,prediction,training_mean,alpha,train_n
rules_whole_linear,0,2012-09-13,4.147450967538998,4.267767697404452,-0.4218726393823675,0.0001,100
rules_whole_linear,0,2012-10-24,-1.8087405866715045,0.09734145780792819,-0.4218726393823675,0.0001,100
rules_whole_linear,0,2012-12-12,0.693247119679608,3.224482638611265,-0.4218726393823675,0.0001,100
rules_whole_linear,0,2013-01-30,4.897420849383952,3.4205853507828934,-0.4218726393823675,0.0001,100
rules_whole_linear,0,2013-03-20,3.283794112411657,4.395794353872462,-0.4218726393823675,0.0001,100
rules_whole_linear,0,2013-05-01,2.214334270267945,5.428449596658772,-0.4218726393823675,0.0001,100
rules_whole_linear,0,2013-06-19,3.497850991557289,-0.02910203457395172,-0.4218726393823675,0.0001,100
rules_whole_linear,0,2013-07-31,3.403797372937347,6.4719608217499776,-0.4218726393823675,0.0001,100
rules_whole_linear,0,2013-09-18,0.7016781675537338,1.269784004559219,-0.4218726393823675,0.0001,100
rules_whole_linear,0,2013-10-30,2.0983480659221287,4.392401859402183,-0.4218726393823675,0.0001,100
rules_whole_linear,0,2013-12-18,1.3088052414116813,1.142662013283283,-0.4218726393823675,0.0001,100
rules_whole_linear,0,2014-01-29,-1.6196492447493254,3.4285011712135467,-0.4218726393823675,0.0001,100
rules_whole_linear,0,2014-03-19,4.659764431872369,1.141983514389227,-0.4218726393823675,0.0001,100
rules_whole_linear,0,2014-04-30,0.4643209247974914,1.1363293569387605,-0.4218726393823675,0.0001,100
rules_whole_linear,0,2014-06-18,2.817239244581513,3.361782113298041,-0.4218726393823675,0.0001,100
rules_whole_linear,0,2014-07-30,1.1143746687027474,4.399865347236799,-0.4218726393823675,0.0001,100
rules_whole_linear,0,2014-09-17,0.7111485520475009,4.404841005793209,-0.4218726393823675,0.0001,100
rules_whole_linear,0,2014-10-29,-2.015608300437618,-7.977658719618761,-0.4218726393823675,0.0001,100
rules_whole_linear,0,2014-12-17,0.3690882909146709,0.23418859989866664,-0.4218726393823675,0.0001,100
rules_whole_linear,0,2015-01-28,2.1720897844649967,0.07131580174633495,-0.4218726393823675,0.0001,100
rules_whole_linear,1,2015-03-18,3.871320249734808,1.8314360700810086,-0.07563757511707982,0.1,120
rules_whole_linear,1,2015-04-29,0.447670992052476,2.7071200264886874,-0.07563757511707982,0.1,120
rules_whole_linear,1,2015-06-17,-1.069858358732327,-1.0169162049185898,-0.07563757511707982,0.1,120
rules_whole_linear,1,2015-07-29,-1.5739010395397623,-0.13582508692943007,-0.07563757511707982,0.1,120
rules_whole_linear,1,2015-09-17,-6.387830963796006,-4.306278949829699,-0.07563757511707982,0.1,120
rules_whole_linear,1,2015-10-28,3.988334850095657,-1.011509043337109,-0.07563757511707982,0.1,120
rules_whole_linear,1,2015-12-16,-3.327414520012711,-1.0204149565301361,-0.07563757511707982,0.1,120
rules_whole_linear,1,2016-01-27,-9.931327885658122,-5.064277624758089,-0.07563757511707982,0.1,120
rules_whole_linear,1,2016-03-16,7.007961494316888,1.8314360700810086,-0.07563757511707982,0.1,120
rules_whole_linear,1,2016-04-27,2.944072705064431,6.236255523370162,-0.07563757511707982,0.1,120
rules_whole_linear,1,2016-06-15,-0.7709206574630787,-0.7959338674703506,-0.07563757511707982,0.1,120
rules_whole_linear,1,2016-07-27,4.575346974336438,-1.6350155829698492,-0.07563757511707982,0.1,120
rules_whole_linear,1,2016-09-21,-1.2755339201119922,2.0944034268678045,-0.07563757511707982,0.1,120
rules_whole_linear,1,2016-11-02,-1.7238891576578637,1.1888210475978196,-0.07563757511707982,0.1,120
rules_whole_linear,1,2016-12-14,7.306287475952709,3.3885393850272085,-0.07563757511707982,0.1,120
rules_whole_linear,1,2017-02-01,1.2183113636091982,0.8457756228096085,-0.07563757511707982,0.1,120
rules_whole_linear,1,2017-03-15,4.037493053839,5.579645494440788,-0.07563757511707982,0.1,120
rules_whole_linear,1,2017-05-03,0.1286272480935817,-0.13105406200459402,-0.07563757511707982,0.1,120
rules_whole_linear,1,2017-06-14,1.7129568976469982,4.701735059734853,-0.07563757511707982,0.1,120
rules_whole_linear,1,2017-07-26,1.303649245137666,7.0973083366750105,-0.07563757511707982,0.1,120
rules_whole_linear,2,2017-09-20,1.045437308922156,3.508046837864127,0.024320335948988615,1.0,140
rules_whole_linear,2,2017-11-01,2.542518266888066,4.063811663217174,0.024320335948988615,1.0,140
rules_whole_linear,2,2017-12-13,3.078101192447663,4.869805418857309,0.024320335948988615,1.0,140
rules_whole_linear,2,2018-01-31,6.915982014215695,1.9348011097681594,0.024320335948988615,1.0,140
rules_whole_linear,2,2018-03-21,-4.006154087160307,-3.1282508663198167,0.024320335948988615,1.0,140
rules_whole_linear,2,2018-05-02,-2.3836994817686152,-6.047414720509159,0.024320335948988615,1.0,140
rules_whole_linear,2,2018-06-13,5.403270402062789,0.03974423095956836,0.024320335948988615,1.0,140
rules_whole_linear,2,2018-08-01,0.9669886360312694,-1.8251640526169053,0.024320335948988615,1.0,140
rules_whole_linear,2,2018-09-26,3.698834296819177,2.4536359686738116,0.024320335948988615,1.0,140
rules_whole_linear,2,2018-11-08,-5.3186480615671545,-6.298886039415837,0.024320335948988615,1.0,140
rules_whole_linear,2,2018-12-19,-9.755585003680713,-4.187838354758437,0.024320335948988615,1.0,140
rules_whole_linear,2,2019-01-30,5.316537695118171,-4.4581008015364585,0.024320335948988615,1.0,140
rules_whole_linear,2,2019-03-20,5.51064939290678,3.50639031970467,0.024320335948988615,1.0,140
rules_whole_linear,2,2019-05-01,4.1203918675806905,0.58841708794244,0.024320335948988615,1.0,140
rules_whole_linear,2,2019-06-19,-1.1717909965107598,-3.1308391759439687,0.024320335948988615,1.0,140
rules_whole_linear,2,2019-07-31,3.1784474067446498,2.447941687500678,0.024320335948988615,1.0,140
rules_whole_linear,2,2019-09-18,0.5881274486939683,-3.1353428346899928,0.024320335948988615,1.0,140
rules_whole_linear,2,2019-10-30,1.0813579047620778,0.028873330538131015,0.024320335948988615,1.0,140
rules_whole_linear,2,2019-12-11,2.8853315366182137,2.701121290759298,0.024320335948988615,1.0,140
rules_whole_linear,2,2020-01-29,3.1951300690773548,2.7372747643194484,0.024320335948988615,1.0,140
rules_whole_linear,3,2020-03-15,-18.85042152111308,-3.500918510696839,0.18935046775662245,0.0001,160
rules_whole_linear,3,2020-04-29,5.993741521585829,1.1120129792141669,0.18935046775662245,0.0001,160
rules_whole_linear,3,2020-06-10,9.497886434720218,1.1221541675042785,0.18935046775662245,0.0001,160
rules_whole_linear,3,2020-07-29,1.532641801715117,-0.5292198509348024,0.18935046775662245,0.0001,160
rules_whole_linear,3,2020-09-16,3.7673974984621967,2.77986642862468,0.18935046775662245,0.0001,160
rules_whole_linear,3,2020-11-05,-0.4835220233953767,0.9103719609613735,0.18935046775662245,0.0001,160
rules_whole_linear,3,2020-12-16,3.8295036650811793,3.71338846441348,0.18935046775662245,0.0001,160
rules_whole_linear,3,2021-01-27,4.081545095977345,3.933874408736591,0.18935046775662245,0.0001,160
rules_whole_linear,3,2021-03-17,5.653788432070234,3.7222620041673276,0.18935046775662245,0.0001,160
rules_whole_linear,3,2021-04-28,5.232921200410009,1.7183118906732182,0.18935046775662245,0.0001,160
rules_whole_linear,3,2021-06-16,1.705822622535559,3.7805738368354707,0.18935046775662245,0.0001,160
rules_whole_linear,3,2021-07-28,4.594831117734585,0.9471337685130289,0.18935046775662245,0.0001,160
rules_whole_linear,3,2021-09-22,-0.9798740864189576,0.24829651390670698,0.18935046775662245,0.0001,160
rules_whole_linear,3,2021-11-03,4.841044714237897,5.321662432619585,0.18935046775662245,0.0001,160
rules_whole_linear,3,2021-12-15,0.1800816087393918,-1.536265501826913,0.18935046775662245,0.0001,160
rules_whole_linear,3,2022-01-26,-6.575194021193179,-3.5403854172946647,0.18935046775662245,0.0001,160
rules_whole_linear,3,2022-03-16,-4.149826499416187,-1.9674358061303079,0.18935046775662245,0.0001,160
rules_whole_linear,3,2022-05-04,-4.757722780441859,-1.9801122914929477,0.18935046775662245,0.0001,160
rules_whole_linear,3,2022-06-15,-13.699740143917534,-4.6448702035054605,0.18935046775662245,0.0001,160
rules_whole_linear,3,2022-07-27,4.5606452138252935,1.0752511716625115,0.18935046775662245,0.0001,160
rules_whole_linear,4,2022-09-21,-3.123121624458076,-1.7411409437783156,0.2015090260681015,0.0001,180
rules_whole_linear,4,2022-11-02,2.141846783781161,-0.5982512627938505,0.2015090260681015,0.0001,180
rules_whole_linear,4,2022-12-14,5.959509500415285,2.2239951992646385,0.2015090260681015,0.0001,180
rules_whole_linear,4,2023-02-01,0.5603333960978099,-1.2251073824000098,0.2015090260681015,0.0001,180
rules_whole_linear,4,2023-03-22,-4.154840232256172,-3.102643013122963,0.2015090260681015,0.0001,180
rules_whole_linear,4,2023-05-03,5.699375758648258,0.2790872841562046,0.2015090260681015,0.0001,180
rules_whole_linear,4,2023-06-14,5.889948712230954,2.799759853872156,0.2015090260681015,0.0001,180
rules_whole_linear,4,2023-07-26,4.07910484222804,2.7921186627158865,0.2015090260681015,0.0001,180
rules_whole_linear,4,2023-09-20,-2.510480027394532,-4.260815076419967,0.2015090260681015,0.0001,180
rules_whole_linear,4,2023-11-01,-5.495134755579267,-3.1342993764846514,0.2015090260681015,0.0001,180
rules_whole_linear,4,2023-12-13,8.686429894080893,3.0260134333886084,0.2015090260681015,0.0001,180
rules_whole_linear,4,2024-01-31,4.584920775478529,0.05640114188777709,0.2015090260681015,0.0001,180
rules_whole_linear,4,2024-03-20,6.08026966849793,3.0816849689557153,0.2015090260681015,0.0001,180
rules_whole_linear,4,2024-05-01,-2.0975993383718774,-0.8965503589265587,0.2015090260681015,0.0001,180
rules_whole_linear,4,2024-06-12,6.600216719359186,3.0391126182279278,0.2015090260681015,0.0001,180
rules_whole_linear,4,2024-07-31,0.7811143800044489,0.8242871741386437,0.2015090260681015,0.0001,180
rules_whole_linear,4,2024-09-18,1.986370451756156,-0.6757547730931561,0.2015090260681015,0.0001,180
rules_whole_linear,4,2024-11-07,2.88590711244725,-0.2771217548546439,0.2015090260681015,0.0001,180
rules_whole_linear,4,2024-12-18,1.6764478326123111,3.0609445929601264,0.2015090260681015,0.0001,180
rules_whole_quadratic,0,2012-09-13,4.147450967538998,3.983527859829885,-0.4218726393823675,1.0,100
rules_whole_quadratic,0,2012-10-24,-1.8087405866715045,0.028544534126332233,-0.4218726393823675,1.0,100
rules_whole_quadratic,0,2012-12-12,0.693247119679608,2.943496282581051,-0.4218726393823675,1.0,100
rules_whole_quadratic,0,2013-01-30,4.897420849383952,2.8156240358490727,-0.4218726393823675,1.0,100
rules_whole_quadratic,0,2013-03-20,3.283794112411657,3.4805586944378764,-0.4218726393823675,1.0,100
rules_whole_quadratic,0,2013-05-01,2.214334270267945,4.296387170521298,-0.4218726393823675,1.0,100
rules_whole_quadratic,0,2013-06-19,3.497850991557289,0.08260151896501683,-0.4218726393823675,1.0,100
rules_whole_quadratic,0,2013-07-31,3.403797372937347,5.16770913085513,-0.4218726393823675,1.0,100
rules_whole_quadratic,0,2013-09-18,0.7016781675537338,1.1752335052016678,-0.4218726393823675,1.0,100
rules_whole_quadratic,0,2013-10-30,2.0983480659221287,3.473612068230773,-0.4218726393823675,1.0,100
rules_whole_quadratic,0,2013-12-18,1.3088052414116813,0.9729512459363774,-0.4218726393823675,1.0,100
rules_whole_quadratic,0,2014-01-29,-1.6196492447493254,2.8318328303323117,-0.4218726393823675,1.0,100
rules_whole_quadratic,0,2014-03-19,4.659764431872369,0.9715619206949568,-0.4218726393823675,1.0,100
rules_whole_quadratic,0,2014-04-30,0.4643209247974914,0.959984210349786,-0.4218726393823675,1.0,100
rules_whole_quadratic,0,2014-06-18,2.817239244581513,2.695215848259297,-0.4218726393823675,1.0,100
rules_whole_quadratic,0,2014-07-30,1.1143746687027474,3.4888946458863987,-0.4218726393823675,1.0,100
rules_whole_quadratic,0,2014-09-17,0.7111485520475009,3.499083030990149,-0.4218726393823675,1.0,100
rules_whole_quadratic,0,2014-10-29,-2.015608300437618,-7.864394196875931,-0.4218726393823675,1.0,100
rules_whole_quadratic,0,2014-12-17,0.3690882909146709,0.4864417412894921,-0.4218726393823675,1.0,100
rules_whole_quadratic,0,2015-01-28,2.1720897844649967,0.28822165469524846,-0.4218726393823675,1.0,100
rules_whole_quadratic,1,2015-03-18,3.871320249734808,1.79044184420003,-0.07563757511707982,1.0,120
rules_whole_quadratic,1,2015-04-29,0.447670992052476,2.675593621491004,-0.07563757511707982,1.0,120
rules_whole_quadratic,1,2015-06-17,-1.069858358732327,-0.9626591469568103,-0.07563757511707982,1.0,120
rules_whole_quadratic,1,2015-07-29,-1.5739010395397623,0.12435554356571192,-0.07563757511707982,1.0,120
rules_whole_quadratic,1,2015-09-17,-6.387830963796006,-3.7442815276661023,-0.07563757511707982,1.0,120
rules_whole_quadratic,1,2015-10-28,3.988334850095657,-0.9520339364427919,-0.07563757511707982,1.0,120
rules_whole_quadratic,1,2015-12-16,-3.327414520012711,-0.9695342831717634,-0.07563757511707982,1.0,120
rules_whole_quadratic,1,2016-01-27,-9.931327885658122,-5.273352047536157,-0.07563757511707982,1.0,120
rules_whole_quadratic,1,2016-03-16,7.007961494316888,1.79044184420003,-0.07563757511707982,1.0,120
rules_whole_quadratic,1,2016-04-27,2.944072705064431,6.4885217854279595,-0.07563757511707982,1.0,120
rules_whole_quadratic,1,2016-06-15,-0.7709206574630787,-0.733371483874479,-0.07563757511707982,1.0,120
rules_whole_quadratic,1,2016-07-27,4.575346974336438,1.7558375147144252,-0.07563757511707982,1.0,120
rules_whole_quadratic,1,2016-09-21,-1.2755339201119922,1.8831563269185219,-0.07563757511707982,1.0,120
rules_whole_quadratic,1,2016-11-02,-1.7238891576578637,1.2186690991141145,-0.07563757511707982,1.0,120
rules_whole_quadratic,1,2016-12-14,7.306287475952709,4.692859332625121,-0.07563757511707982,1.0,120
rules_whole_quadratic,1,2017-02-01,1.2183113636091982,1.4309186498692736,-0.07563757511707982,1.0,120
rules_whole_quadratic,1,2017-03-15,4.037493053839,4.4921699279559455,-0.07563757511707982,1.0,120
rules_whole_quadratic,1,2017-05-03,0.1286272480935817,0.13373072931337532,-0.07563757511707982,1.0,120
rules_whole_quadratic,1,2017-06-14,1.7129568976469982,3.7938807667002568,-0.07563757511707982,1.0,120
rules_whole_quadratic,1,2017-07-26,1.303649245137666,7.455145506577426,-0.07563757511707982,1.0,120
rules_whole_quadratic,2,2017-09-20,1.045437308922156,2.8234633780069887,0.024320335948988615,1.0,140
rules_whole_quadratic,2,2017-11-01,2.542518266888066,3.806636022611558,0.024320335948988615,1.0,140
rules_whole_quadratic,2,2017-12-13,3.078101192447663,4.339764546111208,0.024320335948988615,1.0,140
rules_whole_quadratic,2,2018-01-31,6.915982014215695,4.643528434893028,0.024320335948988615,1.0,140
rules_whole_quadratic,2,2018-03-21,-4.006154087160307,-2.8696610719800364,0.024320335948988615,1.0,140
rules_whole_quadratic,2,2018-05-02,-2.3836994817686152,-6.840060837492727,0.024320335948988615,1.0,140
rules_whole_quadratic,2,2018-06-13,5.403270402062789,0.10452502255626121,0.024320335948988615,1.0,140
rules_whole_quadratic,2,2018-08-01,0.9669886360312694,-2.173314007814738,0.024320335948988615,1.0,140
rules_whole_quadratic,2,2018-09-26,3.698834296819177,2.5309418808344986,0.024320335948988615,1.0,140
rules_whole_quadratic,2,2018-11-08,-5.3186480615671545,-5.176721150185465,0.024320335948988615,1.0,140
rules_whole_quadratic,2,2018-12-19,-9.755585003680713,-3.7026161897079173,0.024320335948988615,1.0,140
rules_whole_quadratic,2,2019-01-30,5.316537695118171,-2.1163932086155133,0.024320335948988615,1.0,140
rules_whole_quadratic,2,2019-03-20,5.51064939290678,2.829085458705608,0.024320335948988615,1.0,140
rules_whole_quadratic,2,2019-05-01,4.1203918675806905,1.3079657018877948,0.024320335948988615,1.0,140
rules_whole_quadratic,2,2019-06-19,-1.1717909965107598,-2.860876570888444,0.024320335948988615,1.0,140
rules_whole_quadratic,2,2019-07-31,3.1784474067446498,2.550267783236002,0.024320335948988615,1.0,140
rules_whole_quadratic,2,2019-09-18,0.5881274486939683,-2.845591538989073,0.024320335948988615,1.0,140
rules_whole_quadratic,2,2019-10-30,1.0813579047620778,0.14141992714094923,0.024320335948988615,1.0,140
rules_whole_quadratic,2,2019-12-11,2.8853315366182137,2.373716253313223,0.024320335948988615,1.0,140
rules_whole_quadratic,2,2020-01-29,3.1951300690773548,5.755617724730354,0.024320335948988615,1.0,140
rules_whole_quadratic,3,2020-03-15,-18.85042152111308,-4.285489406917822,0.18935046775662245,1.0,160
rules_whole_quadratic,3,2020-04-29,5.993741521585829,1.2218633834859085,0.18935046775662245,1.0,160
rules_whole_quadratic,3,2020-06-10,9.497886434720218,1.229217032987741,0.18935046775662245,1.0,160
rules_whole_quadratic,3,2020-07-29,1.532641801715117,-0.5823692501321429,0.18935046775662245,1.0,160
rules_whole_quadratic,3,2020-09-16,3.7673974984621967,2.7071040991002695,0.18935046775662245,1.0,160
rules_whole_quadratic,3,2020-11-05,-0.4835220233953767,1.5336579058125155,0.18935046775662245,1.0,160
rules_whole_quadratic,3,2020-12-16,3.8295036650811793,2.888692839088509,0.18935046775662245,1.0,160
rules_whole_quadratic,3,2021-01-27,4.081545095977345,3.5549633013292916,0.18935046775662245,1.0,160
rules_whole_quadratic,3,2021-03-17,5.653788432070234,2.8951272824026133,0.18935046775662245,1.0,160
rules_whole_quadratic,3,2021-04-28,5.232921200410009,2.5033299109841947,0.18935046775662245,1.0,160
rules_whole_quadratic,3,2021-06-16,1.705822622535559,2.9374107670381506,0.18935046775662245,1.0,160
rules_whole_quadratic,3,2021-07-28,4.594831117734585,1.5603148852566586,0.18935046775662245,1.0,160
rules_whole_quadratic,3,2021-09-22,-0.9798740864189576,0.3307809622873443,0.18935046775662245,1.0,160
rules_whole_quadratic,3,2021-11-03,4.841044714237897,3.4160710555212126,0.18935046775662245,1.0,160
rules_whole_quadratic,3,2021-12-15,0.1800816087393918,-1.8993466930006488,0.18935046775662245,1.0,160
rules_whole_quadratic,3,2022-01-26,-6.575194021193179,-1.4970569917724719,0.18935046775662245,1.0,160
rules_whole_quadratic,3,2022-03-16,-4.149826499416187,-0.83029561801957,0.18935046775662245,1.0,160
rules_whole_quadratic,3,2022-05-04,-4.757722780441859,-0.8394876798968609,0.18935046775662245,1.0,160
rules_whole_quadratic,3,2022-06-15,-13.699740143917534,-5.489777987562666,0.18935046775662245,1.0,160
rules_whole_quadratic,3,2022-07-27,4.5606452138252935,1.1952064040417654,0.18935046775662245,1.0,160
rules_whole_quadratic,4,2022-09-21,-3.123121624458076,-2.214391189122982,0.2015090260681015,1.0,180
rules_whole_quadratic,4,2022-11-02,2.141846783781161,-0.7096679228833304,0.2015090260681015,1.0,180
rules_whole_quadratic,4,2022-12-14,5.959509500415285,2.242212140533541,0.2015090260681015,1.0,180
rules_whole_quadratic,4,2023-02-01,0.5603333960978099,-1.4950260364577272,0.2015090260681015,1.0,180
rules_whole_quadratic,4,2023-03-22,-4.154840232256172,-2.9563265634733025,0.2015090260681015,1.0,180
rules_whole_quadratic,4,2023-05-03,5.699375758648258,0.3431066381283434,0.2015090260681015,1.0,180
rules_whole_quadratic,4,2023-06-14,5.889948712230954,2.793391090455873,0.2015090260681015,1.0,180
rules_whole_quadratic,4,2023-07-26,4.07910484222804,2.7887422927427115,0.2015090260681015,1.0,180
rules_whole_quadratic,4,2023-09-20,-2.510480027394532,-3.884997790139152,0.2015090260681015,1.0,180
rules_whole_quadratic,4,2023-11-01,-5.495134755579267,-2.975585868284972,0.2015090260681015,1.0,180
rules_whole_quadratic,4,2023-12-13,8.686429894080893,2.735314605137315,0.2015090260681015,1.0,180
rules_whole_quadratic,4,2024-01-31,4.584920775478529,0.2076273904876328,0.2015090260681015,1.0,180
rules_whole_quadratic,4,2024-03-20,6.08026966849793,2.7691844170474926,0.2015090260681015,1.0,180
rules_whole_quadratic,4,2024-05-01,-2.0975993383718774,-0.8811250159424068,0.2015090260681015,1.0,180
rules_whole_quadratic,4,2024-06-12,6.600216719359186,2.7432839726455924,0.2015090260681015,1.0,180
rules_whole_quadratic,4,2024-07-31,0.7811143800044489,1.4845168317868462,0.2015090260681015,1.0,180
rules_whole_quadratic,4,2024-09-18,1.986370451756156,-0.7568200139739699,0.2015090260681015,1.0,180
rules_whole_quadratic,4,2024-11-07,2.88590711244725,1.0012531901623665,0.2015090260681015,1.0,180
rules_whole_quadratic,4,2024-12-18,1.6764478326123111,2.756566251826054,0.2015090260681015,1.0,180
rules_matched_phrase,0,2012-09-13,4.147450967538998,3.0640230093398064,-0.4218726393823675,1.0,100
rules_matched_phrase,0,2012-10-24,-1.8087405866715045,-1.0952879957956974,-0.4218726393823675,1.0,100
rules_matched_phrase,0,2012-12-12,0.693247119679608,-0.07807002849066996,-0.4218726393823675,1.0,100
rules_matched_phrase,0,2013-01-30,4.897420849383952,2.7440797437330122,-0.4218726393823675,1.0,100
rules_matched_phrase,0,2013-03-20,3.283794112411657,6.009806019888102,-0.4218726393823675,1.0,100
rules_matched_phrase,0,2013-05-01,2.214334270267945,6.0305609592188505,-0.4218726393823675,1.0,100
rules_matched_phrase,0,2013-06-19,3.497850991557289,-2.092040622643283,-0.4218726393823675,1.0,100
rules_matched_phrase,0,2013-07-31,3.403797372937347,6.022851981753144,-0.4218726393823675,1.0,100
rules_matched_phrase,0,2013-09-18,0.7016781675537338,0.8638233584370906,-0.4218726393823675,1.0,100
rules_matched_phrase,0,2013-10-30,2.0983480659221287,3.9558011424804853,-0.4218726393823675,1.0,100
rules_matched_phrase,0,2013-12-18,1.3088052414116813,-2.0843316451775764,-0.4218726393823675,1.0,100
rules_matched_phrase,0,2014-01-29,-1.6196492447493254,2.7233248044022638,-0.4218726393823675,1.0,100
rules_matched_phrase,0,2014-03-19,4.659764431872369,0.9020786468923166,-0.4218726393823675,1.0,100
rules_matched_phrase,0,2014-04-30,0.4643209247974914,-0.11454632214611793,-0.4218726393823675,1.0,100
rules_matched_phrase,0,2014-06-18,2.817239244581513,0.8353594416406352,-0.4218726393823675,1.0,100
rules_matched_phrase,0,2014-07-30,1.1143746687027474,4.967682125386178,-0.4218726393823675,1.0,100
rules_matched_phrase,0,2014-09-17,0.7111485520475009,1.8602863864113695,-0.4218726393823675,1.0,100
rules_matched_phrase,0,2014-10-29,-2.015608300437618,-6.069273558894834,-0.4218726393823675,1.0,100
rules_matched_phrase,0,2014-12-17,0.3690882909146709,-0.1806725291312066,-0.4218726393823675,1.0,100
rules_matched_phrase,0,2015-01-28,2.1720897844649967,-0.34729124152380925,-0.4218726393823675,1.0,100
rules_matched_phrase,1,2015-03-18,3.871320249734808,2.649950049264935,-0.07563757511707982,1.0,120
rules_matched_phrase,1,2015-04-29,0.447670992052476,3.544845218579536,-0.07563757511707982,1.0,120
rules_matched_phrase,1,2015-06-17,-1.069858358732327,-3.691925304322425,-0.07563757511707982,1.0,120
rules_matched_phrase,1,2015-07-29,-1.5739010395397623,-1.848976651508388,-0.07563757511707982,1.0,120
rules_matched_phrase,1,2015-09-17,-6.387830963796006,-4.67209153243373,-0.07563757511707982,1.0,120
rules_matched_phrase,1,2015-10-28,3.988334850095657,-0.035870553554649826,-0.07563757511707982,1.0,120
rules_matched_phrase,1,2015-12-16,-3.327414520012711,-1.8433011771294658,-0.07563757511707982,1.0,120
rules_matched_phrase,1,2016-01-27,-9.931327885658122,-5.641856649179145,-0.07563757511707982,1.0,120
rules_matched_phrase,1,2016-03-16,7.007961494316888,1.757325069701904,-0.07563757511707982,1.0,120
rules_matched_phrase,1,2016-04-27,2.944072705064431,8.023623985307683,-0.07563757511707982,1.0,120
rules_matched_phrase,1,2016-06-15,-0.7709206574630787,-1.8498279726652265,-0.07563757511707982,1.0,120
rules_matched_phrase,1,2016-07-27,4.575346974336438,-1.0739729347019173,-0.07563757511707982,1.0,120
rules_matched_phrase,1,2016-09-21,-1.2755339201119922,1.7465879827529087,-0.07563757511707982,1.0,120
rules_matched_phrase,1,2016-11-02,-1.7238891576578637,-0.014257436543788353,-0.07563757511707982,1.0,120
rules_matched_phrase,1,2016-12-14,7.306287475952709,2.543679735266218,-0.07563757511707982,1.0,120
rules_matched_phrase,1,2017-02-01,1.2183113636091982,0.7366718285232202,-0.07563757511707982,1.0,120
rules_matched_phrase,1,2017-03-15,4.037493053839,5.341776214553345,-0.07563757511707982,1.0,120
rules_matched_phrase,1,2017-05-03,0.1286272480935817,0.8547680099757586,-0.07563757511707982,1.0,120
rules_matched_phrase,1,2017-06-14,1.7129568976469982,4.448867461271369,-0.07563757511707982,1.0,120
rules_matched_phrase,1,2017-07-26,1.303649245137666,8.038947766130773,-0.07563757511707982,1.0,120
rules_matched_phrase,2,2017-09-20,1.045437308922156,3.4006721857279514,0.024320335948988615,10.0,140
rules_matched_phrase,2,2017-11-01,2.542518266888066,4.7617651925104205,0.024320335948988615,10.0,140
rules_matched_phrase,2,2017-12-13,3.078101192447663,3.3599383774148555,0.024320335948988615,10.0,140
rules_matched_phrase,2,2018-01-31,6.915982014215695,1.9276467145799157,0.024320335948988615,10.0,140
rules_matched_phrase,2,2018-03-21,-4.006154087160307,-3.064749596965662,0.024320335948988615,10.0,140
rules_matched_phrase,2,2018-05-02,-2.3836994817686152,-7.308606887177697,0.024320335948988615,10.0,140
rules_matched_phrase,2,2018-06-13,5.403270402062789,-0.8028094655522193,0.024320335948988615,10.0,140
rules_matched_phrase,2,2018-08-01,0.9669886360312694,-1.450017698454511,0.024320335948988615,10.0,140
rules_matched_phrase,2,2018-09-26,3.698834296819177,3.3535422365939658,0.024320335948988615,10.0,140
rules_matched_phrase,2,2018-11-08,-5.3186480615671545,-8.10599966111067,0.024320335948988615,10.0,140
rules_matched_phrase,2,2018-12-19,-9.755585003680713,-2.9768858395185793,0.024320335948988615,10.0,140
rules_matched_phrase,2,2019-01-30,5.316537695118171,-0.9854992377488753,0.024320335948988615,10.0,140
rules_matched_phrase,2,2019-03-20,5.51064939290678,3.3878799040861725,0.024320335948988615,10.0,140
rules_matched_phrase,2,2019-05-01,4.1203918675806905,1.2369895405955365,0.024320335948988615,10.0,140
rules_matched_phrase,2,2019-06-19,-1.1717909965107598,-4.376713860607619,0.024320335948988615,10.0,140
rules_matched_phrase,2,2019-07-31,3.1784474067446498,2.6927422044472835,0.024320335948988615,10.0,140
rules_matched_phrase,2,2019-09-18,0.5881274486939683,-3.6780199211770523,0.024320335948988615,10.0,140
rules_matched_phrase,2,2019-10-30,1.0813579047620778,-1.5035853778294603,0.024320335948988615,10.0,140
rules_matched_phrase,2,2019-12-11,2.8853315366182137,1.3612313489614276,0.024320335948988615,10.0,140
rules_matched_phrase,2,2020-01-29,3.1951300690773548,3.199235339290007,0.024320335948988615,10.0,140
rules_matched_phrase,3,2020-03-15,-18.85042152111308,-2.406969842989168,0.18935046775662245,10.0,160
rules_matched_phrase,3,2020-04-29,5.993741521585829,1.4985592361686757,0.18935046775662245,10.0,160
rules_matched_phrase,3,2020-06-10,9.497886434720218,-0.4617950963137013,0.18935046775662245,10.0,160
rules_matched_phrase,3,2020-07-29,1.532641801715117,0.20113854080502308,0.18935046775662245,10.0,160
rules_matched_phrase,3,2020-09-16,3.7673974984621967,1.4910149644868185,0.18935046775662245,10.0,160
rules_matched_phrase,3,2020-11-05,-0.4835220233953767,1.48233983996608,0.18935046775662245,10.0,160
rules_matched_phrase,3,2020-12-16,3.8295036650811793,2.7722997776735476,0.18935046775662245,10.0,160
rules_matched_phrase,3,2021-01-27,4.081545095977345,2.9696343931633886,0.18935046775662245,10.0,160
rules_matched_phrase,3,2021-03-17,5.653788432070234,2.7765500616994827,0.18935046775662245,10.0,160
rules_matched_phrase,3,2021-04-28,5.232921200410009,1.4774823725078685,0.18935046775662245,10.0,160
rules_matched_phrase,3,2021-06-16,1.705822622535559,2.8044804995841983,0.18935046775662245,10.0,160
rules_matched_phrase,3,2021-07-28,4.594831117734585,0.18223234037878117,0.18935046775662245,10.0,160
rules_matched_phrase,3,2021-09-22,-0.9798740864189576,-0.47714923858948033,0.18935046775662245,10.0,160
rules_matched_phrase,3,2021-11-03,4.841044714237897,4.701429684615286,0.18935046775662245,10.0,160
rules_matched_phrase,3,2021-12-15,0.1800816087393918,-1.774220821015397,0.18935046775662245,10.0,160
rules_matched_phrase,3,2022-01-26,-6.575194021193179,-4.877854771088884,0.18935046775662245,10.0,160
rules_matched_phrase,3,2022-03-16,-4.149826499416187,-0.5363876160405062,0.18935046775662245,10.0,160
rules_matched_phrase,3,2022-05-04,-4.757722780441859,-0.5424594503632708,0.18935046775662245,10.0,160
rules_matched_phrase,3,2022-06-15,-13.699740143917534,-7.083336653742074,0.18935046775662245,10.0,160
rules_matched_phrase,3,2022-07-27,4.5606452138252935,2.775942878267206,0.18935046775662245,10.0,160
rules_matched_phrase,4,2022-09-21,-3.123121624458076,-2.2263127207833016,0.2015090260681015,1.0,180
rules_matched_phrase,4,2022-11-02,2.141846783781161,-1.3267300763209144,0.2015090260681015,1.0,180
rules_matched_phrase,4,2022-12-14,5.959509500415285,2.659604521879365,0.2015090260681015,1.0,180
rules_matched_phrase,4,2023-02-01,0.5603333960978099,0.8724483431249777,0.2015090260681015,1.0,180
rules_matched_phrase,4,2023-03-22,-4.154840232256172,-3.531013801864323,0.2015090260681015,1.0,180
rules_matched_phrase,4,2023-05-03,5.699375758648258,1.1939323457750857,0.2015090260681015,1.0,180
rules_matched_phrase,4,2023-06-14,5.889948712230954,2.9583448441727573,0.2015090260681015,1.0,180
rules_matched_phrase,4,2023-07-26,4.07910484222804,4.865042147351897,0.2015090260681015,1.0,180
rules_matched_phrase,4,2023-09-20,-2.510480027394532,-4.15505799178644,0.2015090260681015,1.0,180
rules_matched_phrase,4,2023-11-01,-5.495134755579267,-2.5226392592719136,0.2015090260681015,1.0,180
rules_matched_phrase,4,2023-12-13,8.686429894080893,4.852443308595326,0.2015090260681015,1.0,180
rules_matched_phrase,4,2024-01-31,4.584920775478529,1.065424190458065,0.2015090260681015,1.0,180
rules_matched_phrase,4,2024-03-20,6.08026966849793,4.142285130305014,0.2015090260681015,1.0,180
rules_matched_phrase,4,2024-05-01,-2.0975993383718774,-0.6090125947766599,0.2015090260681015,1.0,180
rules_matched_phrase,4,2024-06-12,6.600216719359186,1.890861743370999,0.2015090260681015,1.0,180
rules_matched_phrase,4,2024-07-31,0.7811143800044489,2.6438559734336513,0.2015090260681015,1.0,180
rules_matched_phrase,4,2024-09-18,1.986370451756156,-0.486991915952238,0.2015090260681015,1.0,180
rules_matched_phrase,4,2024-11-07,2.88590711244725,1.025925905489181,0.2015090260681015,1.0,180
rules_matched_phrase,4,2024-12-18,1.6764478326123111,3.3880310163667047,0.2015090260681015,1.0,180
flash_five,0,2012-09-13,4.147450967538998,5.194398359081624,-0.4218726393823675,1.0,100
flash_five,0,2012-10-24,-1.8087405866715045,-1.8532638042993361,-0.4218726393823675,1.0,100
flash_five,0,2012-12-12,0.693247119679608,2.501339121141632,-0.4218726393823675,1.0,100
flash_five,0,2013-01-30,4.897420849383952,3.226515198093262,-0.4218726393823675,1.0,100
flash_five,0,2013-03-20,3.283794112411657,3.540087210805225,-0.4218726393823675,1.0,100
flash_five,0,2013-05-01,2.214334270267945,6.3347551666373345,-0.4218726393823675,1.0,100
flash_five,0,2013-06-19,3.497850991557289,1.8774127723675158,-0.4218726393823675,1.0,100
flash_five,0,2013-07-31,3.403797372937347,5.663629090551343,-0.4218726393823675,1.0,100
flash_five,0,2013-09-18,0.7016781675537338,2.9079854597515493,-0.4218726393823675,1.0,100
flash_five,0,2013-10-30,2.0983480659221287,4.271489149563879,-0.4218726393823675,1.0,100
flash_five,0,2013-12-18,1.3088052414116813,1.5092476768115024,-0.4218726393823675,1.0,100
flash_five,0,2014-01-29,-1.6196492447493254,3.4491510040545212,-0.4218726393823675,1.0,100
flash_five,0,2014-03-19,4.659764431872369,4.748292262400887,-0.4218726393823675,1.0,100
flash_five,0,2014-04-30,0.4643209247974914,2.252283978898798,-0.4218726393823675,1.0,100
flash_five,0,2014-06-18,2.817239244581513,4.811292140660256,-0.4218726393823675,1.0,100
flash_five,0,2014-07-30,1.1143746687027474,1.5831230768981506,-0.4218726393823675,1.0,100
flash_five,0,2014-09-17,0.7111485520475009,3.9286015307146918,-0.4218726393823675,1.0,100
flash_five,0,2014-10-29,-2.015608300437618,-6.612795659470877,-0.4218726393823675,1.0,100
flash_five,0,2014-12-17,0.3690882909146709,-0.3785741791706623,-0.4218726393823675,1.0,100
flash_five,0,2015-01-28,2.1720897844649967,3.3152836201062756,-0.4218726393823675,1.0,100
flash_five,1,2015-03-18,3.871320249734808,3.203573131495396,-0.07563757511707982,1.0,120
flash_five,1,2015-04-29,0.447670992052476,5.640466037575386,-0.07563757511707982,1.0,120
flash_five,1,2015-06-17,-1.069858358732327,-1.3083409607612764,-0.07563757511707982,1.0,120
flash_five,1,2015-07-29,-1.5739010395397623,-1.496674829865229,-0.07563757511707982,1.0,120
flash_five,1,2015-09-17,-6.387830963796006,-11.574129127078146,-0.07563757511707982,1.0,120
flash_five,1,2015-10-28,3.988334850095657,3.7086530956120294,-0.07563757511707982,1.0,120
flash_five,1,2015-12-16,-3.327414520012711,-2.2866692079717565,-0.07563757511707982,1.0,120
flash_five,1,2016-01-27,-9.931327885658122,-9.158068542009453,-0.07563757511707982,1.0,120
flash_five,1,2016-03-16,7.007961494316888,0.2978793405182531,-0.07563757511707982,1.0,120
flash_five,1,2016-04-27,2.944072705064431,5.568965849710908,-0.07563757511707982,1.0,120
flash_five,1,2016-06-15,-0.7709206574630787,-4.82343860894234,-0.07563757511707982,1.0,120
flash_five,1,2016-07-27,4.575346974336438,5.572227804253588,-0.07563757511707982,1.0,120
flash_five,1,2016-09-21,-1.2755339201119922,-0.320931502497401,-0.07563757511707982,1.0,120
flash_five,1,2016-11-02,-1.7238891576578637,0.3436733220053877,-0.07563757511707982,1.0,120
flash_five,1,2016-12-14,7.306287475952709,5.913798949187555,-0.07563757511707982,1.0,120
flash_five,1,2017-02-01,1.2183113636091982,3.1898888879435887,-0.07563757511707982,1.0,120
flash_five,1,2017-03-15,4.037493053839,5.821505831769227,-0.07563757511707982,1.0,120
flash_five,1,2017-05-03,0.1286272480935817,3.2212946066993076,-0.07563757511707982,1.0,120
flash_five,1,2017-06-14,1.7129568976469982,4.942052964195671,-0.07563757511707982,1.0,120
flash_five,1,2017-07-26,1.303649245137666,5.638947053986479,-0.07563757511707982,1.0,120
flash_five,2,2017-09-20,1.045437308922156,3.7142874652449773,0.024320335948988615,1.0,140
flash_five,2,2017-11-01,2.542518266888066,3.798439645289691,0.024320335948988615,1.0,140
flash_five,2,2017-12-13,3.078101192447663,1.9758229578903228,0.024320335948988615,1.0,140
flash_five,2,2018-01-31,6.915982014215695,3.8639726314948932,0.024320335948988615,1.0,140
flash_five,2,2018-03-21,-4.006154087160307,-8.339662417610928,0.024320335948988615,1.0,140
flash_five,2,2018-05-02,-2.3836994817686152,-2.8235277672950696,0.024320335948988615,1.0,140
flash_five,2,2018-06-13,5.403270402062789,0.7719170206440727,0.024320335948988615,1.0,140
flash_five,2,2018-08-01,0.9669886360312694,2.159876742552789,0.024320335948988615,1.0,140
flash_five,2,2018-09-26,3.698834296819177,1.394833158970124,0.024320335948988615,1.0,140
flash_five,2,2018-11-08,-5.3186480615671545,-12.157106237599775,0.024320335948988615,1.0,140
flash_five,2,2018-12-19,-9.755585003680713,-9.294823974644414,0.024320335948988615,1.0,140
flash_five,2,2019-01-30,5.316537695118171,-0.6923018453629933,0.024320335948988615,1.0,140
flash_five,2,2019-03-20,5.51064939290678,3.8475720653718155,0.024320335948988615,1.0,140
flash_five,2,2019-05-01,4.1203918675806905,3.72862442151883,0.024320335948988615,1.0,140
flash_five,2,2019-06-19,-1.1717909965107598,-4.408736338252189,0.024320335948988615,1.0,140
flash_five,2,2019-07-31,3.1784474067446498,4.262451619771072,0.024320335948988615,1.0,140
flash_five,2,2019-09-18,0.5881274486939683,-0.3605361105556887,0.024320335948988615,1.0,140
flash_five,2,2019-10-30,1.0813579047620778,-0.7378201021776548,0.024320335948988615,1.0,140
flash_five,2,2019-12-11,2.8853315366182137,2.489557334536227,0.024320335948988615,1.0,140
flash_five,2,2020-01-29,3.1951300690773548,5.454956972222618,0.024320335948988615,1.0,140
flash_five,3,2020-03-15,-18.85042152111308,-6.004105962333858,0.18935046775662245,1.0,160
flash_five,3,2020-04-29,5.993741521585829,4.004218494879183,0.18935046775662245,1.0,160
flash_five,3,2020-06-10,9.497886434720218,3.0857984464150348,0.18935046775662245,1.0,160
flash_five,3,2020-07-29,1.532641801715117,-1.5376518505795447,0.18935046775662245,1.0,160
flash_five,3,2020-09-16,3.7673974984621967,4.545307325454767,0.18935046775662245,1.0,160
flash_five,3,2020-11-05,-0.4835220233953767,2.6591484770658234,0.18935046775662245,1.0,160
flash_five,3,2020-12-16,3.8295036650811793,4.399893625014782,0.18935046775662245,1.0,160
flash_five,3,2021-01-27,4.081545095977345,4.379336880018294,0.18935046775662245,1.0,160
flash_five,3,2021-03-17,5.653788432070234,3.063933854028955,0.18935046775662245,1.0,160
flash_five,3,2021-04-28,5.232921200410009,5.204351368101003,0.18935046775662245,1.0,160
flash_five,3,2021-06-16,1.705822622535559,3.8709502671825815,0.18935046775662245,1.0,160
flash_five,3,2021-07-28,4.594831117734585,-1.4886726935110832,0.18935046775662245,1.0,160
flash_five,3,2021-09-22,-0.9798740864189576,0.2786605642997616,0.18935046775662245,1.0,160
flash_five,3,2021-11-03,4.841044714237897,3.8253990330449152,0.18935046775662245,1.0,160
flash_five,3,2021-12-15,0.1800816087393918,0.10275306738676346,0.18935046775662245,1.0,160
flash_five,3,2022-01-26,-6.575194021193179,-4.300316003670947,0.18935046775662245,1.0,160
flash_five,3,2022-03-16,-4.149826499416187,-5.909100771312896,0.18935046775662245,1.0,160
flash_five,3,2022-05-04,-4.757722780441859,-4.520176627108748,0.18935046775662245,1.0,160
flash_five,3,2022-06-15,-13.699740143917534,-8.244990561638183,0.18935046775662245,1.0,160
flash_five,3,2022-07-27,4.5606452138252935,4.294565010615941,0.18935046775662245,1.0,160
flash_five,4,2022-09-21,-3.123121624458076,-3.770911755521379,0.2015090260681015,1.0,180
flash_five,4,2022-11-02,2.141846783781161,-0.3523694600408146,0.2015090260681015,1.0,180
flash_five,4,2022-12-14,5.959509500415285,3.4887660047795244,0.2015090260681015,1.0,180
flash_five,4,2023-02-01,0.5603333960978099,0.8398338157683177,0.2015090260681015,1.0,180
flash_five,4,2023-03-22,-4.154840232256172,0.13965510222979374,0.2015090260681015,1.0,180
flash_five,4,2023-05-03,5.699375758648258,2.653691065346728,0.2015090260681015,1.0,180
flash_five,4,2023-06-14,5.889948712230954,4.049248902173318,0.2015090260681015,1.0,180
flash_five,4,2023-07-26,4.07910484222804,4.546435437592543,0.2015090260681015,1.0,180
flash_five,4,2023-09-20,-2.510480027394532,-6.455741691909532,0.2015090260681015,1.0,180
flash_five,4,2023-11-01,-5.495134755579267,-7.240335188954191,0.2015090260681015,1.0,180
flash_five,4,2023-12-13,8.686429894080893,4.540305229516747,0.2015090260681015,1.0,180
flash_five,4,2024-01-31,4.584920775478529,3.1145496332197236,0.2015090260681015,1.0,180
flash_five,4,2024-03-20,6.08026966849793,4.49108193765666,0.2015090260681015,1.0,180
flash_five,4,2024-05-01,-2.0975993383718774,-2.0577143408499627,0.2015090260681015,1.0,180
flash_five,4,2024-06-12,6.600216719359186,2.395666510145488,0.2015090260681015,1.0,180
flash_five,4,2024-07-31,0.7811143800044489,3.0953643609310384,0.2015090260681015,1.0,180
flash_five,4,2024-09-18,1.986370451756156,2.956151893506821,0.2015090260681015,1.0,180
flash_five,4,2024-11-07,2.88590711244725,2.405168332662972,0.2015090260681015,1.0,180
flash_five,4,2024-12-18,1.6764478326123111,3.661060421156798,0.2015090260681015,1.0,180
gemini,0,2012-09-13,4.147450967538998,3.012896964761589,-0.4218726393823675,1.0,100
gemini,0,2012-10-24,-1.8087405866715045,0.3252261292482851,-0.4218726393823675,1.0,100
gemini,0,2012-12-12,0.693247119679608,-0.07543206107972383,-0.4218726393823675,1.0,100
gemini,0,2013-01-30,4.897420849383952,4.917633717327714,-0.4218726393823675,1.0,100
gemini,0,2013-03-20,3.283794112411657,2.648986394750691,-0.4218726393823675,1.0,100
gemini,0,2013-05-01,2.214334270267945,1.655609614232458,-0.4218726393823675,1.0,100
gemini,0,2013-06-19,3.497850991557289,0.9785545313023245,-0.4218726393823675,1.0,100
gemini,0,2013-07-31,3.403797372937347,1.7893350865299817,-0.4218726393823675,1.0,100
gemini,0,2013-09-18,0.7016781675537338,0.5710564082129304,-0.4218726393823675,1.0,100
gemini,0,2013-10-30,2.0983480659221287,1.6694505509885347,-0.4218726393823675,1.0,100
gemini,0,2013-12-18,1.3088052414116813,2.110286343132266,-0.4218726393823675,1.0,100
gemini,0,2014-01-29,-1.6196492447493254,2.905306123375811,-0.4218726393823675,1.0,100
gemini,0,2014-03-19,4.659764431872369,2.047953057239608,-0.4218726393823675,1.0,100
gemini,0,2014-04-30,0.4643209247974914,1.316999551084689,-0.4218726393823675,1.0,100
gemini,0,2014-06-18,2.817239244581513,4.481876601432491,-0.4218726393823675,1.0,100
gemini,0,2014-07-30,1.1143746687027474,1.4988351841535918,-0.4218726393823675,1.0,100
gemini,0,2014-09-17,0.7111485520475009,2.084523888595379,-0.4218726393823675,1.0,100
gemini,0,2014-10-29,-2.015608300437618,-0.23521010054536462,-0.4218726393823675,1.0,100
gemini,0,2014-12-17,0.3690882909146709,-1.3146543242629725,-0.4218726393823675,1.0,100
gemini,0,2015-01-28,2.1720897844649967,2.545109769969806,-0.4218726393823675,1.0,100
gemini,1,2015-03-18,3.871320249734808,3.5977603387508834,-0.07563757511707982,1.0,120
gemini,1,2015-04-29,0.447670992052476,3.546104918404185,-0.07563757511707982,1.0,120
gemini,1,2015-06-17,-1.069858358732327,-1.5168569872657722,-0.07563757511707982,1.0,120
gemini,1,2015-07-29,-1.5739010395397623,0.4942429502497899,-0.07563757511707982,1.0,120
gemini,1,2015-09-17,-6.387830963796006,-1.9785816367490854,-0.07563757511707982,1.0,120
gemini,1,2015-10-28,3.988334850095657,2.020828954304269,-0.07563757511707982,1.0,120
gemini,1,2015-12-16,-3.327414520012711,-8.829114920684654,-0.07563757511707982,1.0,120
gemini,1,2016-01-27,-9.931327885658122,-4.659596419278483,-0.07563757511707982,1.0,120
gemini,1,2016-03-16,7.007961494316888,2.0010227089549453,-0.07563757511707982,1.0,120
gemini,1,2016-04-27,2.944072705064431,4.454953538185854,-0.07563757511707982,1.0,120
gemini,1,2016-06-15,-0.7709206574630787,-1.5665535244805133,-0.07563757511707982,1.0,120
gemini,1,2016-07-27,4.575346974336438,0.8610303621821118,-0.07563757511707982,1.0,120
gemini,1,2016-09-21,-1.2755339201119922,1.7049568336706047,-0.07563757511707982,1.0,120
gemini,1,2016-11-02,-1.7238891576578637,1.8397308277517948,-0.07563757511707982,1.0,120
gemini,1,2016-12-14,7.306287475952709,1.8296261995379943,-0.07563757511707982,1.0,120
gemini,1,2017-02-01,1.2183113636091982,2.9357178339491763,-0.07563757511707982,1.0,120
gemini,1,2017-03-15,4.037493053839,2.7034779750070816,-0.07563757511707982,1.0,120
gemini,1,2017-05-03,0.1286272480935817,1.4255019239533082,-0.07563757511707982,1.0,120
gemini,1,2017-06-14,1.7129568976469982,2.7510823471303154,-0.07563757511707982,1.0,120
gemini,1,2017-07-26,1.303649245137666,2.676727129668416,-0.07563757511707982,1.0,120
gemini,2,2017-09-20,1.045437308922156,1.5895436892619836,0.024320335948988615,1.0,140
gemini,2,2017-11-01,2.542518266888066,3.0106949285484816,0.024320335948988615,1.0,140
gemini,2,2017-12-13,3.078101192447663,2.7633815523299723,0.024320335948988615,1.0,140
gemini,2,2018-01-31,6.915982014215695,2.4851816559529936,0.024320335948988615,1.0,140
gemini,2,2018-03-21,-4.006154087160307,-3.728771180140235,0.024320335948988615,1.0,140
gemini,2,2018-05-02,-2.3836994817686152,-0.45478307811761554,0.024320335948988615,1.0,140
gemini,2,2018-06-13,5.403270402062789,1.19702463776835,0.024320335948988615,1.0,140
gemini,2,2018-08-01,0.9669886360312694,-1.18582065803179,0.024320335948988615,1.0,140
gemini,2,2018-09-26,3.698834296819177,1.775616455042631,0.024320335948988615,1.0,140
gemini,2,2018-11-08,-5.3186480615671545,-4.1592417645094555,0.024320335948988615,1.0,140
gemini,2,2018-12-19,-9.755585003680713,-4.178965272453745,0.024320335948988615,1.0,140
gemini,2,2019-01-30,5.316537695118171,-0.24939685467122236,0.024320335948988615,1.0,140
gemini,2,2019-03-20,5.51064939290678,2.407768624840167,0.024320335948988615,1.0,140
gemini,2,2019-05-01,4.1203918675806905,3.421092486271635,0.024320335948988615,1.0,140
gemini,2,2019-06-19,-1.1717909965107598,-3.3662944906430567,0.024320335948988615,1.0,140
gemini,2,2019-07-31,3.1784474067446498,2.2515104566973685,0.024320335948988615,1.0,140
gemini,2,2019-09-18,0.5881274486939683,-0.15372379958567955,0.024320335948988615,1.0,140
gemini,2,2019-10-30,1.0813579047620778,1.508995717259483,0.024320335948988615,1.0,140
gemini,2,2019-12-11,2.8853315366182137,2.3927994113559143,0.024320335948988615,1.0,140
gemini,2,2020-01-29,3.1951300690773548,1.2744173229192095,0.024320335948988615,1.0,140
gemini,3,2020-03-15,-18.85042152111308,-9.779309089636715,0.18935046775662245,1.0,160
gemini,3,2020-04-29,5.993741521585829,2.1262347232185164,0.18935046775662245,1.0,160
gemini,3,2020-06-10,9.497886434720218,4.692823445201678,0.18935046775662245,1.0,160
gemini,3,2020-07-29,1.532641801715117,-0.8953561460041384,0.18935046775662245,1.0,160
gemini,3,2020-09-16,3.7673974984621967,4.117812358867879,0.18935046775662245,1.0,160
gemini,3,2020-11-05,-0.4835220233953767,1.3628477395372587,0.18935046775662245,1.0,160
gemini,3,2020-12-16,3.8295036650811793,3.792293710692309,0.18935046775662245,1.0,160
gemini,3,2021-01-27,4.081545095977345,4.339014939579705,0.18935046775662245,1.0,160
gemini,3,2021-03-17,5.653788432070234,4.161570692943527,0.18935046775662245,1.0,160
gemini,3,2021-04-28,5.232921200410009,1.239980192489323,0.18935046775662245,1.0,160
gemini,3,2021-06-16,1.705822622535559,2.753407452449792,0.18935046775662245,1.0,160
gemini,3,2021-07-28,4.594831117734585,-1.783468742769199,0.18935046775662245,1.0,160
gemini,3,2021-09-22,-0.9798740864189576,-0.9738681551634705,0.18935046775662245,1.0,160
gemini,3,2021-11-03,4.841044714237897,2.6852725987557764,0.18935046775662245,1.0,160
gemini,3,2021-12-15,0.1800816087393918,-2.2350324776887476,0.18935046775662245,1.0,160
gemini,3,2022-01-26,-6.575194021193179,-3.613719165749145,0.18935046775662245,1.0,160
gemini,3,2022-03-16,-4.149826499416187,-3.3610518851800166,0.18935046775662245,1.0,160
gemini,3,2022-05-04,-4.757722780441859,0.09509773271041924,0.18935046775662245,1.0,160
gemini,3,2022-06-15,-13.699740143917534,-4.823310101323001,0.18935046775662245,1.0,160
gemini,3,2022-07-27,4.5606452138252935,0.9678494918262637,0.18935046775662245,1.0,160
gemini,4,2022-09-21,-3.123121624458076,-2.522209613394011,0.2015090260681015,1.0,180
gemini,4,2022-11-02,2.141846783781161,0.029490049011659525,0.2015090260681015,1.0,180
gemini,4,2022-12-14,5.959509500415285,3.601650919149417,0.2015090260681015,1.0,180
gemini,4,2023-02-01,0.5603333960978099,0.8975374432795477,0.2015090260681015,1.0,180
gemini,4,2023-03-22,-4.154840232256172,-1.944115548383826,0.2015090260681015,1.0,180
gemini,4,2023-05-03,5.699375758648258,1.2984672003313036,0.2015090260681015,1.0,180
gemini,4,2023-06-14,5.889948712230954,3.025115779116353,0.2015090260681015,1.0,180
gemini,4,2023-07-26,4.07910484222804,3.6827753537348884,0.2015090260681015,1.0,180
gemini,4,2023-09-20,-2.510480027394532,-1.0665081807398946,0.2015090260681015,1.0,180
gemini,4,2023-11-01,-5.495134755579267,-3.0262658498492687,0.2015090260681015,1.0,180
gemini,4,2023-12-13,8.686429894080893,2.7494208224730845,0.2015090260681015,1.0,180
gemini,4,2024-01-31,4.584920775478529,3.060687006362816,0.2015090260681015,1.0,180
gemini,4,2024-03-20,6.08026966849793,2.1100969288732547,0.2015090260681015,1.0,180
gemini,4,2024-05-01,-2.0975993383718774,-1.5941666253623625,0.2015090260681015,1.0,180
gemini,4,2024-06-12,6.600216719359186,2.439993580879622,0.2015090260681015,1.0,180
gemini,4,2024-07-31,0.7811143800044489,0.24168921483720748,0.2015090260681015,1.0,180
gemini,4,2024-09-18,1.986370451756156,-1.6670204670462634,0.2015090260681015,1.0,180
gemini,4,2024-11-07,2.88590711244725,4.386091331074752,0.2015090260681015,1.0,180
gemini,4,2024-12-18,1.6764478326123111,3.9505946292178327,0.2015090260681015,1.0,180
tfidf,0,2012-09-13,4.147450967538998,-0.7867046133906768,-0.4218726393823675,0.0001,100
tfidf,0,2012-10-24,-1.8087405866715045,0.06820929369564677,-0.4218726393823675,0.0001,100
tfidf,0,2012-12-12,0.693247119679608,-0.4000241199866084,-0.4218726393823675,0.0001,100
tfidf,0,2013-01-30,4.897420849383952,0.05434113067904939,-0.4218726393823675,0.0001,100
tfidf,0,2013-03-20,3.283794112411657,0.9652238187004909,-0.4218726393823675,0.0001,100
tfidf,0,2013-05-01,2.214334270267945,1.7730435366987563,-0.4218726393823675,0.0001,100
tfidf,0,2013-06-19,3.497850991557289,0.23461391656069774,-0.4218726393823675,0.0001,100
tfidf,0,2013-07-31,3.403797372937347,0.3755911970878112,-0.4218726393823675,0.0001,100
tfidf,0,2013-09-18,0.7016781675537338,0.027382475493423764,-0.4218726393823675,0.0001,100
tfidf,0,2013-10-30,2.0983480659221287,0.44596716734557074,-0.4218726393823675,0.0001,100
tfidf,0,2013-12-18,1.3088052414116813,0.5104362480915237,-0.4218726393823675,0.0001,100
tfidf,0,2014-01-29,-1.6196492447493254,-0.08775265833415635,-0.4218726393823675,0.0001,100
tfidf,0,2014-03-19,4.659764431872369,-0.3680154618610141,-0.4218726393823675,0.0001,100
tfidf,0,2014-04-30,0.4643209247974914,0.5286232632826782,-0.4218726393823675,0.0001,100
tfidf,0,2014-06-18,2.817239244581513,0.27496887246646984,-0.4218726393823675,0.0001,100
tfidf,0,2014-07-30,1.1143746687027474,0.5664070080483736,-0.4218726393823675,0.0001,100
tfidf,0,2014-09-17,0.7111485520475009,0.49569646233768205,-0.4218726393823675,0.0001,100
tfidf,0,2014-10-29,-2.015608300437618,1.0937808620566896,-0.4218726393823675,0.0001,100
tfidf,0,2014-12-17,0.3690882909146709,-0.3081462658657651,-0.4218726393823675,0.0001,100
tfidf,0,2015-01-28,2.1720897844649967,1.3377229433710618,-0.4218726393823675,0.0001,100
tfidf,1,2015-03-18,3.871320249734808,1.821700017852848,-0.07563757511707982,0.0001,120
tfidf,1,2015-04-29,0.447670992052476,3.2954024277929443,-0.07563757511707982,0.0001,120
tfidf,1,2015-06-17,-1.069858358732327,0.46641196326708584,-0.07563757511707982,0.0001,120
tfidf,1,2015-07-29,-1.5739010395397623,0.8039066486898074,-0.07563757511707982,0.0001,120
tfidf,1,2015-09-17,-6.387830963796006,0.9041455283821975,-0.07563757511707982,0.0001,120
tfidf,1,2015-10-28,3.988334850095657,0.5184232153077795,-0.07563757511707982,0.0001,120
tfidf,1,2015-12-16,-3.327414520012711,-2.1965901745892076,-0.07563757511707982,0.0001,120
tfidf,1,2016-01-27,-9.931327885658122,-1.7441981352684472,-0.07563757511707982,0.0001,120
tfidf,1,2016-03-16,7.007961494316888,1.4288305713509242,-0.07563757511707982,0.0001,120
tfidf,1,2016-04-27,2.944072705064431,1.779236361034075,-0.07563757511707982,0.0001,120
tfidf,1,2016-06-15,-0.7709206574630787,0.038038146530373046,-0.07563757511707982,0.0001,120
tfidf,1,2016-07-27,4.575346974336438,0.44971990441000026,-0.07563757511707982,0.0001,120
tfidf,1,2016-09-21,-1.2755339201119922,1.4961732089691344,-0.07563757511707982,0.0001,120
tfidf,1,2016-11-02,-1.7238891576578637,1.1275106213796662,-0.07563757511707982,0.0001,120
tfidf,1,2016-12-14,7.306287475952709,0.4094819033174077,-0.07563757511707982,0.0001,120
tfidf,1,2017-02-01,1.2183113636091982,0.4667457945912062,-0.07563757511707982,0.0001,120
tfidf,1,2017-03-15,4.037493053839,1.4288088008430537,-0.07563757511707982,0.0001,120
tfidf,1,2017-05-03,0.1286272480935817,1.1177628366599301,-0.07563757511707982,0.0001,120
tfidf,1,2017-06-14,1.7129568976469982,0.8300178384696713,-0.07563757511707982,0.0001,120
tfidf,1,2017-07-26,1.303649245137666,0.05104647449964192,-0.07563757511707982,0.0001,120
tfidf,2,2017-09-20,1.045437308922156,0.024512070874496923,0.024320335948988615,10000.0,140
tfidf,2,2017-11-01,2.542518266888066,0.024443148621864634,0.024320335948988615,10000.0,140
tfidf,2,2017-12-13,3.078101192447663,0.024420435058439317,0.024320335948988615,10000.0,140
tfidf,2,2018-01-31,6.915982014215695,0.024496357003429343,0.024320335948988615,10000.0,140
tfidf,2,2018-03-21,-4.006154087160307,0.024359969901694863,0.024320335948988615,10000.0,140
tfidf,2,2018-05-02,-2.3836994817686152,0.024366967130574443,0.024320335948988615,10000.0,140
tfidf,2,2018-06-13,5.403270402062789,0.024415289542829625,0.024320335948988615,10000.0,140
tfidf,2,2018-08-01,0.9669886360312694,0.024413455836543363,0.024320335948988615,10000.0,140
tfidf,2,2018-09-26,3.698834296819177,0.024330026930895865,0.024320335948988615,10000.0,140
tfidf,2,2018-11-08,-5.3186480615671545,0.02431560389736749,0.024320335948988615,10000.0,140
tfidf,2,2018-12-19,-9.755585003680713,0.024128707911208375,0.024320335948988615,10000.0,140
tfidf,2,2019-01-30,5.316537695118171,0.024129500394313518,0.024320335948988615,10000.0,140
tfidf,2,2019-03-20,5.51064939290678,0.024443868087339365,0.024320335948988615,10000.0,140
tfidf,2,2019-05-01,4.1203918675806905,0.02439774182855067,0.024320335948988615,10000.0,140
tfidf,2,2019-06-19,-1.1717909965107598,0.02421942379188742,0.024320335948988615,10000.0,140
tfidf,2,2019-07-31,3.1784474067446498,0.02434466334952162,0.024320335948988615,10000.0,140
tfidf,2,2019-09-18,0.5881274486939683,0.024307349087402993,0.024320335948988615,10000.0,140
tfidf,2,2019-10-30,1.0813579047620778,0.024316404649983418,0.024320335948988615,10000.0,140
tfidf,2,2019-12-11,2.8853315366182137,0.02451643817983696,0.024320335948988615,10000.0,140
tfidf,2,2020-01-29,3.1951300690773548,0.024110316354801424,0.024320335948988615,10000.0,140
tfidf,3,2020-03-15,-18.85042152111308,0.19046042083297401,0.18935046775662245,10000.0,160
tfidf,3,2020-04-29,5.993741521585829,0.1901345346994207,0.18935046775662245,10000.0,160
tfidf,3,2020-06-10,9.497886434720218,0.19055765258702495,0.18935046775662245,10000.0,160
tfidf,3,2020-07-29,1.532641801715117,0.1902827202669166,0.18935046775662245,10000.0,160
tfidf,3,2020-09-16,3.7673974984621967,0.19073077143681405,0.18935046775662245,10000.0,160
tfidf,3,2020-11-05,-0.4835220233953767,0.19035292701109616,0.18935046775662245,10000.0,160
tfidf,3,2020-12-16,3.8295036650811793,0.19009138363908373,0.18935046775662245,10000.0,160
tfidf,3,2021-01-27,4.081545095977345,0.19320954412319183,0.18935046775662245,10000.0,160
tfidf,3,2021-03-17,5.653788432070234,0.19027954767035787,0.18935046775662245,10000.0,160
tfidf,3,2021-04-28,5.232921200410009,0.19018884724983712,0.18935046775662245,10000.0,160
tfidf,3,2021-06-16,1.705822622535559,0.1907046713117463,0.18935046775662245,10000.0,160
tfidf,3,2021-07-28,4.594831117734585,0.19053139380619522,0.18935046775662245,10000.0,160
tfidf,3,2021-09-22,-0.9798740864189576,0.19004978288776264,0.18935046775662245,10000.0,160
tfidf,3,2021-11-03,4.841044714237897,0.18986852991505973,0.18935046775662245,10000.0,160
tfidf,3,2021-12-15,0.1800816087393918,0.19034428062774575,0.18935046775662245,10000.0,160
tfidf,3,2022-01-26,-6.575194021193179,0.1932677351041746,0.18935046775662245,10000.0,160
tfidf,3,2022-03-16,-4.149826499416187,0.18983826325939115,0.18935046775662245,10000.0,160
tfidf,3,2022-05-04,-4.757722780441859,0.18975567558176024,0.18935046775662245,10000.0,160
tfidf,3,2022-06-15,-13.699740143917534,0.18957467010311677,0.18935046775662245,10000.0,160
tfidf,3,2022-07-27,4.5606452138252935,0.1899378265716062,0.18935046775662245,10000.0,160
tfidf,4,2022-09-21,-3.123121624458076,-1.1089703273707059,0.2015090260681015,0.0001,180
tfidf,4,2022-11-02,2.141846783781161,-1.4779936083690788,0.2015090260681015,0.0001,180
tfidf,4,2022-12-14,5.959509500415285,0.08289281984504662,0.2015090260681015,0.0001,180
tfidf,4,2023-02-01,0.5603333960978099,1.8541515607497652,0.2015090260681015,0.0001,180
tfidf,4,2023-03-22,-4.154840232256172,-3.001155750951649,0.2015090260681015,0.0001,180
tfidf,4,2023-05-03,5.699375758648258,-1.4804784888197158,0.2015090260681015,0.0001,180
tfidf,4,2023-06-14,5.889948712230954,3.3392400955405646,0.2015090260681015,0.0001,180
tfidf,4,2023-07-26,4.07910484222804,1.275379985083802,0.2015090260681015,0.0001,180
tfidf,4,2023-09-20,-2.510480027394532,-0.14290764907447032,0.2015090260681015,0.0001,180
tfidf,4,2023-11-01,-5.495134755579267,-0.10877766989450985,0.2015090260681015,0.0001,180
tfidf,4,2023-12-13,8.686429894080893,1.0489099896242136,0.2015090260681015,0.0001,180
tfidf,4,2024-01-31,4.584920775478529,3.1734933439524986,0.2015090260681015,0.0001,180
tfidf,4,2024-03-20,6.08026966849793,2.9555931739001515,0.2015090260681015,0.0001,180
tfidf,4,2024-05-01,-2.0975993383718774,-0.20354650689230033,0.2015090260681015,0.0001,180
tfidf,4,2024-06-12,6.600216719359186,1.3417542939311988,0.2015090260681015,0.0001,180
tfidf,4,2024-07-31,0.7811143800044489,2.780810789238894,0.2015090260681015,0.0001,180
tfidf,4,2024-09-18,1.986370451756156,-0.20097008259042018,0.2015090260681015,0.0001,180
tfidf,4,2024-11-07,2.88590711244725,0.24434240723688447,0.2015090260681015,0.0001,180
tfidf,4,2024-12-18,1.6764478326123111,1.9876556677050785,0.2015090260681015,0.0001,180
