model,n,mse,rmse,mae,oos_r2,gain_vs_whole_rules_pct
flash_five,99,12.675528820868672,3.5602708915009083,2.5689751241433,0.49021432702375756,24.60063382510963
flash_two_counts,99,13.411488955870716,3.6621699791067477,2.6480341826776814,0.460615409455284,20.22283401152063
flash_two_plus_volume,99,13.377138589149508,3.657477079784576,2.6349591944142032,0.4619969159047129,20.427164411873633
gemini,99,12.402822272135657,3.5217640852470025,2.5512198307683804,0.5011820659982458,26.222806849745783
gemini_plus_volume,99,12.656425503006924,3.557587033792276,2.5762471757883674,0.4909826261527215,24.714268378663075
length_volume_only,99,24.868729223338416,4.986855644926813,3.7763169078633445,-0.00017301387151902325,-47.92964045236481
rules_matched_four_votes,99,16.701796115986372,4.086783101167271,2.982372167081469,0.3282855103542256,0.6507058660676579
rules_matched_phrase,99,17.37340548829915,4.1681417308315165,3.032258471641396,0.30127465813021903,-3.344308598822243
rules_matched_plus_volume,99,16.6630193530163,4.0820361773282094,2.952606418874979,0.329845038046198,0.8813663293568808
rules_matched_quadratic,99,18.320535626641245,4.2802494818224375,3.0015555961902347,0.2631828844618982,-8.97823623413776
rules_matched_two_votes,99,17.157557747847573,4.142168242339702,3.0095285529512403,0.3099556439243065,-2.060355633204236
rules_two_votes_plus_volume,99,16.631428337205545,4.07816482467366,2.960611613855116,0.33111556864753866,1.0692829522144898
rules_whole_linear,99,16.811187499199296,4.100144814418059,2.90702738257958,0.32388599687458364,0.0
rules_whole_quadratic,99,15.47462569164425,3.9337800766748834,2.816551805453102,0.3776399719684683,7.9504306737326225
tfidf,99,21.276416381449152,4.612636597592439,3.3570591455583627,0.14430297963722483,-26.5610557401881
