meeting_date,state_return,document_sentence_count
2000-03-21,2.074427722981986,256
2000-05-16,-6.254951176887555,251
2000-06-28,-0.1064859575942203,277
2000-08-22,2.543395436619984,250
2000-10-03,-5.333648288792752,232
2000-11-15,-6.638210125536241,270
2000-12-19,-4.962951532967773,278
2001-01-31,6.989675723328113,541
2001-03-20,-18.27334022861541,284
2001-05-15,9.898299143006724,285
2001-06-27,-5.690280091884218,304
2001-08-21,-5.856207935460794,332
2001-10-02,-11.579993127381837,273
2001-11-06,1.206510262721597,266
2001-12-11,3.589166740097113,287
2002-01-30,-0.5671791205736922,524
2002-03-19,2.926785141146924,266
2002-05-07,-7.259927770569547,252
2002-06-26,-9.46374639136539,260
2002-08-13,-8.836372829260071,244
2002-09-24,-8.58169602377183,538
2002-11-06,7.691217605153048,281
2002-12-10,0.9601629889518006,235
2003-01-29,-6.713959451182242,495
2003-03-18,-1.4872753093143178,249
2003-05-06,6.080040065299864,261
2003-06-25,5.315957590122908,294
2003-08-12,-0.944772651253548,246
2003-09-16,3.3774490783638127,256
2003-10-28,0.1928579914555515,249
2003-12-09,1.1751372153167403,590
2004-01-28,8.59113708512642,1194
2004-03-16,-1.310600124988556,257
2004-05-04,-1.5877601889314354,294
2004-06-30,0.878640015938353,308
2004-08-10,-6.060634920414259,247
2004-09-21,4.630712156890523,285
2004-11-10,4.277209798143083,269
2004-12-14,1.059076985900974,258
2005-02-02,-2.341428556667537,869
2005-03-22,-0.3289023093316593,289
2005-05-03,-1.627969333419136,597
2005-06-30,1.7433399844816218,615
2005-08-09,2.330775942229528,239
2005-09-20,0.3641995118060551,246
2005-11-01,-1.3450064258029577,252
2005-12-13,3.212394212897209,517
2006-01-31,0.3668762496898906,472
2006-03-28,0.9604687787703786,292
2006-05-10,1.1514751664407423,294
2006-06-29,-5.855827452473371,269
2006-08-08,0.2440511389204836,262
2006-09-20,3.73285075797891,267
2006-10-25,3.9529958832096064,301
2006-12-12,0.9024786701656232,286
2007-01-31,-0.1107907199128084,536
2007-03-21,-3.711565963782148,310
2007-05-09,4.479066203314007,287
2007-06-28,-0.5048133144935549,297
2007-08-07,-5.249251663511329,292
2007-09-18,-1.297828717597052,358
2007-10-31,0.3568465582405148,341
2007-12-11,-0.5676837479609462,355
2008-01-30,-9.723324658604156,636
2008-03-18,-7.007423012393304,379
2008-04-30,7.139878364396583,410
2008-06-25,-6.962051223458363,1615
2008-08-05,-1.958289077205328,316
2008-09-16,-3.1228613460654087,308
2008-10-29,-30.985565268469973,462
2008-12-16,-8.132340859388137,432
2009-01-28,-7.807583363484524,683
2009-03-18,-11.459686101313434,404
2009-04-29,8.938890727207495,380
2009-06-24,2.266202431628072,449
2009-08-12,8.994248685840617,404
2009-09-23,4.98498197376516,405
2009-11-04,-0.7633276328603504,403
2009-12-16,4.349981838641521,455
2010-01-27,0.0572866468981563,652
2010-03-16,5.846623234938662,353
2010-04-28,3.838134286172397,396
2010-06-23,-8.092293539021016,444
2010-08-10,4.3505842162620425,396
2010-09-21,3.2463582866427245,345
2010-11-03,4.306827403773668,389
2010-12-14,1.5570984326386956,377
2011-01-26,4.387763375504524,653
2011-03-15,0.3491331910946621,369
2011-04-27,6.040520754120623,402
2011-06-22,-6.232185483729405,408
2011-08-09,-6.782682537489745,386
2011-09-21,7.169964812441285,437
2011-11-02,10.393318472678304,424
2011-12-13,-0.4750994891358934,424
2012-01-25,8.245159765122983,660
2012-03-13,3.890412688147135,344
2012-04-25,-1.989500199823573,373
2012-06-20,-4.035855121761888,438
2012-08-01,4.401757106618393,376
2012-09-13,4.889386111246848,415
2012-10-24,-2.214573547712846,379
2012-12-12,0.3816906455956319,403
2013-01-30,5.52312983048044,677
2013-03-20,3.5282324697286342,388
2013-05-01,3.03919592179801,353
2013-06-19,2.555798472708714,413
2013-07-31,5.932327679094761,366
2013-09-18,-0.5490488995725852,369
2013-10-30,2.278539508167516,373
2013-12-18,1.6851950420826414,400
2014-01-29,-1.5674398932992968,712
2014-03-19,3.533096814907931,397
2014-04-30,-0.141881172800043,372
2014-06-18,2.8271363650504746,417
2014-07-30,0.9838844644308352,406
2014-09-17,2.727560945652685,428
2014-10-29,-2.505251234306585,440
2014-12-17,-0.2548556929012915,391
2015-01-28,-0.2041768626186403,857
2015-03-18,2.9198479959632526,422
2015-04-29,0.9332960299921064,414
2015-06-17,-0.0539798922692998,433
2015-07-29,-2.5614380312419707,442
2015-09-17,-6.398507299645421,423
2015-10-28,5.617495236249391,450
2015-12-16,-3.302400414906358,422
2016-01-27,-8.439700515612575,801
2016-03-16,6.417252408444,422
2016-04-27,2.260498155543345,465
2016-06-15,0.1222627909513048,445
2016-07-27,4.23185664561935,538
2016-09-21,-1.4803900600906414,566
2016-11-02,-2.404315230048286,480
2016-12-14,7.699389600131472,478
2017-02-01,0.766619382732642,767
2017-03-15,3.918162323003221,479
2017-05-03,0.1927092668246962,457
2017-06-14,1.5564240385273835,480
2017-07-26,1.417996232649504,411
2017-09-20,0.9944146118107968,449
2017-11-01,2.7340856247888965,422
2017-12-13,2.9260790182207024,405
2018-01-31,7.148911655702096,756
2018-03-21,-4.1445720726304085,401
2018-05-02,-0.0218536416260347,446
2018-06-13,5.428358892467418,393
2018-08-01,0.4763710453831742,469
2018-09-26,2.9069004200691184,421
2018-11-08,-5.840717554989847,460
2018-12-19,-9.076083946390025,473
2019-01-30,6.65247519930154,850
2019-03-20,4.353035321394501,481
2019-05-01,2.786040220264391,503
2019-06-19,-1.250213439072959,451
2019-07-31,2.011188830104515,531
2019-09-18,1.2473197240470009,538
2019-10-30,0.8963428400446505,603
2019-12-11,3.023718257214977,484
2020-01-29,2.1485559840748008,807
2020-03-15,-19.30679872098346,558
2020-04-29,18.74563559498336,517
2020-06-10,10.409357713788122,525
2020-07-29,7.589732604042245,513
2020-09-16,4.129646562312915,542
2020-11-05,0.3483962171310573,509
2020-12-16,3.849102256140097,482
2021-01-27,3.4979670186014724,807
2021-03-17,4.676882796618454,489
2021-04-28,6.717611257885417,501
2021-06-16,1.0294124912812683,535
2021-07-28,4.633031545878721,538
2021-09-22,-1.4071350286967688,481
2021-11-03,3.629686853369575,460
2021-12-15,-0.2430410169318006,515
2022-01-26,-5.707921584406794,829
2022-03-16,-3.651437450153861,477
2022-05-04,-6.071100198893482,467
2022-06-15,-10.185909178114285,452
2022-07-27,7.656593909553768,488
2022-09-21,-4.728850791825261,473
2022-11-02,2.605464816532983,497
2022-12-14,6.577045295685347,482
2023-02-01,2.5257798164174163,1180
2023-03-22,-6.204536146166191,483
2023-05-03,4.881469132982449,512
2023-06-14,6.063975282786163,455
2023-07-26,2.3126105893465296,448
2023-09-20,-2.635491551002436,445
2023-11-01,-4.411522180090532,454
2023-12-13,6.255803319654673,428
2024-01-31,3.6615937297733945,308
2024-03-20,4.178257495449124,479
2024-05-01,-2.980468016904972,458
2024-06-12,5.130250058983746,440
2024-07-31,-0.1107106366835336,457
2024-09-18,2.7356950767003108,426
2024-11-07,0.6219968059305512,471
2024-12-18,0.8467408795732383,460
